[
{
  "model": "admin.logentry",
  "pk": 1,
  "fields": {
    "action_time": "2025-05-24T11:19:24.230Z",
    "user": 1,
    "content_type": 10,
    "object_id": "1",
    "object_repr": "Pendiente",
    "action_flag": 1,
    "change_message": "[{\"added\": {}}]"
  }
},
{
  "model": "admin.logentry",
  "pk": 2,
  "fields": {
    "action_time": "2025-05-24T11:19:39.381Z",
    "user": 1,
    "content_type": 10,
    "object_id": "2",
    "object_repr": "Confirmada",
    "action_flag": 1,
    "change_message": "[{\"added\": {}}]"
  }
},
{
  "model": "admin.logentry",
  "pk": 3,
  "fields": {
    "action_time": "2025-05-24T11:21:07.232Z",
    "user": 1,
    "content_type": 10,
    "object_id": "3",
    "object_repr": "En Producción",
    "action_flag": 1,
    "change_message": "[{\"added\": {}}]"
  }
},
{
  "model": "admin.logentry",
  "pk": 4,
  "fields": {
    "action_time": "2025-05-24T11:21:15.342Z",
    "user": 1,
    "content_type": 10,
    "object_id": "4",
    "object_repr": "Lista para Entrega",
    "action_flag": 1,
    "change_message": "[{\"added\": {}}]"
  }
},
{
  "model": "admin.logentry",
  "pk": 5,
  "fields": {
    "action_time": "2025-05-24T11:21:21.508Z",
    "user": 1,
    "content_type": 10,
    "object_id": "5",
    "object_repr": "Completada",
    "action_flag": 1,
    "change_message": "[{\"added\": {}}]"
  }
},
{
  "model": "admin.logentry",
  "pk": 6,
  "fields": {
    "action_time": "2025-05-24T11:21:28.080Z",
    "user": 1,
    "content_type": 10,
    "object_id": "6",
    "object_repr": "Cancelada",
    "action_flag": 1,
    "change_message": "[{\"added\": {}}]"
  }
},
{
  "model": "admin.logentry",
  "pk": 7,
  "fields": {
    "action_time": "2025-05-24T11:21:47.169Z",
    "user": 1,
    "content_type": 22,
    "object_id": "1",
    "object_repr": "1 x Módulo LED, OSCONIQ S 5050 Series, Board + LED, Horti Blanco, 253 lm para Lámpara LED Estándar",
    "action_flag": 1,
    "change_message": "[{\"added\": {}}]"
  }
},
{
  "model": "admin.logentry",
  "pk": 8,
  "fields": {
    "action_time": "2025-05-24T11:36:56.890Z",
    "user": 1,
    "content_type": 22,
    "object_id": "1",
    "object_repr": "1 x Módulo LED, OSCONIQ S 5050 Series, Board + LED, Horti Blanco, 253 lm para Lámpara LED Estándar",
    "action_flag": 3,
    "change_message": ""
  }
},
{
  "model": "admin.logentry",
  "pk": 9,
  "fields": {
    "action_time": "2025-05-24T11:37:21.449Z",
    "user": 1,
    "content_type": 17,
    "object_id": "1",
    "object_repr": "Lámpara LED Estándar (Modelo: S5050)",
    "action_flag": 2,
    "change_message": "[{\"added\": {\"name\": \"Componente de Producto (BOM)\", \"object\": \"1 x M\\u00f3dulo LED, OSCONIQ S 5050 Series, Board + LED, Horti Blanco, 253 lm para L\\u00e1mpara LED Est\\u00e1ndar\"}}, {\"added\": {\"name\": \"Componente de Producto (BOM)\", \"object\": \"1 x Porta LED 2213254-1 para L\\u00e1mpara LED Est\\u00e1ndar\"}}, {\"added\": {\"name\": \"Componente de Producto (BOM)\", \"object\": \"1 x Lente Reflector para L\\u00e1mpara LED Est\\u00e1ndar\"}}, {\"added\": {\"name\": \"Componente de Producto (BOM)\", \"object\": \"1 x Disipador de Calor para L\\u00e1mpara LED Est\\u00e1ndar\"}}, {\"added\": {\"name\": \"Componente de Producto (BOM)\", \"object\": \"1 x Driver LED, Corriente Constante, Entrada:3-5.5V, 16 Salidas, 30 MHz, Salida:20V/100 mA, SOIC-24 para L\\u00e1mpara LED Est\\u00e1ndar\"}}]"
  }
},
{
  "model": "admin.logentry",
  "pk": 10,
  "fields": {
    "action_time": "2025-05-24T11:39:07.274Z",
    "user": 1,
    "content_type": 11,
    "object_id": "1",
    "object_repr": "Newark",
    "action_flag": 1,
    "change_message": "[{\"added\": {}}]"
  }
},
{
  "model": "admin.logentry",
  "pk": 11,
  "fields": {
    "action_time": "2025-05-24T11:41:15.669Z",
    "user": 1,
    "content_type": 12,
    "object_id": "1",
    "object_repr": "Grupo A",
    "action_flag": 1,
    "change_message": "[{\"added\": {}}]"
  }
},
{
  "model": "admin.logentry",
  "pk": 12,
  "fields": {
    "action_time": "2025-05-24T11:41:20.117Z",
    "user": 1,
    "content_type": 12,
    "object_id": "2",
    "object_repr": "Grupo B",
    "action_flag": 1,
    "change_message": "[{\"added\": {}}]"
  }
},
{
  "model": "admin.logentry",
  "pk": 13,
  "fields": {
    "action_time": "2025-05-24T22:56:59.828Z",
    "user": 1,
    "content_type": 15,
    "object_id": "3",
    "object_repr": "OV: OV-0003 - Federico Tomás Paal",
    "action_flag": 3,
    "change_message": ""
  }
},
{
  "model": "admin.logentry",
  "pk": 14,
  "fields": {
    "action_time": "2025-05-24T22:57:31.411Z",
    "user": 1,
    "content_type": 18,
    "object_id": "3",
    "object_repr": "OP: OP-00003 - 1 x Lampara de Pie larga",
    "action_flag": 3,
    "change_message": ""
  }
},
{
  "model": "admin.logentry",
  "pk": 15,
  "fields": {
    "action_time": "2025-05-24T23:02:35.104Z",
    "user": 1,
    "content_type": 22,
    "object_id": "2",
    "object_repr": "1 x Módulo LED, OSCONIQ S 5050 Series, Board + LED, Horti Blanco, 253 lm para Lámpara LED Estándar",
    "action_flag": 3,
    "change_message": ""
  }
},
{
  "model": "admin.logentry",
  "pk": 16,
  "fields": {
    "action_time": "2025-05-24T23:08:14.844Z",
    "user": 1,
    "content_type": 17,
    "object_id": "1",
    "object_repr": "Lámpara LED Estándar (Modelo: S5050)",
    "action_flag": 2,
    "change_message": "[{\"added\": {\"name\": \"Componente de Producto (BOM)\", \"object\": \"1 x M\\u00f3dulo LED, OSCONIQ S 5050 Series, Board + LED, Horti Blanco, 253 lm para L\\u00e1mpara LED Est\\u00e1ndar\"}}]"
  }
},
{
  "model": "admin.logentry",
  "pk": 17,
  "fields": {
    "action_time": "2025-05-24T23:16:16.240Z",
    "user": 1,
    "content_type": 24,
    "object_id": "1",
    "object_repr": "Newark",
    "action_flag": 1,
    "change_message": "[{\"added\": {}}]"
  }
},
{
  "model": "admin.logentry",
  "pk": 18,
  "fields": {
    "action_time": "2025-05-25T00:26:24.314Z",
    "user": 1,
    "content_type": 11,
    "object_id": "1",
    "object_repr": "Newark",
    "action_flag": 2,
    "change_message": "[]"
  }
},
{
  "model": "admin.logentry",
  "pk": 19,
  "fields": {
    "action_time": "2025-05-25T21:17:17.306Z",
    "user": 1,
    "content_type": 10,
    "object_id": "5",
    "object_repr": "Completada",
    "action_flag": 2,
    "change_message": "[]"
  }
},
{
  "model": "admin.logentry",
  "pk": 20,
  "fields": {
    "action_time": "2025-05-25T23:30:45.005Z",
    "user": 1,
    "content_type": 10,
    "object_id": "3",
    "object_repr": "Producción Iniciada",
    "action_flag": 2,
    "change_message": "[{\"changed\": {\"fields\": [\"Nombre\"]}}]"
  }
},
{
  "model": "admin.logentry",
  "pk": 21,
  "fields": {
    "action_time": "2025-05-25T23:30:56.894Z",
    "user": 1,
    "content_type": 10,
    "object_id": "7",
    "object_repr": "Producción Parcial",
    "action_flag": 1,
    "change_message": "[{\"added\": {}}]"
  }
},
{
  "model": "admin.logentry",
  "pk": 22,
  "fields": {
    "action_time": "2025-05-25T23:31:21.992Z",
    "user": 1,
    "content_type": 10,
    "object_id": "8",
    "object_repr": "Producción con Problemas",
    "action_flag": 1,
    "change_message": "[{\"added\": {}}]"
  }
},
{
  "model": "admin.logentry",
  "pk": 23,
  "fields": {
    "action_time": "2025-05-26T09:18:02.587Z",
    "user": 1,
    "content_type": 10,
    "object_id": "8",
    "object_repr": "Pausada",
    "action_flag": 2,
    "change_message": "[{\"changed\": {\"fields\": [\"Nombre\"]}}]"
  }
},
{
  "model": "admin.logentry",
  "pk": 24,
  "fields": {
    "action_time": "2025-05-26T09:21:17.083Z",
    "user": 1,
    "content_type": 10,
    "object_id": "9",
    "object_repr": "Insumos Solicitados",
    "action_flag": 1,
    "change_message": "[{\"added\": {}}]"
  }
},
{
  "model": "admin.logentry",
  "pk": 25,
  "fields": {
    "action_time": "2025-05-26T09:34:47.278Z",
    "user": 1,
    "content_type": 18,
    "object_id": "7",
    "object_repr": "OP: OP-00006 - 1 x Lámpara LED Estándar",
    "action_flag": 3,
    "change_message": ""
  }
},
{
  "model": "admin.logentry",
  "pk": 26,
  "fields": {
    "action_time": "2025-05-26T09:34:47.278Z",
    "user": 1,
    "content_type": 18,
    "object_id": "6",
    "object_repr": "OP: OP-00005 - 1 x Lámpara LED Estándar",
    "action_flag": 3,
    "change_message": ""
  }
},
{
  "model": "admin.logentry",
  "pk": 27,
  "fields": {
    "action_time": "2025-05-26T09:34:47.278Z",
    "user": 1,
    "content_type": 18,
    "object_id": "5",
    "object_repr": "OP: OP-00004 - 10 x Lámpara LED Estándar",
    "action_flag": 3,
    "change_message": ""
  }
},
{
  "model": "admin.logentry",
  "pk": 28,
  "fields": {
    "action_time": "2025-05-26T09:34:47.278Z",
    "user": 1,
    "content_type": 18,
    "object_id": "4",
    "object_repr": "OP: OP-00003 - 5 x Lámpara LED Estándar",
    "action_flag": 3,
    "change_message": ""
  }
},
{
  "model": "admin.logentry",
  "pk": 29,
  "fields": {
    "action_time": "2025-05-26T09:34:47.278Z",
    "user": 1,
    "content_type": 18,
    "object_id": "2",
    "object_repr": "OP: OP-00002 - 1 x Lámpara LED Estándar",
    "action_flag": 3,
    "change_message": ""
  }
},
{
  "model": "admin.logentry",
  "pk": 30,
  "fields": {
    "action_time": "2025-05-26T09:34:47.279Z",
    "user": 1,
    "content_type": 18,
    "object_id": "1",
    "object_repr": "OP: OP-00001 - 3 x Lámpara LED Estándar",
    "action_flag": 3,
    "change_message": ""
  }
},
{
  "model": "admin.logentry",
  "pk": 31,
  "fields": {
    "action_time": "2025-05-26T09:35:14.739Z",
    "user": 1,
    "content_type": 16,
    "object_id": "1",
    "object_repr": "Factura FACT-00001 para OV OV-0004",
    "action_flag": 3,
    "change_message": ""
  }
},
{
  "model": "admin.logentry",
  "pk": 32,
  "fields": {
    "action_time": "2025-05-26T09:35:27.613Z",
    "user": 1,
    "content_type": 16,
    "object_id": "3",
    "object_repr": "Factura FACT-00003 para OV OV-0002",
    "action_flag": 3,
    "change_message": ""
  }
},
{
  "model": "admin.logentry",
  "pk": 33,
  "fields": {
    "action_time": "2025-05-26T09:35:37.219Z",
    "user": 1,
    "content_type": 16,
    "object_id": "2",
    "object_repr": "Factura FACT-00002 para OV OV-0001",
    "action_flag": 3,
    "change_message": ""
  }
},
{
  "model": "admin.logentry",
  "pk": 34,
  "fields": {
    "action_time": "2025-05-26T09:35:56.339Z",
    "user": 1,
    "content_type": 15,
    "object_id": "7",
    "object_repr": "OV: OV-0006 - Federico Tomás Paal",
    "action_flag": 3,
    "change_message": ""
  }
},
{
  "model": "admin.logentry",
  "pk": 35,
  "fields": {
    "action_time": "2025-05-26T09:35:56.339Z",
    "user": 1,
    "content_type": 15,
    "object_id": "6",
    "object_repr": "OV: OV-0005 - Federico Tomás Paal",
    "action_flag": 3,
    "change_message": ""
  }
},
{
  "model": "admin.logentry",
  "pk": 36,
  "fields": {
    "action_time": "2025-05-26T09:35:56.339Z",
    "user": 1,
    "content_type": 15,
    "object_id": "5",
    "object_repr": "OV: OV-0004 - Federico Tomás Paal",
    "action_flag": 3,
    "change_message": ""
  }
},
{
  "model": "admin.logentry",
  "pk": 37,
  "fields": {
    "action_time": "2025-05-26T09:35:56.339Z",
    "user": 1,
    "content_type": 15,
    "object_id": "4",
    "object_repr": "OV: OV-0003 - Federico Tomás Paal",
    "action_flag": 3,
    "change_message": ""
  }
},
{
  "model": "admin.logentry",
  "pk": 38,
  "fields": {
    "action_time": "2025-05-26T09:35:56.339Z",
    "user": 1,
    "content_type": 15,
    "object_id": "2",
    "object_repr": "OV: OV-0002 - Federico Tomás Paal",
    "action_flag": 3,
    "change_message": ""
  }
},
{
  "model": "admin.logentry",
  "pk": 39,
  "fields": {
    "action_time": "2025-05-26T09:35:56.339Z",
    "user": 1,
    "content_type": 15,
    "object_id": "1",
    "object_repr": "OV: OV-0001 - Federico Tomás Paal",
    "action_flag": 3,
    "change_message": ""
  }
},
{
  "model": "admin.logentry",
  "pk": 40,
  "fields": {
    "action_time": "2025-05-27T22:56:53.722Z",
    "user": 1,
    "content_type": 14,
    "object_id": "3",
    "object_repr": "Lente Reflector",
    "action_flag": 2,
    "change_message": "[{\"added\": {\"name\": \"Oferta de Proveedor por Insumo\", \"object\": \"Lente Reflector - Newark ($1.25)\"}}]"
  }
},
{
  "model": "admin.logentry",
  "pk": 41,
  "fields": {
    "action_time": "2025-05-27T22:57:17.063Z",
    "user": 1,
    "content_type": 14,
    "object_id": "3",
    "object_repr": "Lente Reflector",
    "action_flag": 2,
    "change_message": "[{\"added\": {\"name\": \"Oferta de Proveedor por Insumo\", \"object\": \"Lente Reflector - Arrow Electronics ($0.99)\"}}, {\"changed\": {\"name\": \"Oferta de Proveedor por Insumo\", \"object\": \"Lente Reflector - Newark ($1.25)\", \"fields\": [\"Tiempo de Entrega Estimado (d\\u00edas)\"]}}]"
  }
},
{
  "model": "admin.logentry",
  "pk": 42,
  "fields": {
    "action_time": "2025-05-27T23:53:23.971Z",
    "user": 1,
    "content_type": 8,
    "object_id": "3",
    "object_repr": "Lampara de Pie",
    "action_flag": 3,
    "change_message": ""
  }
},
{
  "model": "admin.logentry",
  "pk": 43,
  "fields": {
    "action_time": "2025-05-29T16:31:47.267Z",
    "user": 1,
    "content_type": 10,
    "object_id": "10",
    "object_repr": "INsumos Recibidos",
    "action_flag": 1,
    "change_message": "[{\"added\": {}}]"
  }
},
{
  "model": "admin.logentry",
  "pk": 44,
  "fields": {
    "action_time": "2025-05-29T16:34:48.532Z",
    "user": 1,
    "content_type": 10,
    "object_id": "10",
    "object_repr": "Insumos Recibidos",
    "action_flag": 2,
    "change_message": "[{\"changed\": {\"fields\": [\"Nombre\"]}}]"
  }
},
{
  "model": "admin.logentry",
  "pk": 45,
  "fields": {
    "action_time": "2025-05-29T16:35:03.023Z",
    "user": 1,
    "content_type": 18,
    "object_id": "17",
    "object_repr": "OP: OP-00010 - 1 x Lámpara LED Estándar",
    "action_flag": 3,
    "change_message": ""
  }
},
{
  "model": "admin.logentry",
  "pk": 46,
  "fields": {
    "action_time": "2025-05-29T16:35:03.023Z",
    "user": 1,
    "content_type": 18,
    "object_id": "16",
    "object_repr": "OP: OP-00009 - 1 x Lámpara LED Estándar",
    "action_flag": 3,
    "change_message": ""
  }
},
{
  "model": "admin.logentry",
  "pk": 47,
  "fields": {
    "action_time": "2025-05-29T16:35:03.023Z",
    "user": 1,
    "content_type": 18,
    "object_id": "15",
    "object_repr": "OP: OP-00008 - 5 x Lámpara LED Estándar",
    "action_flag": 3,
    "change_message": ""
  }
},
{
  "model": "admin.logentry",
  "pk": 48,
  "fields": {
    "action_time": "2025-05-29T16:35:03.023Z",
    "user": 1,
    "content_type": 18,
    "object_id": "14",
    "object_repr": "OP: OP-00007 - 2 x Lámpara LED Estándar",
    "action_flag": 3,
    "change_message": ""
  }
},
{
  "model": "admin.logentry",
  "pk": 49,
  "fields": {
    "action_time": "2025-05-29T16:35:03.023Z",
    "user": 1,
    "content_type": 18,
    "object_id": "13",
    "object_repr": "OP: OP-00006 - 1 x Lámpara LED Estándar",
    "action_flag": 3,
    "change_message": ""
  }
},
{
  "model": "admin.logentry",
  "pk": 50,
  "fields": {
    "action_time": "2025-05-29T16:35:03.023Z",
    "user": 1,
    "content_type": 18,
    "object_id": "12",
    "object_repr": "OP: OP-00005 - 1 x Lámpara LED Estándar",
    "action_flag": 3,
    "change_message": ""
  }
},
{
  "model": "admin.logentry",
  "pk": 51,
  "fields": {
    "action_time": "2025-05-29T16:35:03.023Z",
    "user": 1,
    "content_type": 18,
    "object_id": "11",
    "object_repr": "OP: OP-00004 - 1 x Lámpara LED Estándar",
    "action_flag": 3,
    "change_message": ""
  }
},
{
  "model": "admin.logentry",
  "pk": 52,
  "fields": {
    "action_time": "2025-05-29T16:35:03.023Z",
    "user": 1,
    "content_type": 18,
    "object_id": "10",
    "object_repr": "OP: OP-00003 - 500 x Lámpara LED Estándar",
    "action_flag": 3,
    "change_message": ""
  }
},
{
  "model": "admin.logentry",
  "pk": 53,
  "fields": {
    "action_time": "2025-05-29T16:35:03.023Z",
    "user": 1,
    "content_type": 18,
    "object_id": "9",
    "object_repr": "OP: OP-00002 - 500 x Lámpara LED Estándar",
    "action_flag": 3,
    "change_message": ""
  }
},
{
  "model": "admin.logentry",
  "pk": 54,
  "fields": {
    "action_time": "2025-05-29T16:35:03.023Z",
    "user": 1,
    "content_type": 18,
    "object_id": "8",
    "object_repr": "OP: OP-00001 - 500 x Lámpara LED Estándar",
    "action_flag": 3,
    "change_message": ""
  }
},
{
  "model": "admin.logentry",
  "pk": 55,
  "fields": {
    "action_time": "2025-05-29T16:35:11.706Z",
    "user": 1,
    "content_type": 15,
    "object_id": "17",
    "object_repr": "OV: OV-0010 - Federico Tomás Paal",
    "action_flag": 3,
    "change_message": ""
  }
},
{
  "model": "admin.logentry",
  "pk": 56,
  "fields": {
    "action_time": "2025-05-29T16:35:11.706Z",
    "user": 1,
    "content_type": 15,
    "object_id": "16",
    "object_repr": "OV: OV-0009 - Federico Tomás Paal",
    "action_flag": 3,
    "change_message": ""
  }
},
{
  "model": "admin.logentry",
  "pk": 57,
  "fields": {
    "action_time": "2025-05-29T16:35:11.706Z",
    "user": 1,
    "content_type": 15,
    "object_id": "15",
    "object_repr": "OV: OV-0008 - Federico Tomás Paal",
    "action_flag": 3,
    "change_message": ""
  }
},
{
  "model": "admin.logentry",
  "pk": 58,
  "fields": {
    "action_time": "2025-05-29T16:35:11.706Z",
    "user": 1,
    "content_type": 15,
    "object_id": "14",
    "object_repr": "OV: OV-0007 - Federico Tomás Paal",
    "action_flag": 3,
    "change_message": ""
  }
},
{
  "model": "admin.logentry",
  "pk": 59,
  "fields": {
    "action_time": "2025-05-29T16:35:11.706Z",
    "user": 1,
    "content_type": 15,
    "object_id": "13",
    "object_repr": "OV: OV-0006 - Federico Tomás Paal",
    "action_flag": 3,
    "change_message": ""
  }
},
{
  "model": "admin.logentry",
  "pk": 60,
  "fields": {
    "action_time": "2025-05-29T16:35:11.706Z",
    "user": 1,
    "content_type": 15,
    "object_id": "12",
    "object_repr": "OV: OV-0005 - Federico Tomás Paal",
    "action_flag": 3,
    "change_message": ""
  }
},
{
  "model": "admin.logentry",
  "pk": 61,
  "fields": {
    "action_time": "2025-05-29T16:35:11.706Z",
    "user": 1,
    "content_type": 15,
    "object_id": "11",
    "object_repr": "OV: OV-0004 - Federico Tomás Paal",
    "action_flag": 3,
    "change_message": ""
  }
},
{
  "model": "admin.logentry",
  "pk": 62,
  "fields": {
    "action_time": "2025-05-29T16:35:11.706Z",
    "user": 1,
    "content_type": 15,
    "object_id": "10",
    "object_repr": "OV: OV-0003 - Federico Tomás Paal",
    "action_flag": 3,
    "change_message": ""
  }
},
{
  "model": "admin.logentry",
  "pk": 63,
  "fields": {
    "action_time": "2025-05-29T16:35:11.706Z",
    "user": 1,
    "content_type": 15,
    "object_id": "9",
    "object_repr": "OV: OV-0002 - Federico Tomás Paal",
    "action_flag": 3,
    "change_message": ""
  }
},
{
  "model": "admin.logentry",
  "pk": 64,
  "fields": {
    "action_time": "2025-05-29T16:35:11.706Z",
    "user": 1,
    "content_type": 15,
    "object_id": "8",
    "object_repr": "OV: OV-0001 - Federico Tomás Paal",
    "action_flag": 3,
    "change_message": ""
  }
},
{
  "model": "admin.logentry",
  "pk": 65,
  "fields": {
    "action_time": "2025-05-29T20:37:58.879Z",
    "user": 1,
    "content_type": 18,
    "object_id": "21",
    "object_repr": "OP: OP-00004 - 1 x Lámpara LED Estándar",
    "action_flag": 3,
    "change_message": ""
  }
},
{
  "model": "admin.logentry",
  "pk": 66,
  "fields": {
    "action_time": "2025-05-29T20:37:58.879Z",
    "user": 1,
    "content_type": 18,
    "object_id": "20",
    "object_repr": "OP: OP-00003 - 2 x Lámpara LED Estándar",
    "action_flag": 3,
    "change_message": ""
  }
},
{
  "model": "admin.logentry",
  "pk": 67,
  "fields": {
    "action_time": "2025-05-29T20:37:58.879Z",
    "user": 1,
    "content_type": 18,
    "object_id": "19",
    "object_repr": "OP: OP-00002 - 1 x Lámpara LED Estándar",
    "action_flag": 3,
    "change_message": ""
  }
},
{
  "model": "admin.logentry",
  "pk": 68,
  "fields": {
    "action_time": "2025-05-29T20:37:58.879Z",
    "user": 1,
    "content_type": 18,
    "object_id": "18",
    "object_repr": "OP: OP-00001 - 1 x Lámpara LED Estándar",
    "action_flag": 3,
    "change_message": ""
  }
},
{
  "model": "admin.logentry",
  "pk": 69,
  "fields": {
    "action_time": "2025-05-29T20:38:38.469Z",
    "user": 1,
    "content_type": 20,
    "object_id": "3",
    "object_repr": "Reporte RP-00003 (OP: N/A)",
    "action_flag": 3,
    "change_message": ""
  }
},
{
  "model": "admin.logentry",
  "pk": 70,
  "fields": {
    "action_time": "2025-05-29T20:38:38.469Z",
    "user": 1,
    "content_type": 20,
    "object_id": "2",
    "object_repr": "Reporte RP-00002 (OP: N/A)",
    "action_flag": 3,
    "change_message": ""
  }
},
{
  "model": "admin.logentry",
  "pk": 71,
  "fields": {
    "action_time": "2025-05-29T20:38:38.469Z",
    "user": 1,
    "content_type": 20,
    "object_id": "1",
    "object_repr": "Reporte RP-00001 (OP: N/A)",
    "action_flag": 3,
    "change_message": ""
  }
},
{
  "model": "admin.logentry",
  "pk": 72,
  "fields": {
    "action_time": "2025-05-29T20:43:37.483Z",
    "user": 1,
    "content_type": 23,
    "object_id": "7",
    "object_repr": "OC: OC-00007 - Proveedor: Arrow Electronics",
    "action_flag": 3,
    "change_message": ""
  }
},
{
  "model": "admin.logentry",
  "pk": 73,
  "fields": {
    "action_time": "2025-05-29T20:43:37.483Z",
    "user": 1,
    "content_type": 23,
    "object_id": "6",
    "object_repr": "OC: OC-00006 - Proveedor: Arrow Electronics",
    "action_flag": 3,
    "change_message": ""
  }
},
{
  "model": "admin.logentry",
  "pk": 74,
  "fields": {
    "action_time": "2025-05-29T20:43:37.483Z",
    "user": 1,
    "content_type": 23,
    "object_id": "5",
    "object_repr": "OC: OC-00005 - Proveedor: Arrow Electronics",
    "action_flag": 3,
    "change_message": ""
  }
},
{
  "model": "admin.logentry",
  "pk": 75,
  "fields": {
    "action_time": "2025-05-29T20:43:37.483Z",
    "user": 1,
    "content_type": 23,
    "object_id": "4",
    "object_repr": "OC: OC-00004 - Proveedor: Newark",
    "action_flag": 3,
    "change_message": ""
  }
},
{
  "model": "admin.logentry",
  "pk": 76,
  "fields": {
    "action_time": "2025-05-29T20:43:37.483Z",
    "user": 1,
    "content_type": 23,
    "object_id": "3",
    "object_repr": "OC: OC-00003 - Proveedor: Arrow Electronics",
    "action_flag": 3,
    "change_message": ""
  }
},
{
  "model": "admin.logentry",
  "pk": 77,
  "fields": {
    "action_time": "2025-05-29T20:43:37.483Z",
    "user": 1,
    "content_type": 23,
    "object_id": "2",
    "object_repr": "OC: OC-00002 - Proveedor: Arrow Electronics",
    "action_flag": 3,
    "change_message": ""
  }
},
{
  "model": "admin.logentry",
  "pk": 78,
  "fields": {
    "action_time": "2025-05-29T20:43:37.483Z",
    "user": 1,
    "content_type": 23,
    "object_id": "1",
    "object_repr": "OC: OC-00001 - Proveedor: Arrow Electronics",
    "action_flag": 3,
    "change_message": ""
  }
},
{
  "model": "admin.logentry",
  "pk": 79,
  "fields": {
    "action_time": "2025-05-29T20:45:15.013Z",
    "user": 1,
    "content_type": 16,
    "object_id": "6",
    "object_repr": "Factura FACT-00006 para OV OV-0003",
    "action_flag": 3,
    "change_message": ""
  }
},
{
  "model": "admin.logentry",
  "pk": 80,
  "fields": {
    "action_time": "2025-05-29T20:45:15.013Z",
    "user": 1,
    "content_type": 16,
    "object_id": "5",
    "object_repr": "Factura FACT-00005 para OV OV-0002",
    "action_flag": 3,
    "change_message": ""
  }
},
{
  "model": "admin.logentry",
  "pk": 81,
  "fields": {
    "action_time": "2025-05-29T20:45:15.013Z",
    "user": 1,
    "content_type": 16,
    "object_id": "4",
    "object_repr": "Factura FACT-00001 para OV OV-0001",
    "action_flag": 3,
    "change_message": ""
  }
},
{
  "model": "admin.logentry",
  "pk": 82,
  "fields": {
    "action_time": "2025-05-29T20:45:24.784Z",
    "user": 1,
    "content_type": 15,
    "object_id": "20",
    "object_repr": "OV: OV-0003 - Federico Tomás Paal",
    "action_flag": 3,
    "change_message": ""
  }
},
{
  "model": "admin.logentry",
  "pk": 83,
  "fields": {
    "action_time": "2025-05-29T20:45:24.784Z",
    "user": 1,
    "content_type": 15,
    "object_id": "19",
    "object_repr": "OV: OV-0002 - Federico Tomás Paal",
    "action_flag": 3,
    "change_message": ""
  }
},
{
  "model": "admin.logentry",
  "pk": 84,
  "fields": {
    "action_time": "2025-05-29T20:45:24.784Z",
    "user": 1,
    "content_type": 15,
    "object_id": "18",
    "object_repr": "OV: OV-0001 - Federico Tomás Paal",
    "action_flag": 3,
    "change_message": ""
  }
},
{
  "model": "admin.logentry",
  "pk": 85,
  "fields": {
    "action_time": "2025-05-29T20:56:21.097Z",
    "user": 1,
    "content_type": 9,
    "object_id": "1",
    "object_repr": "Federico Tomás Paal",
    "action_flag": 2,
    "change_message": "[{\"changed\": {\"fields\": [\"Direccion\"]}}]"
  }
},
{
  "model": "admin.logentry",
  "pk": 86,
  "fields": {
    "action_time": "2025-05-30T23:42:29.622Z",
    "user": 1,
    "content_type": 23,
    "object_id": "8",
    "object_repr": "OC: OC-00001 - Proveedor: Arrow Electronics",
    "action_flag": 3,
    "change_message": ""
  }
},
{
  "model": "admin.logentry",
  "pk": 87,
  "fields": {
    "action_time": "2025-05-31T23:46:42.005Z",
    "user": 1,
    "content_type": 14,
    "object_id": "8",
    "object_repr": "Módulo LED, OSCONIQ S 5050 Series, Board + LED, Horti Blanco, 253 lm",
    "action_flag": 2,
    "change_message": "[{\"added\": {\"name\": \"Oferta de Proveedor por Insumo\", \"object\": \"M\\u00f3dulo LED, OSCONIQ S 5050 Series, Board + LED, Horti Blanco, 253 lm - Newark ($1.24)\"}}]"
  }
},
{
  "model": "admin.logentry",
  "pk": 88,
  "fields": {
    "action_time": "2025-06-01T00:13:23.729Z",
    "user": 1,
    "content_type": 14,
    "object_id": "8",
    "object_repr": "Módulo LED, OSCONIQ S 5050 Series, Board + LED, Horti Blanco, 253 lm",
    "action_flag": 2,
    "change_message": "[{\"added\": {\"name\": \"Oferta de Proveedor por Insumo\", \"object\": \"M\\u00f3dulo LED, OSCONIQ S 5050 Series, Board + LED, Horti Blanco, 253 lm - Arrow Electronics ($0.55)\"}}, {\"changed\": {\"name\": \"Oferta de Proveedor por Insumo\", \"object\": \"M\\u00f3dulo LED, OSCONIQ S 5050 Series, Board + LED, Horti Blanco, 253 lm - Newark ($1.24)\", \"fields\": [\"Tiempo de Entrega Estimado (d\\u00edas)\"]}}]"
  }
},
{
  "model": "admin.logentry",
  "pk": 89,
  "fields": {
    "action_time": "2025-06-01T00:44:23.412Z",
    "user": 1,
    "content_type": 14,
    "object_id": "6",
    "object_repr": "Modulo LED bla bla 2",
    "action_flag": 2,
    "change_message": "[{\"added\": {\"name\": \"Oferta de Proveedor por Insumo\", \"object\": \"Modulo LED bla bla 2 - Newark ($1.2)\"}}]"
  }
},
{
  "model": "admin.logentry",
  "pk": 90,
  "fields": {
    "action_time": "2025-06-01T00:44:48.492Z",
    "user": 1,
    "content_type": 14,
    "object_id": "6",
    "object_repr": "Modulo LED bla bla 2",
    "action_flag": 2,
    "change_message": "[{\"added\": {\"name\": \"Oferta de Proveedor por Insumo\", \"object\": \"Modulo LED bla bla 2 - Arrow Electronics ($0.23)\"}}]"
  }
},
{
  "model": "admin.logentry",
  "pk": 91,
  "fields": {
    "action_time": "2025-06-01T13:14:40.562Z",
    "user": 1,
    "content_type": 14,
    "object_id": "5",
    "object_repr": "Driver LED, Corriente Constante, Entrada:3-5.5V, 16 Salidas, 30 MHz, Salida:20V/100 mA, SOIC-24",
    "action_flag": 2,
    "change_message": "[{\"changed\": {\"fields\": [\"Fabricante\"]}}]"
  }
},
{
  "model": "admin.logentry",
  "pk": 92,
  "fields": {
    "action_time": "2025-06-01T13:14:52.659Z",
    "user": 1,
    "content_type": 14,
    "object_id": "2",
    "object_repr": "Porta LED 2213254-1",
    "action_flag": 2,
    "change_message": "[{\"changed\": {\"fields\": [\"Fabricante\"]}}]"
  }
},
{
  "model": "admin.logentry",
  "pk": 93,
  "fields": {
    "action_time": "2025-06-01T13:15:02.751Z",
    "user": 1,
    "content_type": 14,
    "object_id": "4",
    "object_repr": "Disipador de Calor",
    "action_flag": 2,
    "change_message": "[{\"changed\": {\"fields\": [\"Fabricante\"]}}]"
  }
},
{
  "model": "admin.logentry",
  "pk": 94,
  "fields": {
    "action_time": "2025-06-01T13:15:15.380Z",
    "user": 1,
    "content_type": 14,
    "object_id": "8",
    "object_repr": "Módulo LED, OSCONIQ S 5050 Series, Board + LED, Horti Blanco, 253 lm",
    "action_flag": 2,
    "change_message": "[{\"changed\": {\"fields\": [\"Fabricante\"]}}]"
  }
},
{
  "model": "admin.logentry",
  "pk": 95,
  "fields": {
    "action_time": "2025-06-01T13:15:21.876Z",
    "user": 1,
    "content_type": 14,
    "object_id": "6",
    "object_repr": "Modulo LED bla bla 2",
    "action_flag": 2,
    "change_message": "[{\"changed\": {\"fields\": [\"Fabricante\"]}}]"
  }
},
{
  "model": "admin.logentry",
  "pk": 96,
  "fields": {
    "action_time": "2025-06-01T13:15:29.589Z",
    "user": 1,
    "content_type": 14,
    "object_id": "3",
    "object_repr": "Lente Reflector",
    "action_flag": 2,
    "change_message": "[{\"changed\": {\"fields\": [\"Fabricante\"]}}]"
  }
},
{
  "model": "admin.logentry",
  "pk": 97,
  "fields": {
    "action_time": "2025-06-01T13:37:02.831Z",
    "user": 1,
    "content_type": 24,
    "object_id": "2",
    "object_repr": "Osram",
    "action_flag": 1,
    "change_message": "[{\"added\": {}}]"
  }
},
{
  "model": "admin.logentry",
  "pk": 98,
  "fields": {
    "action_time": "2025-06-01T14:13:48.897Z",
    "user": 1,
    "content_type": 14,
    "object_id": "6",
    "object_repr": "Modulo LED bla bla 2",
    "action_flag": 2,
    "change_message": "[]"
  }
},
{
  "model": "admin.logentry",
  "pk": 99,
  "fields": {
    "action_time": "2025-06-03T00:27:00.171Z",
    "user": 1,
    "content_type": 11,
    "object_id": "8",
    "object_repr": "blabla",
    "action_flag": 1,
    "change_message": "[{\"added\": {}}]"
  }
},
{
  "model": "admin.logentry",
  "pk": 100,
  "fields": {
    "action_time": "2025-06-03T00:27:11.047Z",
    "user": 1,
    "content_type": 14,
    "object_id": "8",
    "object_repr": "Módulo LED, OSCONIQ S 5050 Series, Board + LED, Horti Blanco, 253 lm",
    "action_flag": 2,
    "change_message": "[{\"added\": {\"name\": \"Oferta de Proveedor por Insumo\", \"object\": \"M\\u00f3dulo LED, OSCONIQ S 5050 Series, Board + LED, Horti Blanco, 253 lm - blabla ($1289)\"}}]"
  }
},
{
  "model": "admin.logentry",
  "pk": 101,
  "fields": {
    "action_time": "2025-06-03T00:27:44.051Z",
    "user": 1,
    "content_type": 14,
    "object_id": "8",
    "object_repr": "Módulo LED, OSCONIQ S 5050 Series, Board + LED, Horti Blanco, 253 lm",
    "action_flag": 2,
    "change_message": "[{\"deleted\": {\"name\": \"Oferta de Proveedor por Insumo\", \"object\": \"M\\u00f3dulo LED, OSCONIQ S 5050 Series, Board + LED, Horti Blanco, 253 lm - blabla ($1289.00)\"}}]"
  }
},
{
  "model": "admin.logentry",
  "pk": 102,
  "fields": {
    "action_time": "2025-06-14T20:59:52.935Z",
    "user": 1,
    "content_type": 15,
    "object_id": "38",
    "object_repr": "OV: OV-0018 - Federico Tomás Paal",
    "action_flag": 3,
    "change_message": ""
  }
},
{
  "model": "admin.logentry",
  "pk": 103,
  "fields": {
    "action_time": "2025-06-14T22:58:27.377Z",
    "user": 1,
    "content_type": 23,
    "object_id": "10",
    "object_repr": "OC: OC-00010 - Proveedor: Newark",
    "action_flag": 2,
    "change_message": "[{\"changed\": {\"fields\": [\"Estado\"]}}]"
  }
},
{
  "model": "admin.logentry",
  "pk": 104,
  "fields": {
    "action_time": "2025-06-14T22:58:40.926Z",
    "user": 1,
    "content_type": 23,
    "object_id": "9",
    "object_repr": "OC: OC-00001 - Proveedor: Arrow Electronics",
    "action_flag": 2,
    "change_message": "[{\"changed\": {\"fields\": [\"Estado\"]}}]"
  }
},
{
  "model": "admin.logentry",
  "pk": 105,
  "fields": {
    "action_time": "2025-06-15T11:26:50.876Z",
    "user": 1,
    "content_type": 14,
    "object_id": "5",
    "object_repr": "Driver LED, Corriente Constante, Entrada:3-5.5V, 16 Salidas, 30 MHz, Salida:20V/100 mA, SOIC-24",
    "action_flag": 2,
    "change_message": "[{\"added\": {\"name\": \"Oferta de Proveedor por Insumo\", \"object\": \"Driver LED, Corriente Constante, Entrada:3-5.5V, 16 Salidas, 30 MHz, Salida:20V/100 mA, SOIC-24 - Newark ($1.2)\"}}, {\"added\": {\"name\": \"Oferta de Proveedor por Insumo\", \"object\": \"Driver LED, Corriente Constante, Entrada:3-5.5V, 16 Salidas, 30 MHz, Salida:20V/100 mA, SOIC-24 - Arrow Electronics ($0.78)\"}}]"
  }
},
{
  "model": "admin.logentry",
  "pk": 106,
  "fields": {
    "action_time": "2025-06-15T13:55:32.956Z",
    "user": 1,
    "content_type": 17,
    "object_id": "1",
    "object_repr": "Lámpara LED Estándar (Modelo: S5050)",
    "action_flag": 2,
    "change_message": "[{\"changed\": {\"fields\": [\"Op asociada\"]}}]"
  }
},
{
  "model": "admin.logentry",
  "pk": 107,
  "fields": {
    "action_time": "2025-06-16T00:28:13.756Z",
    "user": 1,
    "content_type": 23,
    "object_id": "9",
    "object_repr": "OC: OC-00001 - Proveedor: Arrow Electronics",
    "action_flag": 2,
    "change_message": "[{\"changed\": {\"fields\": [\"Numero tracking\"]}}]"
  }
},
{
  "model": "admin.logentry",
  "pk": 108,
  "fields": {
    "action_time": "2025-06-16T15:41:18.840Z",
    "user": 1,
    "content_type": 10,
    "object_id": "11",
    "object_repr": "Resolución Pendiente",
    "action_flag": 1,
    "change_message": "[{\"added\": {}}]"
  }
},
{
  "model": "admin.logentry",
  "pk": 109,
  "fields": {
    "action_time": "2025-06-18T01:15:53.198Z",
    "user": 1,
    "content_type": 4,
    "object_id": "3",
    "object_repr": "aovejero",
    "action_flag": 3,
    "change_message": ""
  }
},
{
  "model": "admin.logentry",
  "pk": 110,
  "fields": {
    "action_time": "2025-06-18T01:15:53.198Z",
    "user": 1,
    "content_type": 4,
    "object_id": "5",
    "object_repr": "fcaivano",
    "action_flag": 3,
    "change_message": ""
  }
},
{
  "model": "admin.logentry",
  "pk": 111,
  "fields": {
    "action_time": "2025-06-18T01:25:55.660Z",
    "user": 1,
    "content_type": 4,
    "object_id": "7",
    "object_repr": "aovejero",
    "action_flag": 3,
    "change_message": ""
  }
},
{
  "model": "admin.logentry",
  "pk": 112,
  "fields": {
    "action_time": "2025-06-18T01:25:55.660Z",
    "user": 1,
    "content_type": 4,
    "object_id": "6",
    "object_repr": "fcaivano",
    "action_flag": 3,
    "change_message": ""
  }
},
{
  "model": "admin.logentry",
  "pk": 113,
  "fields": {
    "action_time": "2025-06-18T20:48:11.465Z",
    "user": 1,
    "content_type": 17,
    "object_id": "2",
    "object_repr": "Downlight LED empotrable (Modelo: DL-DALI01)",
    "action_flag": 2,
    "change_message": "[{\"added\": {\"name\": \"Componente de Producto (BOM)\", \"object\": \"1 x Lente Reflector para Downlight LED empotrable\"}}, {\"added\": {\"name\": \"Componente de Producto (BOM)\", \"object\": \"1 x Disipador de Calor para Downlight LED empotrable\"}}, {\"added\": {\"name\": \"Componente de Producto (BOM)\", \"object\": \"1 x Porta LED 2213254-1 para Downlight LED empotrable\"}}, {\"added\": {\"name\": \"Componente de Producto (BOM)\", \"object\": \"1 x Driver LED, Corriente Constante, Entrada:3-5.5V, 16 Salidas, 30 MHz, Salida:20V/100 mA, SOIC-24 para Downlight LED empotrable\"}}, {\"added\": {\"name\": \"Componente de Producto (BOM)\", \"object\": \"1 x Modulo LED bla bla 2 para Downlight LED empotrable\"}}, {\"added\": {\"name\": \"Componente de Producto (BOM)\", \"object\": \"1 x M\\u00f3dulo LED, OSCONIQ S 5050 Series, Board + LED, Horti Blanco, 253 lm para Downlight LED empotrable\"}}]"
  }
},
{
  "model": "admin.logentry",
  "pk": 114,
  "fields": {
    "action_time": "2025-06-18T21:25:49.973Z",
    "user": 1,
    "content_type": 14,
    "object_id": "4",
    "object_repr": "Disipador de Calor",
    "action_flag": 2,
    "change_message": "[{\"added\": {\"name\": \"Oferta de Proveedor por Insumo\", \"object\": \"Disipador de Calor - Arrow Electronics ($0.25)\"}}, {\"added\": {\"name\": \"Oferta de Proveedor por Insumo\", \"object\": \"Disipador de Calor - Newark ($1.26)\"}}]"
  }
},
{
  "model": "admin.logentry",
  "pk": 115,
  "fields": {
    "action_time": "2025-06-18T21:30:50.974Z",
    "user": 1,
    "content_type": 23,
    "object_id": "15",
    "object_repr": "OC: OC-00015 - Proveedor: Arrow Electronics",
    "action_flag": 2,
    "change_message": "[{\"changed\": {\"fields\": [\"Numero tracking\"]}}]"
  }
},
{
  "model": "admin.logentry",
  "pk": 116,
  "fields": {
    "action_time": "2025-06-18T23:24:27.737Z",
    "user": 1,
    "content_type": 10,
    "object_id": "12",
    "object_repr": "Planificada",
    "action_flag": 1,
    "change_message": "[{\"added\": {}}]"
  }
},
{
  "model": "admin.logentry",
  "pk": 117,
  "fields": {
    "action_time": "2025-06-20T00:24:16.417Z",
    "user": 1,
    "content_type": 10,
    "object_id": "13",
    "object_repr": "En Proceso",
    "action_flag": 1,
    "change_message": "[{\"added\": {}}]"
  }
},
{
  "model": "admin.logentry",
  "pk": 118,
  "fields": {
    "action_time": "2025-06-20T00:29:18.674Z",
    "user": 1,
    "content_type": 16,
    "object_id": "34",
    "object_repr": "Factura FACT-00035 para OV OV-0034",
    "action_flag": 3,
    "change_message": ""
  }
},
{
  "model": "admin.logentry",
  "pk": 119,
  "fields": {
    "action_time": "2025-06-20T00:51:52.764Z",
    "user": 1,
    "content_type": 23,
    "object_id": "10",
    "object_repr": "OC: OC-00010 - Proveedor: Newark",
    "action_flag": 3,
    "change_message": ""
  }
},
{
  "model": "admin.logentry",
  "pk": 120,
  "fields": {
    "action_time": "2025-06-20T00:55:09.677Z",
    "user": 1,
    "content_type": 23,
    "object_id": "16",
    "object_repr": "OC: OC-00016 - Proveedor: Newark",
    "action_flag": 2,
    "change_message": "[{\"changed\": {\"fields\": [\"Numero tracking\"]}}]"
  }
},
{
  "model": "admin.logentry",
  "pk": 121,
  "fields": {
    "action_time": "2025-06-20T10:44:01.122Z",
    "user": 1,
    "content_type": 23,
    "object_id": "14",
    "object_repr": "OC: OC-00014 - Proveedor: Arrow Electronics",
    "action_flag": 2,
    "change_message": "[{\"changed\": {\"fields\": [\"Numero tracking\"]}}]"
  }
},
{
  "model": "admin.logentry",
  "pk": 122,
  "fields": {
    "action_time": "2025-06-20T10:45:29.497Z",
    "user": 1,
    "content_type": 23,
    "object_id": "12",
    "object_repr": "OC: OC-00012 - Proveedor: Arrow Electronics",
    "action_flag": 2,
    "change_message": "[{\"changed\": {\"fields\": [\"Numero tracking\"]}}]"
  }
},
{
  "model": "admin.logentry",
  "pk": 123,
  "fields": {
    "action_time": "2025-06-20T12:25:32.772Z",
    "user": 1,
    "content_type": 23,
    "object_id": "17",
    "object_repr": "OC: OC-00017 - Proveedor: Arrow Electronics",
    "action_flag": 2,
    "change_message": "[{\"changed\": {\"fields\": [\"Numero tracking\"]}}]"
  }
},
{
  "model": "admin.logentry",
  "pk": 124,
  "fields": {
    "action_time": "2025-06-20T17:58:09.114Z",
    "user": 1,
    "content_type": 23,
    "object_id": "18",
    "object_repr": "OC: OC-00018 - Proveedor: Newark",
    "action_flag": 2,
    "change_message": "[{\"changed\": {\"fields\": [\"Numero tracking\"]}}]"
  }
},
{
  "model": "admin.logentry",
  "pk": 125,
  "fields": {
    "action_time": "2025-06-20T18:03:10.666Z",
    "user": 1,
    "content_type": 14,
    "object_id": "2",
    "object_repr": "Porta LED 2213254-1",
    "action_flag": 2,
    "change_message": "[{\"added\": {\"name\": \"Oferta de Proveedor por Insumo\", \"object\": \"Porta LED 2213254-1 - Newark ($0.7)\"}}, {\"added\": {\"name\": \"Oferta de Proveedor por Insumo\", \"object\": \"Porta LED 2213254-1 - Arrow Electronics ($4.6)\"}}]"
  }
},
{
  "model": "admin.logentry",
  "pk": 126,
  "fields": {
    "action_time": "2025-06-20T18:54:21.287Z",
    "user": 1,
    "content_type": 23,
    "object_id": "19",
    "object_repr": "OC: OC-00019 - Proveedor: Arrow Electronics",
    "action_flag": 2,
    "change_message": "[{\"changed\": {\"fields\": [\"Numero tracking\"]}}]"
  }
},
{
  "model": "admin.logentry",
  "pk": 127,
  "fields": {
    "action_time": "2025-06-24T00:26:36.190Z",
    "user": 1,
    "content_type": 23,
    "object_id": "22",
    "object_repr": "OC: OC-00022 - Proveedor: Arrow Electronics",
    "action_flag": 2,
    "change_message": "[{\"changed\": {\"fields\": [\"Numero tracking\"]}}]"
  }
},
{
  "model": "admin.logentry",
  "pk": 128,
  "fields": {
    "action_time": "2025-06-24T00:36:29.305Z",
    "user": 1,
    "content_type": 23,
    "object_id": "20",
    "object_repr": "OC: OC-00020 - Proveedor: Arrow Electronics",
    "action_flag": 2,
    "change_message": "[{\"changed\": {\"fields\": [\"Numero tracking\"]}}]"
  }
},
{
  "model": "admin.logentry",
  "pk": 129,
  "fields": {
    "action_time": "2025-06-24T00:36:35.468Z",
    "user": 1,
    "content_type": 23,
    "object_id": "13",
    "object_repr": "OC: OC-00013 - Proveedor: Newark",
    "action_flag": 2,
    "change_message": "[{\"changed\": {\"fields\": [\"Numero tracking\"]}}]"
  }
},
{
  "model": "admin.logentry",
  "pk": 130,
  "fields": {
    "action_time": "2025-06-24T00:36:52.305Z",
    "user": 1,
    "content_type": 23,
    "object_id": "11",
    "object_repr": "OC: OC-00011 - Proveedor: Newark",
    "action_flag": 2,
    "change_message": "[{\"changed\": {\"fields\": [\"Numero tracking\"]}}]"
  }
},
{
  "model": "admin.logentry",
  "pk": 131,
  "fields": {
    "action_time": "2025-06-24T00:37:22.655Z",
    "user": 1,
    "content_type": 23,
    "object_id": "13",
    "object_repr": "OC: OC-00013 - Proveedor: Newark",
    "action_flag": 2,
    "change_message": "[{\"changed\": {\"fields\": [\"Numero tracking\"]}}]"
  }
},
{
  "model": "admin.logentry",
  "pk": 132,
  "fields": {
    "action_time": "2025-06-24T00:40:45.189Z",
    "user": 1,
    "content_type": 23,
    "object_id": "21",
    "object_repr": "OC: OC-00021 - Proveedor: Arrow Electronics",
    "action_flag": 2,
    "change_message": "[{\"changed\": {\"fields\": [\"Numero tracking\"]}}]"
  }
},
{
  "model": "admin.logentry",
  "pk": 133,
  "fields": {
    "action_time": "2025-06-25T12:24:43.198Z",
    "user": 1,
    "content_type": 24,
    "object_id": "2",
    "object_repr": "Osram",
    "action_flag": 2,
    "change_message": "[{\"changed\": {\"fields\": [\"Contacto\"]}}]"
  }
},
{
  "model": "admin.logentry",
  "pk": 134,
  "fields": {
    "action_time": "2025-06-25T12:25:15.020Z",
    "user": 1,
    "content_type": 24,
    "object_id": "3",
    "object_repr": "Alibaba",
    "action_flag": 1,
    "change_message": "[{\"added\": {}}]"
  }
},
{
  "model": "admin.logentry",
  "pk": 135,
  "fields": {
    "action_time": "2025-06-25T12:30:07.612Z",
    "user": 1,
    "content_type": 24,
    "object_id": "4",
    "object_repr": "Bridgelux",
    "action_flag": 1,
    "change_message": "[{\"added\": {}}]"
  }
},
{
  "model": "admin.logentry",
  "pk": 136,
  "fields": {
    "action_time": "2025-06-25T12:30:43.361Z",
    "user": 1,
    "content_type": 24,
    "object_id": "5",
    "object_repr": "Standard",
    "action_flag": 1,
    "change_message": "[{\"added\": {}}]"
  }
},
{
  "model": "admin.logentry",
  "pk": 137,
  "fields": {
    "action_time": "2025-06-25T12:31:19.403Z",
    "user": 1,
    "content_type": 24,
    "object_id": "6",
    "object_repr": "Arrow",
    "action_flag": 1,
    "change_message": "[{\"added\": {}}]"
  }
},
{
  "model": "admin.logentry",
  "pk": 138,
  "fields": {
    "action_time": "2025-06-25T12:31:42.257Z",
    "user": 1,
    "content_type": 24,
    "object_id": "7",
    "object_repr": "Element14",
    "action_flag": 1,
    "change_message": "[{\"added\": {}}]"
  }
},
{
  "model": "admin.logentry",
  "pk": 139,
  "fields": {
    "action_time": "2025-06-25T12:32:05.134Z",
    "user": 1,
    "content_type": 24,
    "object_id": "8",
    "object_repr": "DigiKey",
    "action_flag": 1,
    "change_message": "[{\"added\": {}}]"
  }
},
{
  "model": "admin.logentry",
  "pk": 140,
  "fields": {
    "action_time": "2025-06-25T12:32:34.274Z",
    "user": 1,
    "content_type": 24,
    "object_id": "9",
    "object_repr": "Mouser",
    "action_flag": 1,
    "change_message": "[{\"added\": {}}]"
  }
},
{
  "model": "admin.logentry",
  "pk": 141,
  "fields": {
    "action_time": "2025-06-25T12:34:33.353Z",
    "user": 1,
    "content_type": 11,
    "object_id": "9",
    "object_repr": "Osram",
    "action_flag": 1,
    "change_message": "[{\"added\": {}}]"
  }
},
{
  "model": "admin.logentry",
  "pk": 142,
  "fields": {
    "action_time": "2025-06-25T12:35:07.066Z",
    "user": 1,
    "content_type": 11,
    "object_id": "8",
    "object_repr": "Alibaba",
    "action_flag": 2,
    "change_message": "[{\"changed\": {\"fields\": [\"Nombre\", \"Contacto\", \"Telefono\", \"Email\"]}}]"
  }
},
{
  "model": "admin.logentry",
  "pk": 143,
  "fields": {
    "action_time": "2025-06-25T12:35:36.943Z",
    "user": 1,
    "content_type": 11,
    "object_id": "10",
    "object_repr": "Bridgelux",
    "action_flag": 1,
    "change_message": "[{\"added\": {}}]"
  }
},
{
  "model": "admin.logentry",
  "pk": 144,
  "fields": {
    "action_time": "2025-06-25T12:36:09.494Z",
    "user": 1,
    "content_type": 11,
    "object_id": "11",
    "object_repr": "Standard",
    "action_flag": 1,
    "change_message": "[{\"added\": {}}]"
  }
},
{
  "model": "admin.logentry",
  "pk": 145,
  "fields": {
    "action_time": "2025-06-25T12:36:33.527Z",
    "user": 1,
    "content_type": 11,
    "object_id": "12",
    "object_repr": "Element14",
    "action_flag": 1,
    "change_message": "[{\"added\": {}}]"
  }
},
{
  "model": "admin.logentry",
  "pk": 146,
  "fields": {
    "action_time": "2025-06-25T12:36:52.477Z",
    "user": 1,
    "content_type": 11,
    "object_id": "13",
    "object_repr": "DigiKey",
    "action_flag": 1,
    "change_message": "[{\"added\": {}}]"
  }
},
{
  "model": "admin.logentry",
  "pk": 147,
  "fields": {
    "action_time": "2025-06-25T12:37:12.666Z",
    "user": 1,
    "content_type": 11,
    "object_id": "14",
    "object_repr": "Mouser",
    "action_flag": 1,
    "change_message": "[{\"added\": {}}]"
  }
},
{
  "model": "admin.logentry",
  "pk": 148,
  "fields": {
    "action_time": "2025-06-25T12:39:26.748Z",
    "user": 1,
    "content_type": 24,
    "object_id": "10",
    "object_repr": "Dongguan Lenstar Opto",
    "action_flag": 1,
    "change_message": "[{\"added\": {}}]"
  }
},
{
  "model": "admin.logentry",
  "pk": 149,
  "fields": {
    "action_time": "2025-06-25T12:41:05.400Z",
    "user": 1,
    "content_type": 14,
    "object_id": "6",
    "object_repr": "Módulo LED DOB sin conductor para bombillas, 3-60 vatios, AC220V",
    "action_flag": 2,
    "change_message": "[{\"changed\": {\"fields\": [\"Fabricante\"]}}, {\"changed\": {\"name\": \"Oferta de Proveedor por Insumo\", \"object\": \"M\\u00f3dulo LED DOB sin conductor para bombillas, 3-60 vatios, AC220V - Alibaba ($0.83)\", \"fields\": [\"Proveedor\", \"Precio de Compra Unitario\", \"Tiempo de Entrega Estimado (d\\u00edas)\"]}}, {\"changed\": {\"name\": \"Oferta de Proveedor por Insumo\", \"object\": \"M\\u00f3dulo LED DOB sin conductor para bombillas, 3-60 vatios, AC220V - Newark ($1.24)\", \"fields\": [\"Precio de Compra Unitario\", \"Tiempo de Entrega Estimado (d\\u00edas)\"]}}]"
  }
},
{
  "model": "admin.logentry",
  "pk": 150,
  "fields": {
    "action_time": "2025-06-25T12:43:29.701Z",
    "user": 1,
    "content_type": 14,
    "object_id": "8",
    "object_repr": "Módulo LED, OSCONIQ S 5050 Series, Board + LED, Horti Blanco, 253 lm",
    "action_flag": 2,
    "change_message": "[{\"changed\": {\"name\": \"Oferta de Proveedor por Insumo\", \"object\": \"M\\u00f3dulo LED, OSCONIQ S 5050 Series, Board + LED, Horti Blanco, 253 lm - Bridgelux ($0.21)\", \"fields\": [\"Proveedor\", \"Precio de Compra Unitario\"]}}]"
  }
},
{
  "model": "admin.logentry",
  "pk": 151,
  "fields": {
    "action_time": "2025-06-25T12:44:18.912Z",
    "user": 1,
    "content_type": 24,
    "object_id": "11",
    "object_repr": "Ideal",
    "action_flag": 1,
    "change_message": "[{\"added\": {}}]"
  }
},
{
  "model": "admin.logentry",
  "pk": 152,
  "fields": {
    "action_time": "2025-06-25T12:45:08.360Z",
    "user": 1,
    "content_type": 24,
    "object_id": "12",
    "object_repr": "TE Connectivity",
    "action_flag": 1,
    "change_message": "[{\"added\": {}}]"
  }
},
{
  "model": "admin.logentry",
  "pk": 153,
  "fields": {
    "action_time": "2025-06-25T12:46:14.859Z",
    "user": 1,
    "content_type": 24,
    "object_id": "13",
    "object_repr": "STMICROELECTRONICS",
    "action_flag": 1,
    "change_message": "[{\"added\": {}}]"
  }
},
{
  "model": "admin.logentry",
  "pk": 154,
  "fields": {
    "action_time": "2025-06-25T12:49:33.995Z",
    "user": 1,
    "content_type": 24,
    "object_id": "14",
    "object_repr": "Siemens",
    "action_flag": 1,
    "change_message": "[{\"added\": {}}]"
  }
},
{
  "model": "admin.logentry",
  "pk": 155,
  "fields": {
    "action_time": "2025-06-25T13:00:13.011Z",
    "user": 1,
    "content_type": 24,
    "object_id": "15",
    "object_repr": "FISCHER ELEKTRONIK",
    "action_flag": 1,
    "change_message": "[{\"added\": {}}]"
  }
},
{
  "model": "admin.logentry",
  "pk": 156,
  "fields": {
    "action_time": "2025-06-25T13:00:59.797Z",
    "user": 1,
    "content_type": 24,
    "object_id": "16",
    "object_repr": "DIODES INC.",
    "action_flag": 1,
    "change_message": "[{\"added\": {}}]"
  }
},
{
  "model": "admin.logentry",
  "pk": 157,
  "fields": {
    "action_time": "2025-06-25T13:01:45.555Z",
    "user": 1,
    "content_type": 24,
    "object_id": "17",
    "object_repr": "TEXAS INSTRUMENTS",
    "action_flag": 1,
    "change_message": "[{\"added\": {}}]"
  }
},
{
  "model": "admin.logentry",
  "pk": 158,
  "fields": {
    "action_time": "2025-06-25T13:08:04.495Z",
    "user": 1,
    "content_type": 24,
    "object_id": "18",
    "object_repr": "WAKEFIELD THERMAL",
    "action_flag": 1,
    "change_message": "[{\"added\": {}}]"
  }
},
{
  "model": "admin.logentry",
  "pk": 159,
  "fields": {
    "action_time": "2025-06-25T13:09:10.078Z",
    "user": 1,
    "content_type": 24,
    "object_id": "19",
    "object_repr": "Sunon Fans",
    "action_flag": 1,
    "change_message": "[{\"added\": {}}]"
  }
},
{
  "model": "admin.logentry",
  "pk": 160,
  "fields": {
    "action_time": "2025-06-25T13:10:58.351Z",
    "user": 1,
    "content_type": 24,
    "object_id": "20",
    "object_repr": "LEDIL",
    "action_flag": 1,
    "change_message": "[{\"added\": {}}]"
  }
},
{
  "model": "admin.logentry",
  "pk": 161,
  "fields": {
    "action_time": "2025-06-25T13:25:01.498Z",
    "user": 1,
    "content_type": 24,
    "object_id": "21",
    "object_repr": "LUMEX",
    "action_flag": 1,
    "change_message": "[{\"added\": {}}]"
  }
},
{
  "model": "admin.logentry",
  "pk": 162,
  "fields": {
    "action_time": "2025-06-25T13:25:25.470Z",
    "user": 1,
    "content_type": 24,
    "object_id": "22",
    "object_repr": "STEGO",
    "action_flag": 1,
    "change_message": "[{\"added\": {}}]"
  }
},
{
  "model": "admin.logentry",
  "pk": 163,
  "fields": {
    "action_time": "2025-06-25T13:29:59.012Z",
    "user": 1,
    "content_type": 24,
    "object_id": "23",
    "object_repr": "CML INNOVATIVE TECHNOLOGIES",
    "action_flag": 1,
    "change_message": "[{\"added\": {}}]"
  }
},
{
  "model": "admin.logentry",
  "pk": 164,
  "fields": {
    "action_time": "2025-06-25T13:30:34.589Z",
    "user": 1,
    "content_type": 24,
    "object_id": "24",
    "object_repr": "NVENT HOFFMAN",
    "action_flag": 1,
    "change_message": "[{\"added\": {}}]"
  }
},
{
  "model": "admin.logentry",
  "pk": 165,
  "fields": {
    "action_time": "2025-06-25T13:39:20.720Z",
    "user": 1,
    "content_type": 24,
    "object_id": "25",
    "object_repr": "WAGO",
    "action_flag": 1,
    "change_message": "[{\"added\": {}}]"
  }
},
{
  "model": "admin.logentry",
  "pk": 166,
  "fields": {
    "action_time": "2025-06-25T13:42:55.668Z",
    "user": 1,
    "content_type": 24,
    "object_id": "26",
    "object_repr": "AMPHENOL COMMUNICATIONS SOLUTIONS",
    "action_flag": 1,
    "change_message": "[{\"added\": {}}]"
  }
},
{
  "model": "admin.logentry",
  "pk": 167,
  "fields": {
    "action_time": "2025-06-25T13:43:13.163Z",
    "user": 1,
    "content_type": 24,
    "object_id": "27",
    "object_repr": "MULTICOMP PRO",
    "action_flag": 1,
    "change_message": "[{\"added\": {}}]"
  }
},
{
  "model": "admin.logentry",
  "pk": 168,
  "fields": {
    "action_time": "2025-06-25T13:44:57.087Z",
    "user": 1,
    "content_type": 24,
    "object_id": "28",
    "object_repr": "MEAN WELL",
    "action_flag": 1,
    "change_message": "[{\"added\": {}}]"
  }
},
{
  "model": "admin.logentry",
  "pk": 169,
  "fields": {
    "action_time": "2025-06-25T13:47:57.747Z",
    "user": 1,
    "content_type": 24,
    "object_id": "29",
    "object_repr": "TT ELECTRONICS / OPTEK TECHNOLOGY",
    "action_flag": 1,
    "change_message": "[{\"added\": {}}]"
  }
},
{
  "model": "admin.logentry",
  "pk": 170,
  "fields": {
    "action_time": "2025-06-25T13:48:13.452Z",
    "user": 1,
    "content_type": 24,
    "object_id": "30",
    "object_repr": "PLAZMO INDUSTRIES",
    "action_flag": 1,
    "change_message": "[{\"added\": {}}]"
  }
},
{
  "model": "admin.logentry",
  "pk": 171,
  "fields": {
    "action_time": "2025-06-25T13:52:02.414Z",
    "user": 1,
    "content_type": 24,
    "object_id": "31",
    "object_repr": "CREE LED",
    "action_flag": 1,
    "change_message": "[{\"added\": {}}]"
  }
},
{
  "model": "admin.logentry",
  "pk": 172,
  "fields": {
    "action_time": "2025-06-25T13:54:45.183Z",
    "user": 1,
    "content_type": 24,
    "object_id": "32",
    "object_repr": "DIALIGHT",
    "action_flag": 1,
    "change_message": "[{\"added\": {}}]"
  }
},
{
  "model": "admin.logentry",
  "pk": 173,
  "fields": {
    "action_time": "2025-06-25T14:03:45.394Z",
    "user": 1,
    "content_type": 14,
    "object_id": "9",
    "object_repr": "Módulo LED BXRC-30E10K0-B-73-SE",
    "action_flag": 2,
    "change_message": "[{\"added\": {\"name\": \"Oferta de Proveedor por Insumo\", \"object\": \"M\\u00f3dulo LED BXRC-30E10K0-B-73-SE - Bridgelux ($0.21)\"}}, {\"added\": {\"name\": \"Oferta de Proveedor por Insumo\", \"object\": \"M\\u00f3dulo LED BXRC-30E10K0-B-73-SE - Newark ($1.24)\"}}]"
  }
},
{
  "model": "admin.logentry",
  "pk": 174,
  "fields": {
    "action_time": "2025-06-25T14:05:19.941Z",
    "user": 1,
    "content_type": 14,
    "object_id": "10",
    "object_repr": "Siemens 3SU14011BB301AA0 LED Module",
    "action_flag": 2,
    "change_message": "[{\"added\": {\"name\": \"Oferta de Proveedor por Insumo\", \"object\": \"Siemens 3SU14011BB301AA0 LED Module - Standard ($34.84)\"}}]"
  }
},
{
  "model": "admin.logentry",
  "pk": 175,
  "fields": {
    "action_time": "2025-06-25T14:07:29.843Z",
    "user": 1,
    "content_type": 14,
    "object_id": "2",
    "object_repr": "Porta LED 50-2204CT",
    "action_flag": 2,
    "change_message": "[{\"changed\": {\"name\": \"Oferta de Proveedor por Insumo\", \"object\": \"Porta LED 50-2204CT - Arrow Electronics ($4.12)\", \"fields\": [\"Precio de Compra Unitario\", \"Tiempo de Entrega Estimado (d\\u00edas)\"]}}, {\"changed\": {\"name\": \"Oferta de Proveedor por Insumo\", \"object\": \"Porta LED 50-2204CT - Newark ($1.94)\", \"fields\": [\"Precio de Compra Unitario\", \"Tiempo de Entrega Estimado (d\\u00edas)\"]}}]"
  }
},
{
  "model": "admin.logentry",
  "pk": 176,
  "fields": {
    "action_time": "2025-06-25T14:09:10.403Z",
    "user": 1,
    "content_type": 14,
    "object_id": "11",
    "object_repr": "Porta LED 2213254-1",
    "action_flag": 2,
    "change_message": "[{\"added\": {\"name\": \"Oferta de Proveedor por Insumo\", \"object\": \"Porta LED 2213254-1 - Arrow Electronics ($54.12)\"}}, {\"added\": {\"name\": \"Oferta de Proveedor por Insumo\", \"object\": \"Porta LED 2213254-1 - Element14 ($2.97)\"}}]"
  }
},
{
  "model": "admin.logentry",
  "pk": 177,
  "fields": {
    "action_time": "2025-06-25T14:09:43.108Z",
    "user": 1,
    "content_type": 14,
    "object_id": "12",
    "object_repr": "Porta LED 50-2001CR",
    "action_flag": 2,
    "change_message": "[{\"added\": {\"name\": \"Oferta de Proveedor por Insumo\", \"object\": \"Porta LED 50-2001CR - Element14 ($2.97)\"}}, {\"added\": {\"name\": \"Oferta de Proveedor por Insumo\", \"object\": \"Porta LED 50-2001CR - Newark ($1.94)\"}}]"
  }
},
{
  "model": "admin.logentry",
  "pk": 178,
  "fields": {
    "action_time": "2025-06-25T14:11:09.048Z",
    "user": 1,
    "content_type": 14,
    "object_id": "5",
    "object_repr": "Driver LED, Corriente Constante, Entrada:3-5.5V, 16 Salidas, 30 MHz, Salida:20V/100 mA, SOIC-24",
    "action_flag": 2,
    "change_message": "[{\"changed\": {\"name\": \"Oferta de Proveedor por Insumo\", \"object\": \"Driver LED, Corriente Constante, Entrada:3-5.5V, 16 Salidas, 30 MHz, Salida:20V/100 mA, SOIC-24 - Arrow Electronics ($1.23)\", \"fields\": [\"Precio de Compra Unitario\", \"Tiempo de Entrega Estimado (d\\u00edas)\"]}}, {\"changed\": {\"name\": \"Oferta de Proveedor por Insumo\", \"object\": \"Driver LED, Corriente Constante, Entrada:3-5.5V, 16 Salidas, 30 MHz, Salida:20V/100 mA, SOIC-24 - Newark ($1.87)\", \"fields\": [\"Precio de Compra Unitario\", \"Tiempo de Entrega Estimado (d\\u00edas)\"]}}]"
  }
},
{
  "model": "admin.logentry",
  "pk": 179,
  "fields": {
    "action_time": "2025-06-25T14:11:40.714Z",
    "user": 1,
    "content_type": 14,
    "object_id": "13",
    "object_repr": "Driver Led, Reductor, Atenuación 243;n PWM, Entrada:7-30V, Conmutación 243 n:1MHz, Salida:30V/1A, TSOT-23-5",
    "action_flag": 2,
    "change_message": "[{\"added\": {\"name\": \"Oferta de Proveedor por Insumo\", \"object\": \"Driver Led, Reductor, Atenuaci\\u00f3n 243;n PWM, Entrada:7-30V, Conmutaci\\u00f3n 243 n:1MHz, Salida:30V/1A, TSOT-23-5 - Newark ($2.85)\"}}]"
  }
},
{
  "model": "admin.logentry",
  "pk": 180,
  "fields": {
    "action_time": "2025-06-25T14:11:59.957Z",
    "user": 1,
    "content_type": 14,
    "object_id": "13",
    "object_repr": "Driver Led, Reductor, Atenuación 243;n PWM, Entrada:7-30V, Conmutación 243 n:1MHz, Salida:30V/1A, TSOT-23-5",
    "action_flag": 2,
    "change_message": "[{\"added\": {\"name\": \"Oferta de Proveedor por Insumo\", \"object\": \"Driver Led, Reductor, Atenuaci\\u00f3n 243;n PWM, Entrada:7-30V, Conmutaci\\u00f3n 243 n:1MHz, Salida:30V/1A, TSOT-23-5 - Alibaba ($1.23)\"}}]"
  }
},
{
  "model": "admin.logentry",
  "pk": 181,
  "fields": {
    "action_time": "2025-06-25T14:12:51.916Z",
    "user": 1,
    "content_type": 14,
    "object_id": "14",
    "object_repr": "LED DRIVER, LINEAR, 1MHZ, VQFN-32",
    "action_flag": 2,
    "change_message": "[{\"added\": {\"name\": \"Oferta de Proveedor por Insumo\", \"object\": \"LED DRIVER, LINEAR, 1MHZ, VQFN-32 - Newark ($2.75)\"}}, {\"added\": {\"name\": \"Oferta de Proveedor por Insumo\", \"object\": \"LED DRIVER, LINEAR, 1MHZ, VQFN-32 - Bridgelux ($2.30)\"}}]"
  }
},
{
  "model": "admin.logentry",
  "pk": 182,
  "fields": {
    "action_time": "2025-06-25T14:14:25.327Z",
    "user": 1,
    "content_type": 14,
    "object_id": "15",
    "object_repr": "Disipador de Calor para LED, Anodizado negro",
    "action_flag": 2,
    "change_message": "[{\"added\": {\"name\": \"Oferta de Proveedor por Insumo\", \"object\": \"Disipador de Calor para LED, Anodizado negro - Newark ($7.49)\"}}, {\"added\": {\"name\": \"Oferta de Proveedor por Insumo\", \"object\": \"Disipador de Calor para LED, Anodizado negro - DigiKey ($3.52)\"}}]"
  }
},
{
  "model": "admin.logentry",
  "pk": 183,
  "fields": {
    "action_time": "2025-06-25T14:15:04.261Z",
    "user": 1,
    "content_type": 14,
    "object_id": "16",
    "object_repr": "Disipador de Calor para LED, DUAL LED Series, SMD LED Arrays, COBs and Driverless AC-LED's",
    "action_flag": 2,
    "change_message": "[{\"added\": {\"name\": \"Oferta de Proveedor por Insumo\", \"object\": \"Disipador de Calor para LED, DUAL LED Series, SMD LED Arrays, COBs and Driverless AC-LED's - DigiKey ($3.52)\"}}, {\"added\": {\"name\": \"Oferta de Proveedor por Insumo\", \"object\": \"Disipador de Calor para LED, DUAL LED Series, SMD LED Arrays, COBs and Driverless AC-LED's - Newark ($54.45)\"}}]"
  }
},
{
  "model": "admin.logentry",
  "pk": 184,
  "fields": {
    "action_time": "2025-06-25T14:15:45.491Z",
    "user": 1,
    "content_type": 14,
    "object_id": "17",
    "object_repr": "Redondo TDLM LED Fortimo giratorio Disipador térmico",
    "action_flag": 2,
    "change_message": "[{\"added\": {\"name\": \"Oferta de Proveedor por Insumo\", \"object\": \"Redondo TDLM LED Fortimo giratorio Disipador t\\u00e9rmico - Newark ($54.45)\"}}, {\"added\": {\"name\": \"Oferta de Proveedor por Insumo\", \"object\": \"Redondo TDLM LED Fortimo giratorio Disipador t\\u00e9rmico - DigiKey ($32.83)\"}}]"
  }
},
{
  "model": "admin.logentry",
  "pk": 185,
  "fields": {
    "action_time": "2025-06-25T14:16:35.461Z",
    "user": 1,
    "content_type": 14,
    "object_id": "18",
    "object_repr": "Lentes y ensambles LED LZ4 LENS NARROW SPOT BEAM",
    "action_flag": 2,
    "change_message": "[{\"added\": {\"name\": \"Oferta de Proveedor por Insumo\", \"object\": \"Lentes y ensambles LED LZ4 LENS NARROW SPOT BEAM - Newark ($8.52)\"}}, {\"added\": {\"name\": \"Oferta de Proveedor por Insumo\", \"object\": \"Lentes y ensambles LED LZ4 LENS NARROW SPOT BEAM - Mouser ($253.00)\"}}]"
  }
},
{
  "model": "admin.logentry",
  "pk": 186,
  "fields": {
    "action_time": "2025-06-25T14:17:26.206Z",
    "user": 1,
    "content_type": 14,
    "object_id": "19",
    "object_repr": "Lens With Holder Clear 20° Diffuser Adhesive Tape",
    "action_flag": 2,
    "change_message": "[{\"added\": {\"name\": \"Oferta de Proveedor por Insumo\", \"object\": \"Lens With Holder Clear 20\\u00b0 Diffuser Adhesive Tape - DigiKey ($3.90)\"}}, {\"added\": {\"name\": \"Oferta de Proveedor por Insumo\", \"object\": \"Lens With Holder Clear 20\\u00b0 Diffuser Adhesive Tape - Arrow Electronics ($0.83)\"}}]"
  }
},
{
  "model": "admin.logentry",
  "pk": 187,
  "fields": {
    "action_time": "2025-06-25T14:18:07.859Z",
    "user": 1,
    "content_type": 14,
    "object_id": "20",
    "object_repr": "Round Optical Lens Clear Polycarbonate Box",
    "action_flag": 2,
    "change_message": "[{\"added\": {\"name\": \"Oferta de Proveedor por Insumo\", \"object\": \"Round Optical Lens Clear Polycarbonate Box - Arrow Electronics ($0.83)\"}}, {\"added\": {\"name\": \"Oferta de Proveedor por Insumo\", \"object\": \"Round Optical Lens Clear Polycarbonate Box - Newark ($8.52)\"}}]"
  }
},
{
  "model": "admin.logentry",
  "pk": 188,
  "fields": {
    "action_time": "2025-06-25T14:18:48.295Z",
    "user": 1,
    "content_type": 14,
    "object_id": "21",
    "object_repr": "CREE XPE/G REFLECTOR, SPOT",
    "action_flag": 2,
    "change_message": "[{\"added\": {\"name\": \"Oferta de Proveedor por Insumo\", \"object\": \"CREE XPE/G REFLECTOR, SPOT - Newark ($2.77)\"}}, {\"added\": {\"name\": \"Oferta de Proveedor por Insumo\", \"object\": \"CREE XPE/G REFLECTOR, SPOT - Osram ($2.94)\"}}]"
  }
},
{
  "model": "admin.logentry",
  "pk": 189,
  "fields": {
    "action_time": "2025-06-25T14:19:51.289Z",
    "user": 1,
    "content_type": 14,
    "object_id": "22",
    "object_repr": "Reflector LED, Fijación con Pegamento, PC (Policarbonato), 74°, 14.75 mm",
    "action_flag": 2,
    "change_message": "[{\"added\": {\"name\": \"Oferta de Proveedor por Insumo\", \"object\": \"Reflector LED, Fijaci\\u00f3n con Pegamento, PC (Policarbonato), 74\\u00b0, 14.75 mm - Newark ($2.94)\"}}, {\"added\": {\"name\": \"Oferta de Proveedor por Insumo\", \"object\": \"Reflector LED, Fijaci\\u00f3n con Pegamento, PC (Policarbonato), 74\\u00b0, 14.75 mm - Bridgelux ($12.77)\"}}]"
  }
},
{
  "model": "admin.logentry",
  "pk": 190,
  "fields": {
    "action_time": "2025-06-25T14:20:44.255Z",
    "user": 1,
    "content_type": 14,
    "object_id": "23",
    "object_repr": "Reflector LED, Fijación con Tornillos, PC (Policarbonato), 11°, 87.8 mm",
    "action_flag": 2,
    "change_message": "[{\"added\": {\"name\": \"Oferta de Proveedor por Insumo\", \"object\": \"Reflector LED, Fijaci\\u00f3n con Tornillos, PC (Policarbonato), 11\\u00b0, 87.8 mm - Newark ($24.85)\"}}, {\"added\": {\"name\": \"Oferta de Proveedor por Insumo\", \"object\": \"Reflector LED, Fijaci\\u00f3n con Tornillos, PC (Policarbonato), 11\\u00b0, 87.8 mm - Mouser ($2.77)\"}}]"
  }
},
{
  "model": "admin.logentry",
  "pk": 191,
  "fields": {
    "action_time": "2025-06-25T14:21:15.147Z",
    "user": 1,
    "content_type": 14,
    "object_id": "24",
    "object_repr": "Reflector LED, Fijación con Tornillos, PC (Policarbonato), 19°, 86.2 mm",
    "action_flag": 2,
    "change_message": "[{\"added\": {\"name\": \"Oferta de Proveedor por Insumo\", \"object\": \"Reflector LED, Fijaci\\u00f3n con Tornillos, PC (Policarbonato), 19\\u00b0, 86.2 mm - Newark ($12.77)\"}}, {\"added\": {\"name\": \"Oferta de Proveedor por Insumo\", \"object\": \"Reflector LED, Fijaci\\u00f3n con Tornillos, PC (Policarbonato), 19\\u00b0, 86.2 mm - Standard ($2.77)\"}}]"
  }
},
{
  "model": "admin.logentry",
  "pk": 192,
  "fields": {
    "action_time": "2025-06-25T14:22:10.947Z",
    "user": 1,
    "content_type": 14,
    "object_id": "25",
    "object_repr": "Ensamble de Cable, Cable Conector L&#237;nea de Poder 12\" para Uso con Barra de Luz LED",
    "action_flag": 2,
    "change_message": "[{\"added\": {\"name\": \"Oferta de Proveedor por Insumo\", \"object\": \"Ensamble de Cable, Cable Conector L&#237;nea de Poder 12\\\" para Uso con Barra de Luz LED - Newark ($2.91)\"}}, {\"added\": {\"name\": \"Oferta de Proveedor por Insumo\", \"object\": \"Ensamble de Cable, Cable Conector L&#237;nea de Poder 12\\\" para Uso con Barra de Luz LED - DigiKey ($73.65)\"}}]"
  }
},
{
  "model": "admin.logentry",
  "pk": 193,
  "fields": {
    "action_time": "2025-06-25T14:23:00.793Z",
    "user": 1,
    "content_type": 14,
    "object_id": "26",
    "object_repr": "Conjunto de Cable, Receptáculo eléctrico, Extremo Libre, 6.5 ft, 2 m, Blanco",
    "action_flag": 2,
    "change_message": "[{\"added\": {\"name\": \"Oferta de Proveedor por Insumo\", \"object\": \"Conjunto de Cable, Recept\\u00e1culo el\\u00e9ctrico, Extremo Libre, 6.5 ft, 2 m, Blanco - Newark ($73.65)\"}}, {\"added\": {\"name\": \"Oferta de Proveedor por Insumo\", \"object\": \"Conjunto de Cable, Recept\\u00e1culo el\\u00e9ctrico, Extremo Libre, 6.5 ft, 2 m, Blanco - Alibaba ($19.14)\"}}]"
  }
},
{
  "model": "admin.logentry",
  "pk": 194,
  "fields": {
    "action_time": "2025-06-25T14:23:28.835Z",
    "user": 1,
    "content_type": 14,
    "object_id": "27",
    "object_repr": "Conjunto de Cable, Receptáculo de Compresión a Extremo Libre, 1 ft, 300 mm, Rojo",
    "action_flag": 2,
    "change_message": "[{\"added\": {\"name\": \"Oferta de Proveedor por Insumo\", \"object\": \"Conjunto de Cable, Recept\\u00e1culo de Compresi\\u00f3n a Extremo Libre, 1 ft, 300 mm, Rojo - Newark ($19.15)\"}}, {\"added\": {\"name\": \"Oferta de Proveedor por Insumo\", \"object\": \"Conjunto de Cable, Recept\\u00e1culo de Compresi\\u00f3n a Extremo Libre, 1 ft, 300 mm, Rojo - Arrow Electronics ($53.52)\"}}]"
  }
},
{
  "model": "admin.logentry",
  "pk": 195,
  "fields": {
    "action_time": "2025-06-25T14:23:52.982Z",
    "user": 1,
    "content_type": 14,
    "object_id": "28",
    "object_repr": "Conjunto de Cable, Conector LED a Extremo Libre, 6.56 ft, 2 m, Negro",
    "action_flag": 2,
    "change_message": "[{\"added\": {\"name\": \"Oferta de Proveedor por Insumo\", \"object\": \"Conjunto de Cable, Conector LED a Extremo Libre, 6.56 ft, 2 m, Negro - Newark ($53.52)\"}}, {\"added\": {\"name\": \"Oferta de Proveedor por Insumo\", \"object\": \"Conjunto de Cable, Conector LED a Extremo Libre, 6.56 ft, 2 m, Negro - Element14 ($2.91)\"}}]"
  }
},
{
  "model": "admin.logentry",
  "pk": 196,
  "fields": {
    "action_time": "2025-06-25T14:25:14.548Z",
    "user": 1,
    "content_type": 14,
    "object_id": "29",
    "object_repr": "Conector de Luz, Tierra Anterior, Posición Central, Serie LUMI-NUTS, 3 Contactos",
    "action_flag": 2,
    "change_message": "[{\"added\": {\"name\": \"Oferta de Proveedor por Insumo\", \"object\": \"Conector de Luz, Tierra Anterior, Posici\\u00f3n Central, Serie LUMI-NUTS, 3 Contactos - Newark ($2.5)\"}}, {\"added\": {\"name\": \"Oferta de Proveedor por Insumo\", \"object\": \"Conector de Luz, Tierra Anterior, Posici\\u00f3n Central, Serie LUMI-NUTS, 3 Contactos - Osram ($20.40)\"}}]"
  }
},
{
  "model": "admin.logentry",
  "pk": 197,
  "fields": {
    "action_time": "2025-06-25T14:25:57.880Z",
    "user": 1,
    "content_type": 14,
    "object_id": "30",
    "object_repr": "Accesorio de Caja, Conector, Luces de Carcasa LED Stego 100-240Vca, Blanco",
    "action_flag": 2,
    "change_message": "[{\"added\": {\"name\": \"Oferta de Proveedor por Insumo\", \"object\": \"Accesorio de Caja, Conector, Luces de Carcasa LED Stego 100-240Vca, Blanco - Newark ($20.40)\"}}, {\"added\": {\"name\": \"Oferta de Proveedor por Insumo\", \"object\": \"Accesorio de Caja, Conector, Luces de Carcasa LED Stego 100-240Vca, Blanco - Arrow Electronics ($23.90)\"}}]"
  }
},
{
  "model": "admin.logentry",
  "pk": 198,
  "fields": {
    "action_time": "2025-06-25T14:26:31.006Z",
    "user": 1,
    "content_type": 14,
    "object_id": "31",
    "object_repr": "Conector de Luz, 4 Contactos, Receptáculo eléctrico, 4 mm, Soldable, 1 Líneas",
    "action_flag": 2,
    "change_message": "[{\"added\": {\"name\": \"Oferta de Proveedor por Insumo\", \"object\": \"Conector de Luz, 4 Contactos, Recept\\u00e1culo el\\u00e9ctrico, 4 mm, Soldable, 1 L\\u00edneas - Newark ($23.90)\"}}, {\"added\": {\"name\": \"Oferta de Proveedor por Insumo\", \"object\": \"Conector de Luz, 4 Contactos, Recept\\u00e1culo el\\u00e9ctrico, 4 mm, Soldable, 1 L\\u00edneas - Mouser ($14.20)\"}}]"
  }
},
{
  "model": "admin.logentry",
  "pk": 199,
  "fields": {
    "action_time": "2025-06-25T14:26:53.255Z",
    "user": 1,
    "content_type": 14,
    "object_id": "32",
    "object_repr": "LIGHTING CONN, RCPT, 2POS, PCB MOUNT ROHS COMPLIANT: YES",
    "action_flag": 2,
    "change_message": "[{\"added\": {\"name\": \"Oferta de Proveedor por Insumo\", \"object\": \"LIGHTING CONN, RCPT, 2POS, PCB MOUNT ROHS COMPLIANT: YES - Newark ($14.20)\"}}, {\"added\": {\"name\": \"Oferta de Proveedor por Insumo\", \"object\": \"LIGHTING CONN, RCPT, 2POS, PCB MOUNT ROHS COMPLIANT: YES - Osram ($2.5)\"}}]"
  }
},
{
  "model": "admin.logentry",
  "pk": 200,
  "fields": {
    "action_time": "2025-06-25T14:27:56.744Z",
    "user": 1,
    "content_type": 14,
    "object_id": "33",
    "object_repr": "CONNECTOR, RECEPTACLE, 7POS",
    "action_flag": 2,
    "change_message": "[{\"added\": {\"name\": \"Oferta de Proveedor por Insumo\", \"object\": \"CONNECTOR, RECEPTACLE, 7POS - Newark ($13.97)\"}}, {\"added\": {\"name\": \"Oferta de Proveedor por Insumo\", \"object\": \"CONNECTOR, RECEPTACLE, 7POS - Bridgelux ($81.50)\"}}]"
  }
},
{
  "model": "admin.logentry",
  "pk": 201,
  "fields": {
    "action_time": "2025-06-25T14:28:30.549Z",
    "user": 1,
    "content_type": 14,
    "object_id": "34",
    "object_repr": "Conector para LED de Alumbrado Público, FLB Series, 7 Contactos, Macho, Agujero Pasante",
    "action_flag": 2,
    "change_message": "[{\"added\": {\"name\": \"Oferta de Proveedor por Insumo\", \"object\": \"Conector para LED de Alumbrado P\\u00fablico, FLB Series, 7 Contactos, Macho, Agujero Pasante - Newark ($81.50)\"}}, {\"added\": {\"name\": \"Oferta de Proveedor por Insumo\", \"object\": \"Conector para LED de Alumbrado P\\u00fablico, FLB Series, 7 Contactos, Macho, Agujero Pasante - Standard ($13.12)\"}}]"
  }
},
{
  "model": "admin.logentry",
  "pk": 202,
  "fields": {
    "action_time": "2025-06-25T14:29:02.697Z",
    "user": 1,
    "content_type": 14,
    "object_id": "35",
    "object_repr": "WHT PIXEL CLUSTER, 500M, 80CD, 0.14A/12V ROHS COMPLIANT: YES",
    "action_flag": 2,
    "change_message": "[{\"added\": {\"name\": \"Oferta de Proveedor por Insumo\", \"object\": \"WHT PIXEL CLUSTER, 500M, 80CD, 0.14A/12V ROHS COMPLIANT: YES - Newark ($13.12)\"}}, {\"added\": {\"name\": \"Oferta de Proveedor por Insumo\", \"object\": \"WHT PIXEL CLUSTER, 500M, 80CD, 0.14A/12V ROHS COMPLIANT: YES - Arrow Electronics ($87.90)\"}}]"
  }
},
{
  "model": "admin.logentry",
  "pk": 203,
  "fields": {
    "action_time": "2025-06-25T14:29:26.482Z",
    "user": 1,
    "content_type": 14,
    "object_id": "36",
    "object_repr": "Conector para LED de Alumbrado Público, LUMAWISE Endurance S2 Series, 4 Contactos",
    "action_flag": 2,
    "change_message": "[{\"added\": {\"name\": \"Oferta de Proveedor por Insumo\", \"object\": \"Conector para LED de Alumbrado P\\u00fablico, LUMAWISE Endurance S2 Series, 4 Contactos - Newark ($87.90)\"}}, {\"added\": {\"name\": \"Oferta de Proveedor por Insumo\", \"object\": \"Conector para LED de Alumbrado P\\u00fablico, LUMAWISE Endurance S2 Series, 4 Contactos - Alibaba ($13.97)\"}}]"
  }
},
{
  "model": "admin.logentry",
  "pk": 204,
  "fields": {
    "action_time": "2025-06-25T14:30:15.118Z",
    "user": 1,
    "content_type": 14,
    "object_id": "37",
    "object_repr": "Driver LED, ITE, 100.8 W, 24 V, 4.2 A, Voltaje Constante, 90 V",
    "action_flag": 2,
    "change_message": "[{\"added\": {\"name\": \"Oferta de Proveedor por Insumo\", \"object\": \"Driver LED, ITE, 100.8 W, 24 V, 4.2 A, Voltaje Constante, 90 V - Newark ($31.05)\"}}, {\"added\": {\"name\": \"Oferta de Proveedor por Insumo\", \"object\": \"Driver LED, ITE, 100.8 W, 24 V, 4.2 A, Voltaje Constante, 90 V - Alibaba ($12.27)\"}}]"
  }
},
{
  "model": "admin.logentry",
  "pk": 205,
  "fields": {
    "action_time": "2025-06-25T14:31:41.509Z",
    "user": 1,
    "content_type": 14,
    "object_id": "38",
    "object_repr": "Driver LED, ITE, 21 W, 30 V, 700 mA, Corriente Constante, 90 V",
    "action_flag": 2,
    "change_message": "[{\"added\": {\"name\": \"Oferta de Proveedor por Insumo\", \"object\": \"Driver LED, ITE, 21 W, 30 V, 700 mA, Corriente Constante, 90 V - Newark ($12.27)\"}}, {\"added\": {\"name\": \"Oferta de Proveedor por Insumo\", \"object\": \"Driver LED, ITE, 21 W, 30 V, 700 mA, Corriente Constante, 90 V - Element14 ($10.90)\"}}]"
  }
},
{
  "model": "admin.logentry",
  "pk": 206,
  "fields": {
    "action_time": "2025-06-25T14:32:10.065Z",
    "user": 1,
    "content_type": 14,
    "object_id": "39",
    "object_repr": "Driver LED, ITE, 12 W, 12 V, 1 A, Voltaje Constante, 90 V",
    "action_flag": 2,
    "change_message": "[{\"added\": {\"name\": \"Oferta de Proveedor por Insumo\", \"object\": \"Driver LED, ITE, 12 W, 12 V, 1 A, Voltaje Constante, 90 V - Newark ($10.90)\"}}, {\"added\": {\"name\": \"Oferta de Proveedor por Insumo\", \"object\": \"Driver LED, ITE, 12 W, 12 V, 1 A, Voltaje Constante, 90 V - Osram ($22.03)\"}}]"
  }
},
{
  "model": "admin.logentry",
  "pk": 207,
  "fields": {
    "action_time": "2025-06-25T14:32:37.155Z",
    "user": 1,
    "content_type": 14,
    "object_id": "40",
    "object_repr": "Driver LED, ITE, 36 W, 24 V, 1.5 A, Voltaje Constante, 90 V",
    "action_flag": 2,
    "change_message": "[{\"added\": {\"name\": \"Oferta de Proveedor por Insumo\", \"object\": \"Driver LED, ITE, 36 W, 24 V, 1.5 A, Voltaje Constante, 90 V - Newark ($22.03)\"}}, {\"added\": {\"name\": \"Oferta de Proveedor por Insumo\", \"object\": \"Driver LED, ITE, 36 W, 24 V, 1.5 A, Voltaje Constante, 90 V - Standard ($31.05)\"}}]"
  }
},
{
  "model": "admin.logentry",
  "pk": 208,
  "fields": {
    "action_time": "2025-06-25T14:33:26.277Z",
    "user": 1,
    "content_type": 14,
    "object_id": "41",
    "object_repr": "Tira de LED, 80 mm, 3 LEDs, Blanco, 12 VDC, 1.5 W, IP67",
    "action_flag": 2,
    "change_message": "[{\"added\": {\"name\": \"Oferta de Proveedor por Insumo\", \"object\": \"Tira de LED, 80 mm, 3 LEDs, Blanco, 12 VDC, 1.5 W, IP67 - Newark ($34.89)\"}}, {\"added\": {\"name\": \"Oferta de Proveedor por Insumo\", \"object\": \"Tira de LED, 80 mm, 3 LEDs, Blanco, 12 VDC, 1.5 W, IP67 - Mouser ($46.95)\"}}]"
  }
},
{
  "model": "admin.logentry",
  "pk": 209,
  "fields": {
    "action_time": "2025-06-25T14:34:12.333Z",
    "user": 1,
    "content_type": 14,
    "object_id": "42",
    "object_repr": "Tira de LED, 5 m, 300 LEDs, Blanco, 12 V, 20 W",
    "action_flag": 2,
    "change_message": "[{\"added\": {\"name\": \"Oferta de Proveedor por Insumo\", \"object\": \"Tira de LED, 5 m, 300 LEDs, Blanco, 12 V, 20 W - Newark ($46.95)\"}}, {\"added\": {\"name\": \"Oferta de Proveedor por Insumo\", \"object\": \"Tira de LED, 5 m, 300 LEDs, Blanco, 12 V, 20 W - Standard ($382.00)\"}}]"
  }
},
{
  "model": "admin.logentry",
  "pk": 210,
  "fields": {
    "action_time": "2025-06-25T14:34:47.662Z",
    "user": 1,
    "content_type": 14,
    "object_id": "43",
    "object_repr": "Tira de LED, 480 mm, 60 LEDs, 12 VDC, 5.7 W",
    "action_flag": 2,
    "change_message": "[{\"added\": {\"name\": \"Oferta de Proveedor por Insumo\", \"object\": \"Tira de LED, 480 mm, 60 LEDs, 12 VDC, 5.7 W - Newark ($382.00)\"}}, {\"added\": {\"name\": \"Oferta de Proveedor por Insumo\", \"object\": \"Tira de LED, 480 mm, 60 LEDs, 12 VDC, 5.7 W - DigiKey ($239.81)\"}}]"
  }
},
{
  "model": "admin.logentry",
  "pk": 211,
  "fields": {
    "action_time": "2025-06-25T14:35:20.164Z",
    "user": 1,
    "content_type": 14,
    "object_id": "44",
    "object_repr": "LED STRIP LIGHT, WHITE, 45W, 24V, 5M ROHS COMPLIANT: YES",
    "action_flag": 2,
    "change_message": "[{\"added\": {\"name\": \"Oferta de Proveedor por Insumo\", \"object\": \"LED STRIP LIGHT, WHITE, 45W, 24V, 5M ROHS COMPLIANT: YES - Newark ($239.81)\"}}, {\"added\": {\"name\": \"Oferta de Proveedor por Insumo\", \"object\": \"LED STRIP LIGHT, WHITE, 45W, 24V, 5M ROHS COMPLIANT: YES - Osram ($34.89)\"}}]"
  }
},
{
  "model": "admin.logentry",
  "pk": 212,
  "fields": {
    "action_time": "2025-06-25T14:36:29.783Z",
    "user": 1,
    "content_type": 14,
    "object_id": "45",
    "object_repr": "LED, Blanco Frío, CRI 80, 137W, 12000lm, 2.4A, 115°, 36V, 5000K, SMD-2, Redondo, Aplanado",
    "action_flag": 2,
    "change_message": "[{\"added\": {\"name\": \"Oferta de Proveedor por Insumo\", \"object\": \"LED, Blanco Fr\\u00edo, CRI 80, 137W, 12000lm, 2.4A, 115\\u00b0, 36V, 5000K, SMD-2, Redondo, Aplanado - Newark ($41.23)\"}}, {\"added\": {\"name\": \"Oferta de Proveedor por Insumo\", \"object\": \"LED, Blanco Fr\\u00edo, CRI 80, 137W, 12000lm, 2.4A, 115\\u00b0, 36V, 5000K, SMD-2, Redondo, Aplanado - Element14 ($98.30)\"}}]"
  }
},
{
  "model": "admin.logentry",
  "pk": 213,
  "fields": {
    "action_time": "2025-06-25T14:36:56.060Z",
    "user": 1,
    "content_type": 14,
    "object_id": "46",
    "object_repr": "LED, Blanco Cálido, CRI 92, 40W, 2100lm, 550mA, 115°, 35V, 2700K, SMD-2, Redondo, Aplanado",
    "action_flag": 2,
    "change_message": "[{\"added\": {\"name\": \"Oferta de Proveedor por Insumo\", \"object\": \"LED, Blanco C\\u00e1lido, CRI 92, 40W, 2100lm, 550mA, 115\\u00b0, 35V, 2700K, SMD-2, Redondo, Aplanado - Newark ($98.30)\"}}, {\"added\": {\"name\": \"Oferta de Proveedor por Insumo\", \"object\": \"LED, Blanco C\\u00e1lido, CRI 92, 40W, 2100lm, 550mA, 115\\u00b0, 35V, 2700K, SMD-2, Redondo, Aplanado - Bridgelux ($32.00)\"}}]"
  }
},
{
  "model": "admin.logentry",
  "pk": 214,
  "fields": {
    "action_time": "2025-06-25T14:37:25.729Z",
    "user": 1,
    "content_type": 14,
    "object_id": "47",
    "object_repr": "LED, Blanco Cálido, CRI 80, 9.5W, 440lm, 400mA, 115°, 8.6V, 3000K, SMD-2, Redondo, Aplanado",
    "action_flag": 2,
    "change_message": "[{\"added\": {\"name\": \"Oferta de Proveedor por Insumo\", \"object\": \"LED, Blanco C\\u00e1lido, CRI 80, 9.5W, 440lm, 400mA, 115\\u00b0, 8.6V, 3000K, SMD-2, Redondo, Aplanado - Newark ($32.00)\"}}, {\"added\": {\"name\": \"Oferta de Proveedor por Insumo\", \"object\": \"LED, Blanco C\\u00e1lido, CRI 80, 9.5W, 440lm, 400mA, 115\\u00b0, 8.6V, 3000K, SMD-2, Redondo, Aplanado - Arrow Electronics ($2.70)\"}}]"
  }
},
{
  "model": "admin.logentry",
  "pk": 215,
  "fields": {
    "action_time": "2025-06-25T14:38:03.396Z",
    "user": 1,
    "content_type": 14,
    "object_id": "48",
    "object_repr": "LED, Blanco Cálido, Capacidad 80 CRI, 10.9 W, 355lm, 400mA, 115°, 3000 K, SMD-2, Redondo Punta Plana",
    "action_flag": 2,
    "change_message": "[{\"added\": {\"name\": \"Oferta de Proveedor por Insumo\", \"object\": \"LED, Blanco C\\u00e1lido, Capacidad 80 CRI, 10.9 W, 355lm, 400mA, 115\\u00b0, 3000 K, SMD-2, Redondo Punta Plana - Newark ($2.70)\"}}, {\"added\": {\"name\": \"Oferta de Proveedor por Insumo\", \"object\": \"LED, Blanco C\\u00e1lido, Capacidad 80 CRI, 10.9 W, 355lm, 400mA, 115\\u00b0, 3000 K, SMD-2, Redondo Punta Plana - Element14 ($41.23)\"}}]"
  }
},
{
  "model": "admin.logentry",
  "pk": 216,
  "fields": {
    "action_time": "2025-06-25T14:38:44.834Z",
    "user": 1,
    "content_type": 14,
    "object_id": "49",
    "object_repr": "LED de Alto Brillo, Serie 521, Rojo, Verde, 60 °, R 660nm, G 565nm",
    "action_flag": 2,
    "change_message": "[{\"added\": {\"name\": \"Oferta de Proveedor por Insumo\", \"object\": \"LED de Alto Brillo, Serie 521, Rojo, Verde, 60 \\u00b0, R 660nm, G 565nm - Arrow Electronics ($20.20)\"}}, {\"added\": {\"name\": \"Oferta de Proveedor por Insumo\", \"object\": \"LED de Alto Brillo, Serie 521, Rojo, Verde, 60 \\u00b0, R 660nm, G 565nm - Alibaba ($13.10)\"}}]"
  }
},
{
  "model": "admin.logentry",
  "pk": 217,
  "fields": {
    "action_time": "2025-06-25T14:39:42.816Z",
    "user": 1,
    "content_type": 14,
    "object_id": "51",
    "object_repr": "LED de Alto Brillo, OSLON Compact PL Series, Blanco, 120 °, 1880 lm, 1.5 A",
    "action_flag": 2,
    "change_message": "[{\"added\": {\"name\": \"Oferta de Proveedor por Insumo\", \"object\": \"LED de Alto Brillo, OSLON Compact PL Series, Blanco, 120 \\u00b0, 1880 lm, 1.5 A - Newark ($53.70)\"}}, {\"added\": {\"name\": \"Oferta de Proveedor por Insumo\", \"object\": \"LED de Alto Brillo, OSLON Compact PL Series, Blanco, 120 \\u00b0, 1880 lm, 1.5 A - Arrow Electronics ($28.20)\"}}]"
  }
},
{
  "model": "admin.logentry",
  "pk": 218,
  "fields": {
    "action_time": "2025-06-25T14:40:11.086Z",
    "user": 1,
    "content_type": 14,
    "object_id": "52",
    "object_repr": "LED de Alto Brillo, XLamp XP-G3 Series, Azul, 451 nm, 130 &#176;, 2 A",
    "action_flag": 2,
    "change_message": "[{\"added\": {\"name\": \"Oferta de Proveedor por Insumo\", \"object\": \"LED de Alto Brillo, XLamp XP-G3 Series, Azul, 451 nm, 130 &#176;, 2 A - Newark ($28.20)\"}}, {\"added\": {\"name\": \"Oferta de Proveedor por Insumo\", \"object\": \"LED de Alto Brillo, XLamp XP-G3 Series, Azul, 451 nm, 130 &#176;, 2 A - Standard ($2.20)\"}}]"
  }
},
{
  "model": "admin.logentry",
  "pk": 219,
  "fields": {
    "action_time": "2025-06-25T14:40:38.352Z",
    "user": 1,
    "content_type": 14,
    "object_id": "50",
    "object_repr": "High Brightness LED, XLamp ML-E Series, 535 nm, Green, 30.6 lm, 150 mA RoHS Compliant: Yes",
    "action_flag": 2,
    "change_message": "[{\"added\": {\"name\": \"Oferta de Proveedor por Insumo\", \"object\": \"High Brightness LED, XLamp ML-E Series, 535 nm, Green, 30.6 lm, 150 mA RoHS Compliant: Yes - Newark ($13.10)\"}}, {\"added\": {\"name\": \"Oferta de Proveedor por Insumo\", \"object\": \"High Brightness LED, XLamp ML-E Series, 535 nm, Green, 30.6 lm, 150 mA RoHS Compliant: Yes - Standard ($53.70)\"}}]"
  }
},
{
  "model": "admin.logentry",
  "pk": 220,
  "fields": {
    "action_time": "2025-06-25T14:41:27.389Z",
    "user": 1,
    "content_type": 14,
    "object_id": "53",
    "object_repr": "DIMMER MODULE, 230VAC, 6A ROHS COMPLIANT: YES",
    "action_flag": 2,
    "change_message": "[{\"added\": {\"name\": \"Oferta de Proveedor por Insumo\", \"object\": \"DIMMER MODULE, 230VAC, 6A ROHS COMPLIANT: YES - Newark ($67.71)\"}}, {\"added\": {\"name\": \"Oferta de Proveedor por Insumo\", \"object\": \"DIMMER MODULE, 230VAC, 6A ROHS COMPLIANT: YES - Osram ($58.53)\"}}]"
  }
},
{
  "model": "admin.logentry",
  "pk": 221,
  "fields": {
    "action_time": "2025-06-25T14:41:52.612Z",
    "user": 1,
    "content_type": 14,
    "object_id": "54",
    "object_repr": "TRANSCEIVER MOD, DALI DT8, 230VAC, 1-CH ROHS COMPLIANT: YES",
    "action_flag": 2,
    "change_message": "[{\"added\": {\"name\": \"Oferta de Proveedor por Insumo\", \"object\": \"TRANSCEIVER MOD, DALI DT8, 230VAC, 1-CH ROHS COMPLIANT: YES - Newark ($58.53)\"}}, {\"added\": {\"name\": \"Oferta de Proveedor por Insumo\", \"object\": \"TRANSCEIVER MOD, DALI DT8, 230VAC, 1-CH ROHS COMPLIANT: YES - DigiKey ($89.07)\"}}]"
  }
},
{
  "model": "admin.logentry",
  "pk": 222,
  "fields": {
    "action_time": "2025-06-25T14:42:19.931Z",
    "user": 1,
    "content_type": 14,
    "object_id": "55",
    "object_repr": "CONTROL UNIT, DALI, 240VAC, 3W ROHS COMPLIANT: YES",
    "action_flag": 2,
    "change_message": "[{\"added\": {\"name\": \"Oferta de Proveedor por Insumo\", \"object\": \"CONTROL UNIT, DALI, 240VAC, 3W ROHS COMPLIANT: YES - Newark ($89.07)\"}}, {\"added\": {\"name\": \"Oferta de Proveedor por Insumo\", \"object\": \"CONTROL UNIT, DALI, 240VAC, 3W ROHS COMPLIANT: YES - Bridgelux ($170.21)\"}}]"
  }
},
{
  "model": "admin.logentry",
  "pk": 223,
  "fields": {
    "action_time": "2025-06-25T14:42:45.344Z",
    "user": 1,
    "content_type": 14,
    "object_id": "56",
    "object_repr": "LIGHT MANAGEMENT SYSTEM, DALI-2, 230V ROHS COMPLIANT: YES",
    "action_flag": 2,
    "change_message": "[{\"added\": {\"name\": \"Oferta de Proveedor por Insumo\", \"object\": \"LIGHT MANAGEMENT SYSTEM, DALI-2, 230V ROHS COMPLIANT: YES - Newark ($170.21)\"}}, {\"added\": {\"name\": \"Oferta de Proveedor por Insumo\", \"object\": \"LIGHT MANAGEMENT SYSTEM, DALI-2, 230V ROHS COMPLIANT: YES - Mouser ($67.71)\"}}]"
  }
},
{
  "model": "admin.logentry",
  "pk": 224,
  "fields": {
    "action_time": "2025-06-25T14:43:31.019Z",
    "user": 1,
    "content_type": 14,
    "object_id": "57",
    "object_repr": "Adaptador de LED, Chip-Lok®, 50mm, 90°C (194°F), M3, Blanco, Para Uso con CREE",
    "action_flag": 2,
    "change_message": "[{\"added\": {\"name\": \"Oferta de Proveedor por Insumo\", \"object\": \"Adaptador de LED, Chip-Lok\\u00ae, 50mm, 90\\u00b0C (194\\u00b0F), M3, Blanco, Para Uso con CREE - Newark ($1.80)\"}}, {\"added\": {\"name\": \"Oferta de Proveedor por Insumo\", \"object\": \"Adaptador de LED, Chip-Lok\\u00ae, 50mm, 90\\u00b0C (194\\u00b0F), M3, Blanco, Para Uso con CREE - Element14 ($1.73)\"}}]"
  }
},
{
  "model": "admin.logentry",
  "pk": 225,
  "fields": {
    "action_time": "2025-06-25T14:43:59.996Z",
    "user": 1,
    "content_type": 14,
    "object_id": "58",
    "object_repr": "Adaptador de LED, Chip-Lok®, Para Lena, 53.3mm, 90°C (194°F), Lengüeta Separada, Blanco",
    "action_flag": 2,
    "change_message": "[{\"added\": {\"name\": \"Oferta de Proveedor por Insumo\", \"object\": \"Adaptador de LED, Chip-Lok\\u00ae, Para Lena, 53.3mm, 90\\u00b0C (194\\u00b0F), Leng\\u00fceta Separada, Blanco - Newark ($1.73)\"}}, {\"added\": {\"name\": \"Oferta de Proveedor por Insumo\", \"object\": \"Adaptador de LED, Chip-Lok\\u00ae, Para Lena, 53.3mm, 90\\u00b0C (194\\u00b0F), Leng\\u00fceta Separada, Blanco - Osram ($3.39)\"}}]"
  }
},
{
  "model": "admin.logentry",
  "pk": 226,
  "fields": {
    "action_time": "2025-06-25T14:44:29.355Z",
    "user": 1,
    "content_type": 14,
    "object_id": "59",
    "object_repr": "Porta LED, LUMAWISE, 3A, 250V, Dorado, Para Uso con LEDs Cree CXA 25XX",
    "action_flag": 2,
    "change_message": "[{\"added\": {\"name\": \"Oferta de Proveedor por Insumo\", \"object\": \"Porta LED, LUMAWISE, 3A, 250V, Dorado, Para Uso con LEDs Cree CXA 25XX - Newark ($3.39)\"}}, {\"added\": {\"name\": \"Oferta de Proveedor por Insumo\", \"object\": \"Porta LED, LUMAWISE, 3A, 250V, Dorado, Para Uso con LEDs Cree CXA 25XX - Arrow Electronics ($1.73)\"}}]"
  }
},
{
  "model": "admin.logentry",
  "pk": 227,
  "fields": {
    "action_time": "2025-06-25T14:44:59.492Z",
    "user": 1,
    "content_type": 14,
    "object_id": "60",
    "object_repr": "Adaptador de LED, Chip-Lok, Reflector en Ángulo, 47.38mm, 90°C (194°F), Lengüeta Separada, Blanco",
    "action_flag": 2,
    "change_message": "[{\"added\": {\"name\": \"Oferta de Proveedor por Insumo\", \"object\": \"Adaptador de LED, Chip-Lok, Reflector en \\u00c1ngulo, 47.38mm, 90\\u00b0C (194\\u00b0F), Leng\\u00fceta Separada, Blanco - Newark ($1.73)\"}}, {\"added\": {\"name\": \"Oferta de Proveedor por Insumo\", \"object\": \"Adaptador de LED, Chip-Lok, Reflector en \\u00c1ngulo, 47.38mm, 90\\u00b0C (194\\u00b0F), Leng\\u00fceta Separada, Blanco - Mouser ($1.80)\"}}]"
  }
},
{
  "model": "admin.logentry",
  "pk": 228,
  "fields": {
    "action_time": "2025-06-25T15:03:03.664Z",
    "user": 1,
    "content_type": 22,
    "object_id": "14",
    "object_repr": "1 x Tira de LED, 80 mm, 3 LEDs, Blanco, 12 VDC, 1.5 W, IP67 para Iluminación decorativa con tiras LED para exterior",
    "action_flag": 1,
    "change_message": "[{\"added\": {}}]"
  }
},
{
  "model": "admin.logentry",
  "pk": 229,
  "fields": {
    "action_time": "2025-06-25T15:07:15.587Z",
    "user": 1,
    "content_type": 17,
    "object_id": "3",
    "object_repr": "Iluminación decorativa con tiras LED para exterior (Modelo: HG-560)",
    "action_flag": 2,
    "change_message": "[{\"added\": {\"name\": \"Componente de Producto (BOM)\", \"object\": \"1 x LED DRIVER, LINEAR, 1MHZ, VQFN-32 para Iluminaci\\u00f3n decorativa con tiras LED para exterior\"}}, {\"added\": {\"name\": \"Componente de Producto (BOM)\", \"object\": \"1 x Conjunto de Cable, Conector LED a Extremo Libre, 6.56 ft, 2 m, Negro para Iluminaci\\u00f3n decorativa con tiras LED para exterior\"}}, {\"added\": {\"name\": \"Componente de Producto (BOM)\", \"object\": \"1 x DIMMER MODULE, 230VAC, 6A ROHS COMPLIANT: YES para Iluminaci\\u00f3n decorativa con tiras LED para exterior\"}}]"
  }
},
{
  "model": "admin.logentry",
  "pk": 230,
  "fields": {
    "action_time": "2025-06-25T15:10:28.500Z",
    "user": 1,
    "content_type": 17,
    "object_id": "4",
    "object_repr": "Panel LED de techo Negro (Modelo: FP-312)",
    "action_flag": 2,
    "change_message": "[{\"added\": {\"name\": \"Componente de Producto (BOM)\", \"object\": \"1 x M\\u00f3dulo LED DOB sin conductor para bombillas, 3-60 vatios, AC220V para Panel LED de techo Negro\"}}, {\"added\": {\"name\": \"Componente de Producto (BOM)\", \"object\": \"1 x Disipador de Calor para LED, Anodizado negro, LEDs de Dise\\u00f1o 241;o de CI, Aluminio, 2.3 #176;C/W, 10 mm para Panel LED de techo Negro\"}}, {\"added\": {\"name\": \"Componente de Producto (BOM)\", \"object\": \"1 x LED Lens, 7 LED Optic, Spot, Transparent, 39.9 mm, Round, PMMA (Polymethylmethacrylate) RoHS Compliant: Yes para Panel LED de techo Negro\"}}, {\"added\": {\"name\": \"Componente de Producto (BOM)\", \"object\": \"1 x Driver LED, ITE, 100.8 W, 24 V, 4.2 A, Voltaje Constante, 90 V para Panel LED de techo Negro\"}}]"
  }
},
{
  "model": "admin.logentry",
  "pk": 231,
  "fields": {
    "action_time": "2025-06-25T15:13:28.973Z",
    "user": 1,
    "content_type": 17,
    "object_id": "5",
    "object_repr": "Luminaria lineal de barra Negro (Modelo: DG-2109)",
    "action_flag": 2,
    "change_message": "[{\"added\": {\"name\": \"Componente de Producto (BOM)\", \"object\": \"1 x Tira de LED, 80 mm, 3 LEDs, Blanco, 12 VDC, 1.5 W, IP67 para Luminaria lineal de barra Negro\"}}, {\"added\": {\"name\": \"Componente de Producto (BOM)\", \"object\": \"1 x Conjunto de Cable, Recept\\u00e1culo de Compresi\\u00f3n a Extremo Libre, 1 ft, 300 mm, Rojo para Luminaria lineal de barra Negro\"}}, {\"added\": {\"name\": \"Componente de Producto (BOM)\", \"object\": \"1 x Disipador de Calor para LED, Anodizado negro para Luminaria lineal de barra Negro\"}}]"
  }
},
{
  "model": "admin.logentry",
  "pk": 232,
  "fields": {
    "action_time": "2025-06-25T15:19:41.209Z",
    "user": 1,
    "content_type": 17,
    "object_id": "6",
    "object_repr": "Luminaria de acento con control Negro (Modelo: AO-1203)",
    "action_flag": 2,
    "change_message": "[{\"added\": {\"name\": \"Componente de Producto (BOM)\", \"object\": \"1 x M\\u00f3dulo LED, OSCONIQ S 5050 Series, Board + LED, Horti Blanco, 253 lm para Luminaria de acento con control Negro\"}}, {\"added\": {\"name\": \"Componente de Producto (BOM)\", \"object\": \"1 x LED, Blanco Fr\\u00edo, CRI 80, 137W, 12000lm, 2.4A, 115\\u00b0, 36V, 5000K, SMD-2, Redondo, Aplanado para Luminaria de acento con control Negro\"}}, {\"added\": {\"name\": \"Componente de Producto (BOM)\", \"object\": \"1 x Driver Led, Reductor, Atenuaci\\u00f3n 243;n PWM, Entrada:7-30V, Conmutaci\\u00f3n 243 n:1MHz, Salida:30V/1A, TSOT-23-5 para Luminaria de acento con control Negro\"}}, {\"added\": {\"name\": \"Componente de Producto (BOM)\", \"object\": \"1 x DIMMER MODULE, 230VAC, 6A ROHS COMPLIANT: YES para Luminaria de acento con control Negro\"}}, {\"added\": {\"name\": \"Componente de Producto (BOM)\", \"object\": \"1 x TRANSCEIVER MOD, DALI DT8, 230VAC, 1-CH ROHS COMPLIANT: YES para Luminaria de acento con control Negro\"}}, {\"added\": {\"name\": \"Componente de Producto (BOM)\", \"object\": \"1 x Porta LED 50-2204CT para Luminaria de acento con control Negro\"}}, {\"added\": {\"name\": \"Componente de Producto (BOM)\", \"object\": \"1 x Driver LED, ITE, 12 W, 12 V, 1 A, Voltaje Constante, 90 V para Luminaria de acento con control Negro\"}}]"
  }
},
{
  "model": "admin.logentry",
  "pk": 233,
  "fields": {
    "action_time": "2025-06-25T15:23:40.383Z",
    "user": 1,
    "content_type": 17,
    "object_id": "7",
    "object_repr": "Luminaria de alumbrado público Negro de LED Blanco (Modelo: FC-0921)",
    "action_flag": 2,
    "change_message": "[{\"added\": {\"name\": \"Componente de Producto (BOM)\", \"object\": \"1 x LED de Alto Brillo, Serie 521, Rojo, Verde, 60 \\u00b0, R 660nm, G 565nm para Luminaria de alumbrado p\\u00fablico Negro de LED Blanco\"}}, {\"added\": {\"name\": \"Componente de Producto (BOM)\", \"object\": \"1 x Tira de LED, 5 m, 300 LEDs, Blanco, 12 V, 20 W para Luminaria de alumbrado p\\u00fablico Negro de LED Blanco\"}}, {\"added\": {\"name\": \"Componente de Producto (BOM)\", \"object\": \"1 x Accesorio de Caja, Conector, Luces de Carcasa LED Stego 100-240Vca, Blanco para Luminaria de alumbrado p\\u00fablico Negro de LED Blanco\"}}, {\"added\": {\"name\": \"Componente de Producto (BOM)\", \"object\": \"1 x LED DRIVER, LINEAR, 1MHZ, VQFN-32 para Luminaria de alumbrado p\\u00fablico Negro de LED Blanco\"}}]"
  }
},
{
  "model": "admin.logentry",
  "pk": 234,
  "fields": {
    "action_time": "2025-06-25T15:28:07.776Z",
    "user": 1,
    "content_type": 17,
    "object_id": "8",
    "object_repr": "Lámpara de escritorio LED regulable (Modelo: GC-0482)",
    "action_flag": 2,
    "change_message": "[{\"added\": {\"name\": \"Componente de Producto (BOM)\", \"object\": \"1 x M\\u00f3dulo LED BXRC-30E10K0-B-73-SE para L\\u00e1mpara de escritorio LED regulable\"}}, {\"added\": {\"name\": \"Componente de Producto (BOM)\", \"object\": \"1 x Disipador de Calor para LED, Anodizado negro, LEDs de Dise\\u00f1o 241;o de CI, Aluminio, 2.3 #176;C/W, 10 mm para L\\u00e1mpara de escritorio LED regulable\"}}, {\"added\": {\"name\": \"Componente de Producto (BOM)\", \"object\": \"1 x Lens With Holder Clear 20\\u00b0 Diffuser Adhesive Tape para L\\u00e1mpara de escritorio LED regulable\"}}, {\"added\": {\"name\": \"Componente de Producto (BOM)\", \"object\": \"1 x Driver Led, Reductor, Atenuaci\\u00f3n 243;n PWM, Entrada:7-30V, Conmutaci\\u00f3n 243 n:1MHz, Salida:30V/1A, TSOT-23-5 para L\\u00e1mpara de escritorio LED regulable\"}}, {\"added\": {\"name\": \"Componente de Producto (BOM)\", \"object\": \"1 x DIMMER MODULE, 230VAC, 6A ROHS COMPLIANT: YES para L\\u00e1mpara de escritorio LED regulable\"}}, {\"added\": {\"name\": \"Componente de Producto (BOM)\", \"object\": \"1 x Conjunto de Cable, Conector LED a Extremo Libre, 6.56 ft, 2 m, Negro para L\\u00e1mpara de escritorio LED regulable\"}}]"
  }
},
{
  "model": "admin.logentry",
  "pk": 235,
  "fields": {
    "action_time": "2025-06-25T15:30:39.055Z",
    "user": 1,
    "content_type": 12,
    "object_id": "3",
    "object_repr": "Grupo C",
    "action_flag": 1,
    "change_message": "[{\"added\": {}}]"
  }
},
{
  "model": "admin.logentry",
  "pk": 236,
  "fields": {
    "action_time": "2025-06-25T15:30:48.092Z",
    "user": 1,
    "content_type": 12,
    "object_id": "4",
    "object_repr": "Grupo D",
    "action_flag": 1,
    "change_message": "[{\"added\": {}}]"
  }
},
{
  "model": "admin.logentry",
  "pk": 237,
  "fields": {
    "action_time": "2025-06-25T15:45:06.297Z",
    "user": 1,
    "content_type": 23,
    "object_id": "23",
    "object_repr": "OC: OC-00023 - Proveedor: Alibaba",
    "action_flag": 2,
    "change_message": "[{\"changed\": {\"fields\": [\"Numero tracking\"]}}]"
  }
},
{
  "model": "admin.logentry",
  "pk": 238,
  "fields": {
    "action_time": "2025-06-27T14:58:38.176Z",
    "user": 1,
    "content_type": 23,
    "object_id": "24",
    "object_repr": "OC: OC-00024 - Proveedor: Bridgelux",
    "action_flag": 2,
    "change_message": "[{\"changed\": {\"fields\": [\"Numero tracking\"]}}]"
  }
},
{
  "model": "admin.logentry",
  "pk": 239,
  "fields": {
    "action_time": "2025-06-27T16:18:31.406Z",
    "user": 1,
    "content_type": 23,
    "object_id": "27",
    "object_repr": "OC: OC-00027 - Proveedor: Standard",
    "action_flag": 3,
    "change_message": ""
  }
},
{
  "model": "admin.logentry",
  "pk": 240,
  "fields": {
    "action_time": "2025-06-27T16:18:31.406Z",
    "user": 1,
    "content_type": 23,
    "object_id": "26",
    "object_repr": "OC: OC-00026 - Proveedor: Standard",
    "action_flag": 3,
    "change_message": ""
  }
},
{
  "model": "admin.logentry",
  "pk": 241,
  "fields": {
    "action_time": "2025-06-27T16:21:06.212Z",
    "user": 1,
    "content_type": 23,
    "object_id": "29",
    "object_repr": "OC: OC-00029 - Proveedor: Standard",
    "action_flag": 3,
    "change_message": ""
  }
},
{
  "model": "admin.logentry",
  "pk": 242,
  "fields": {
    "action_time": "2025-06-27T16:21:06.212Z",
    "user": 1,
    "content_type": 23,
    "object_id": "28",
    "object_repr": "OC: OC-00026 - Proveedor: Standard",
    "action_flag": 3,
    "change_message": ""
  }
},
{
  "model": "admin.logentry",
  "pk": 243,
  "fields": {
    "action_time": "2025-06-27T16:28:59.470Z",
    "user": 1,
    "content_type": 23,
    "object_id": "30",
    "object_repr": "OC: OC-00026 - Proveedor: Arrow Electronics",
    "action_flag": 2,
    "change_message": "[{\"changed\": {\"fields\": [\"Numero tracking\"]}}]"
  }
},
{
  "model": "admin.logentry",
  "pk": 244,
  "fields": {
    "action_time": "2025-07-29T14:11:36.652Z",
    "user": 1,
    "content_type": 29,
    "object_id": "1",
    "object_repr": "Depósito Central Luminova",
    "action_flag": 1,
    "change_message": "[{\"added\": {}}]"
  }
},
{
  "model": "admin.logentry",
  "pk": 245,
  "fields": {
    "action_time": "2025-07-29T14:13:38.882Z",
    "user": 1,
    "content_type": 17,
    "object_id": "8",
    "object_repr": "Lámpara de escritorio LED regulable (Modelo: GC-0482)",
    "action_flag": 2,
    "change_message": "[{\"changed\": {\"fields\": [\"Deposito\"]}}]"
  }
},
{
  "model": "admin.logentry",
  "pk": 246,
  "fields": {
    "action_time": "2025-07-29T14:14:01.518Z",
    "user": 1,
    "content_type": 17,
    "object_id": "7",
    "object_repr": "Luminaria de alumbrado público Negro de LED Blanco (Modelo: FC-0921)",
    "action_flag": 2,
    "change_message": "[{\"changed\": {\"fields\": [\"Deposito\"]}}]"
  }
},
{
  "model": "admin.logentry",
  "pk": 247,
  "fields": {
    "action_time": "2025-07-29T14:14:09.334Z",
    "user": 1,
    "content_type": 17,
    "object_id": "6",
    "object_repr": "Luminaria de acento con control Negro (Modelo: AO-1203)",
    "action_flag": 2,
    "change_message": "[{\"changed\": {\"fields\": [\"Deposito\"]}}]"
  }
},
{
  "model": "admin.logentry",
  "pk": 248,
  "fields": {
    "action_time": "2025-07-29T14:14:15.750Z",
    "user": 1,
    "content_type": 17,
    "object_id": "5",
    "object_repr": "Luminaria lineal de barra Negro (Modelo: DG-2109)",
    "action_flag": 2,
    "change_message": "[{\"changed\": {\"fields\": [\"Deposito\"]}}]"
  }
},
{
  "model": "admin.logentry",
  "pk": 249,
  "fields": {
    "action_time": "2025-07-29T14:14:35.380Z",
    "user": 1,
    "content_type": 17,
    "object_id": "4",
    "object_repr": "Panel LED de techo Negro (Modelo: FP-312)",
    "action_flag": 2,
    "change_message": "[{\"changed\": {\"fields\": [\"Deposito\"]}}]"
  }
},
{
  "model": "admin.logentry",
  "pk": 250,
  "fields": {
    "action_time": "2025-07-29T14:14:40.901Z",
    "user": 1,
    "content_type": 17,
    "object_id": "3",
    "object_repr": "Iluminación decorativa con tiras LED para exterior (Modelo: HG-560)",
    "action_flag": 2,
    "change_message": "[{\"changed\": {\"fields\": [\"Deposito\"]}}]"
  }
},
{
  "model": "admin.logentry",
  "pk": 251,
  "fields": {
    "action_time": "2025-07-29T14:14:47.559Z",
    "user": 1,
    "content_type": 17,
    "object_id": "2",
    "object_repr": "Downlight LED empotrable (Modelo: DL-DALI01)",
    "action_flag": 2,
    "change_message": "[{\"changed\": {\"fields\": [\"Deposito\"]}}]"
  }
},
{
  "model": "admin.logentry",
  "pk": 252,
  "fields": {
    "action_time": "2025-07-29T14:14:52.831Z",
    "user": 1,
    "content_type": 17,
    "object_id": "1",
    "object_repr": "Lámpara LED Estándar (Modelo: S5050)",
    "action_flag": 2,
    "change_message": "[{\"changed\": {\"fields\": [\"Deposito\"]}}]"
  }
},
{
  "model": "admin.logentry",
  "pk": 253,
  "fields": {
    "action_time": "2025-07-29T15:26:33.945Z",
    "user": 1,
    "content_type": 29,
    "object_id": "2",
    "object_repr": "Depósito Maestranza",
    "action_flag": 1,
    "change_message": "[{\"added\": {}}]"
  }
},
{
  "model": "admin.logentry",
  "pk": 254,
  "fields": {
    "action_time": "2025-07-31T16:10:48.213Z",
    "user": 1,
    "content_type": 31,
    "object_id": "59",
    "object_repr": "StockInsumo object (59)",
    "action_flag": 3,
    "change_message": ""
  }
},
{
  "model": "admin.logentry",
  "pk": 255,
  "fields": {
    "action_time": "2025-08-01T13:31:43.364Z",
    "user": 1,
    "content_type": 4,
    "object_id": "8",
    "object_repr": "aovejero",
    "action_flag": 2,
    "change_message": "[{\"changed\": {\"fields\": [\"password\"]}}]"
  }
},
{
  "model": "admin.logentry",
  "pk": 256,
  "fields": {
    "action_time": "2025-08-01T13:54:38.603Z",
    "user": 1,
    "content_type": 4,
    "object_id": "10",
    "object_repr": "fpaal",
    "action_flag": 2,
    "change_message": "[{\"changed\": {\"fields\": [\"password\"]}}]"
  }
},
{
  "model": "admin.logentry",
  "pk": 257,
  "fields": {
    "action_time": "2025-08-01T13:56:01.417Z",
    "user": 1,
    "content_type": 3,
    "object_id": "5",
    "object_repr": "Deposito",
    "action_flag": 2,
    "change_message": "[{\"changed\": {\"fields\": [\"Name\"]}}]"
  }
},
{
  "model": "admin.logentry",
  "pk": 258,
  "fields": {
    "action_time": "2025-08-01T13:56:56.809Z",
    "user": 1,
    "content_type": 3,
    "object_id": "5",
    "object_repr": "Depósito",
    "action_flag": 2,
    "change_message": "[]"
  }
},
{
  "model": "admin.logentry",
  "pk": 259,
  "fields": {
    "action_time": "2025-08-01T13:58:15.361Z",
    "user": 1,
    "content_type": 3,
    "object_id": "5",
    "object_repr": "Deposito",
    "action_flag": 3,
    "change_message": ""
  }
},
{
  "model": "admin.logentry",
  "pk": 260,
  "fields": {
    "action_time": "2025-08-01T13:58:37.254Z",
    "user": 1,
    "content_type": 3,
    "object_id": "6",
    "object_repr": "Depósito",
    "action_flag": 1,
    "change_message": "[{\"added\": {}}]"
  }
},
{
  "model": "admin.logentry",
  "pk": 261,
  "fields": {
    "action_time": "2025-08-01T13:59:21.857Z",
    "user": 1,
    "content_type": 3,
    "object_id": "6",
    "object_repr": "Deposito",
    "action_flag": 2,
    "change_message": "[{\"changed\": {\"fields\": [\"Name\"]}}]"
  }
},
{
  "model": "admin.logentry",
  "pk": 262,
  "fields": {
    "action_time": "2025-08-01T14:08:30.206Z",
    "user": 1,
    "content_type": 3,
    "object_id": "6",
    "object_repr": "Depósito",
    "action_flag": 2,
    "change_message": "[{\"changed\": {\"fields\": [\"Name\"]}}]"
  }
},
{
  "model": "admin.logentry",
  "pk": 263,
  "fields": {
    "action_time": "2025-08-01T14:14:06.247Z",
    "user": 1,
    "content_type": 21,
    "object_id": "6",
    "object_repr": "Descripción para rol: Depósito",
    "action_flag": 1,
    "change_message": "[{\"added\": {}}]"
  }
},
{
  "model": "admin.logentry",
  "pk": 264,
  "fields": {
    "action_time": "2025-08-01T14:45:06.254Z",
    "user": 1,
    "content_type": 23,
    "object_id": "33",
    "object_repr": "OC: OC-00033 - Proveedor: Standard",
    "action_flag": 3,
    "change_message": ""
  }
},
{
  "model": "admin.logentry",
  "pk": 265,
  "fields": {
    "action_time": "2025-08-01T15:01:15.315Z",
    "user": 1,
    "content_type": 23,
    "object_id": "32",
    "object_repr": "OC: OC-00032 - Proveedor: Standard",
    "action_flag": 3,
    "change_message": ""
  }
},
{
  "model": "admin.logentry",
  "pk": 266,
  "fields": {
    "action_time": "2025-08-01T15:11:06.849Z",
    "user": 1,
    "content_type": 23,
    "object_id": "34",
    "object_repr": "OC: OC-00032 - Proveedor: Standard",
    "action_flag": 3,
    "change_message": ""
  }
},
{
  "model": "admin.logentry",
  "pk": 267,
  "fields": {
    "action_time": "2025-08-01T15:48:20.460Z",
    "user": 1,
    "content_type": 23,
    "object_id": "35",
    "object_repr": "OC: OC-00032 - Proveedor: Standard",
    "action_flag": 3,
    "change_message": ""
  }
},
{
  "model": "admin.logentry",
  "pk": 268,
  "fields": {
    "action_time": "2025-08-01T16:02:42.594Z",
    "user": 1,
    "content_type": 23,
    "object_id": "36",
    "object_repr": "OC: OC-00032 - Proveedor: Standard",
    "action_flag": 3,
    "change_message": ""
  }
},
{
  "model": "admin.logentry",
  "pk": 269,
  "fields": {
    "action_time": "2025-08-02T00:16:43.786Z",
    "user": 1,
    "content_type": 14,
    "object_id": "2",
    "object_repr": "Porta LED 50-2204CT",
    "action_flag": 2,
    "change_message": "[{\"changed\": {\"fields\": [\"Deposito\"]}}]"
  }
},
{
  "model": "admin.logentry",
  "pk": 270,
  "fields": {
    "action_time": "2025-08-02T00:33:58.317Z",
    "user": 1,
    "content_type": 14,
    "object_id": "65",
    "object_repr": "Módulo LED, OSCONIQ S 5050 Series, Board + LED, Horti Blanco, 253 lm",
    "action_flag": 2,
    "change_message": "[]"
  }
},
{
  "model": "admin.logentry",
  "pk": 271,
  "fields": {
    "action_time": "2025-08-02T12:23:48.008Z",
    "user": 1,
    "content_type": 23,
    "object_id": "39",
    "object_repr": "OC: OC-00039 - Proveedor: Newark",
    "action_flag": 3,
    "change_message": ""
  }
},
{
  "model": "admin.logentry",
  "pk": 272,
  "fields": {
    "action_time": "2025-08-02T13:00:50.172Z",
    "user": 1,
    "content_type": 34,
    "object_id": "17",
    "object_repr": "Stock crítico: LED Lens, 7 LED Optic, Spot, Transparent, 39.9 mm, Round, PMMA (Polymethylmethacrylate) RoHS Compliant: Yes - Departamento de Compras",
    "action_flag": 3,
    "change_message": ""
  }
},
{
  "model": "admin.logentry",
  "pk": 273,
  "fields": {
    "action_time": "2025-08-02T13:00:50.172Z",
    "user": 1,
    "content_type": 34,
    "object_id": "16",
    "object_repr": "Stock crítico: LED Lens, 7 LED Optic, Spot, Transparent, 39.9 mm, Round, PMMA (Polymethylmethacrylate) RoHS Compliant: Yes - Departamento de Compras",
    "action_flag": 3,
    "change_message": ""
  }
},
{
  "model": "admin.logentry",
  "pk": 274,
  "fields": {
    "action_time": "2025-08-02T13:00:50.172Z",
    "user": 1,
    "content_type": 34,
    "object_id": "15",
    "object_repr": "Stock crítico: Porta LED 50-2204CT - Departamento de Compras",
    "action_flag": 3,
    "change_message": ""
  }
},
{
  "model": "admin.logentry",
  "pk": 275,
  "fields": {
    "action_time": "2025-08-02T13:00:50.172Z",
    "user": 1,
    "content_type": 34,
    "object_id": "14",
    "object_repr": "Stock crítico: Porta LED 50-2204CT - Departamento de Compras",
    "action_flag": 3,
    "change_message": ""
  }
},
{
  "model": "admin.logentry",
  "pk": 276,
  "fields": {
    "action_time": "2025-08-02T13:00:50.172Z",
    "user": 1,
    "content_type": 34,
    "object_id": "13",
    "object_repr": "Stock crítico: Módulo LED, OSCONIQ S 5050 Series, Board + LED, Horti Blanco, 253 lm - Departamento de Compras",
    "action_flag": 3,
    "change_message": ""
  }
},
{
  "model": "admin.logentry",
  "pk": 277,
  "fields": {
    "action_time": "2025-08-02T13:00:50.172Z",
    "user": 1,
    "content_type": 34,
    "object_id": "12",
    "object_repr": "Stock crítico: Porta LED 2213254-1 - Departamento de Compras",
    "action_flag": 3,
    "change_message": ""
  }
},
{
  "model": "admin.logentry",
  "pk": 278,
  "fields": {
    "action_time": "2025-08-02T13:00:50.172Z",
    "user": 1,
    "content_type": 34,
    "object_id": "11",
    "object_repr": "Stock crítico: LED Lens, 7 LED Optic, Spot, Transparent, 39.9 mm, Round, PMMA (Polymethylmethacrylate) RoHS Compliant: Yes - Departamento de Compras",
    "action_flag": 3,
    "change_message": ""
  }
},
{
  "model": "admin.logentry",
  "pk": 279,
  "fields": {
    "action_time": "2025-08-02T13:00:50.172Z",
    "user": 1,
    "content_type": 34,
    "object_id": "10",
    "object_repr": "Stock crítico: Porta LED 50-2204CT - Departamento de Compras",
    "action_flag": 3,
    "change_message": ""
  }
},
{
  "model": "admin.logentry",
  "pk": 280,
  "fields": {
    "action_time": "2025-08-02T13:00:50.173Z",
    "user": 1,
    "content_type": 34,
    "object_id": "9",
    "object_repr": "Stock crítico: Módulo LED, OSCONIQ S 5050 Series, Board + LED, Horti Blanco, 253 lm - Departamento de Compras",
    "action_flag": 3,
    "change_message": ""
  }
},
{
  "model": "admin.logentry",
  "pk": 281,
  "fields": {
    "action_time": "2025-08-02T13:00:50.173Z",
    "user": 1,
    "content_type": 34,
    "object_id": "8",
    "object_repr": "Stock crítico: Ensamble de Cable, Cable Conector L&#237;nea de Poder 12\" para Uso con Barra de Luz LED - Departamento de Compras",
    "action_flag": 3,
    "change_message": ""
  }
},
{
  "model": "admin.logentry",
  "pk": 282,
  "fields": {
    "action_time": "2025-08-02T13:00:50.173Z",
    "user": 1,
    "content_type": 34,
    "object_id": "7",
    "object_repr": "Stock crítico: Porta LED 50-2204CT - Departamento de Compras",
    "action_flag": 3,
    "change_message": ""
  }
},
{
  "model": "admin.logentry",
  "pk": 283,
  "fields": {
    "action_time": "2025-08-02T13:00:50.173Z",
    "user": 1,
    "content_type": 34,
    "object_id": "6",
    "object_repr": "Stock crítico: LED Lens, 7 LED Optic, Spot, Transparent, 39.9 mm, Round, PMMA (Polymethylmethacrylate) RoHS Compliant: Yes - Departamento de Compras",
    "action_flag": 3,
    "change_message": ""
  }
},
{
  "model": "admin.logentry",
  "pk": 284,
  "fields": {
    "action_time": "2025-08-02T13:00:50.173Z",
    "user": 1,
    "content_type": 34,
    "object_id": "5",
    "object_repr": "Stock crítico: Porta LED 2213254-1 - Departamento de Compras",
    "action_flag": 3,
    "change_message": ""
  }
},
{
  "model": "admin.logentry",
  "pk": 285,
  "fields": {
    "action_time": "2025-08-02T13:00:50.173Z",
    "user": 1,
    "content_type": 34,
    "object_id": "4",
    "object_repr": "Stock crítico: Porta LED 50-2204CT - Departamento de Compras",
    "action_flag": 3,
    "change_message": ""
  }
},
{
  "model": "admin.logentry",
  "pk": 286,
  "fields": {
    "action_time": "2025-08-02T13:00:50.173Z",
    "user": 1,
    "content_type": 34,
    "object_id": "3",
    "object_repr": "Stock crítico: Porta LED 50-2204CT - Departamento de Compras",
    "action_flag": 3,
    "change_message": ""
  }
},
{
  "model": "admin.logentry",
  "pk": 287,
  "fields": {
    "action_time": "2025-08-02T13:00:50.173Z",
    "user": 1,
    "content_type": 34,
    "object_id": "2",
    "object_repr": "Stock crítico: Porta LED 50-2204CT - Departamento de Compras",
    "action_flag": 3,
    "change_message": ""
  }
},
{
  "model": "admin.logentry",
  "pk": 288,
  "fields": {
    "action_time": "2025-08-02T13:00:50.173Z",
    "user": 1,
    "content_type": 34,
    "object_id": "1",
    "object_repr": "Stock crítico: Porta LED 50-2204CT - Departamento de Compras",
    "action_flag": 3,
    "change_message": ""
  }
},
{
  "model": "admin.logentry",
  "pk": 289,
  "fields": {
    "action_time": "2025-08-02T13:04:08.185Z",
    "user": 1,
    "content_type": 4,
    "object_id": "8",
    "object_repr": "aovejero",
    "action_flag": 2,
    "change_message": "[{\"changed\": {\"fields\": [\"password\"]}}]"
  }
},
{
  "model": "admin.logentry",
  "pk": 290,
  "fields": {
    "action_time": "2025-08-02T15:46:39.967Z",
    "user": 1,
    "content_type": 29,
    "object_id": "4",
    "object_repr": "Depósito de Mantenimiento",
    "action_flag": 3,
    "change_message": ""
  }
},
{
  "model": "admin.logentry",
  "pk": 291,
  "fields": {
    "action_time": "2025-08-03T14:45:17.424Z",
    "user": 1,
    "content_type": 4,
    "object_id": "13",
    "object_repr": "fcaivano",
    "action_flag": 2,
    "change_message": "[{\"changed\": {\"fields\": [\"password\"]}}]"
  }
},
{
  "model": "admin.logentry",
  "pk": 292,
  "fields": {
    "action_time": "2025-08-03T14:47:38.346Z",
    "user": 1,
    "content_type": 4,
    "object_id": "13",
    "object_repr": "fcaivano",
    "action_flag": 2,
    "change_message": "[{\"changed\": {\"fields\": [\"password\"]}}]"
  }
},
{
  "model": "admin.logentry",
  "pk": 293,
  "fields": {
    "action_time": "2025-08-03T14:50:52.428Z",
    "user": 1,
    "content_type": 17,
    "object_id": "9",
    "object_repr": "Vino (Modelo: N/A)",
    "action_flag": 2,
    "change_message": "[{\"added\": {\"name\": \"Componente de Producto (BOM)\", \"object\": \"1 x uva blanca para Vino\"}}]"
  }
},
{
  "model": "admin.logentry",
  "pk": 294,
  "fields": {
    "action_time": "2025-08-07T02:39:45.458Z",
    "user": 1,
    "content_type": 17,
    "object_id": "5",
    "object_repr": "Luminaria lineal de barra Negro (Modelo: DG-2109)",
    "action_flag": 2,
    "change_message": "[{\"changed\": {\"fields\": [\"Deposito\"]}}]"
  }
},
{
  "model": "admin.logentry",
  "pk": 295,
  "fields": {
    "action_time": "2025-10-02T14:09:32.142Z",
    "user": 1,
    "content_type": 36,
    "object_id": "1",
    "object_repr": "aovejero (Empresa Default)",
    "action_flag": 1,
    "change_message": "[{\"added\": {}}]"
  }
},
{
  "model": "admin.logentry",
  "pk": 296,
  "fields": {
    "action_time": "2025-11-27T15:52:47.373Z",
    "user": 1,
    "content_type": 35,
    "object_id": "1",
    "object_repr": "Luminova ERP",
    "action_flag": 2,
    "change_message": "[{\"changed\": {\"fields\": [\"Nombre\", \"Razon social\", \"Direccion\", \"Telefono\", \"Email\"]}}]"
  }
},
{
  "model": "admin.logentry",
  "pk": 297,
  "fields": {
    "action_time": "2025-11-27T20:44:14.287Z",
    "user": 1,
    "content_type": 4,
    "object_id": "16",
    "object_repr": "chef_admin",
    "action_flag": 2,
    "change_message": "[{\"changed\": {\"fields\": [\"password\"]}}]"
  }
},
{
  "model": "admin.logentry",
  "pk": 298,
  "fields": {
    "action_time": "2025-11-29T12:52:14.802Z",
    "user": 1,
    "content_type": 9,
    "object_id": "3",
    "object_repr": "Franco",
    "action_flag": 2,
    "change_message": "[{\"changed\": {\"fields\": [\"Empresa\"]}}]"
  }
},
{
  "model": "admin.logentry",
  "pk": 299,
  "fields": {
    "action_time": "2025-11-29T12:52:19.732Z",
    "user": 1,
    "content_type": 9,
    "object_id": "2",
    "object_repr": "Daro Gmnz",
    "action_flag": 2,
    "change_message": "[{\"changed\": {\"fields\": [\"Empresa\"]}}]"
  }
},
{
  "model": "admin.logentry",
  "pk": 300,
  "fields": {
    "action_time": "2025-11-29T12:52:24.216Z",
    "user": 1,
    "content_type": 9,
    "object_id": "1",
    "object_repr": "Federico Tomás Paal",
    "action_flag": 2,
    "change_message": "[{\"changed\": {\"fields\": [\"Empresa\"]}}]"
  }
},
{
  "model": "admin.logentry",
  "pk": 301,
  "fields": {
    "action_time": "2025-11-29T14:36:02.009Z",
    "user": 1,
    "content_type": 4,
    "object_id": "11",
    "object_repr": "fpaal",
    "action_flag": 2,
    "change_message": "[{\"changed\": {\"fields\": [\"First name\", \"Last name\"]}}]"
  }
},
{
  "model": "admin.logentry",
  "pk": 302,
  "fields": {
    "action_time": "2025-11-29T15:17:51.497Z",
    "user": 1,
    "content_type": 36,
    "object_id": "4",
    "object_repr": "fpaal (Luminova ERP)",
    "action_flag": 2,
    "change_message": "[{\"changed\": {\"fields\": [\"Empresa\"]}}]"
  }
},
{
  "model": "admin.logentry",
  "pk": 303,
  "fields": {
    "action_time": "2025-11-29T15:28:22.417Z",
    "user": 1,
    "content_type": 4,
    "object_id": "16",
    "object_repr": "chef_admin",
    "action_flag": 2,
    "change_message": "[{\"changed\": {\"fields\": [\"Groups\"]}}]"
  }
},
{
  "model": "auth.group",
  "pk": 1,
  "fields": {
    "name": "compras",
    "permissions": []
  }
},
{
  "model": "auth.group",
  "pk": 2,
  "fields": {
    "name": "ventas",
    "permissions": []
  }
},
{
  "model": "auth.group",
  "pk": 3,
  "fields": {
    "name": "Administrador",
    "permissions": []
  }
},
{
  "model": "auth.group",
  "pk": 4,
  "fields": {
    "name": "Producción",
    "permissions": []
  }
},
{
  "model": "auth.group",
  "pk": 6,
  "fields": {
    "name": "Depósito",
    "permissions": []
  }
},
{
  "model": "auth.group",
  "pk": 7,
  "fields": {
    "name": "produccion",
    "permissions": []
  }
},
{
  "model": "auth.group",
  "pk": 8,
  "fields": {
    "name": "control de calidad",
    "permissions": []
  }
},
{
  "model": "auth.group",
  "pk": 9,
  "fields": {
    "name": "depósito",
    "permissions": []
  }
},
{
  "model": "auth.group",
  "pk": 10,
  "fields": {
    "name": "administrador",
    "permissions": []
  }
},
{
  "model": "auth.group",
  "pk": 11,
  "fields": {
    "name": "2__Administrador",
    "permissions": []
  }
},
{
  "model": "auth.user",
  "pk": 1,
  "fields": {
    "password": "pbkdf2_sha256$1000000$jcsyMpHR3KAPC5PXWKaNKf$+pujP/9HFOLyMrJyrv9gUksmdo0y3nAOX4vPIGGyIbA=",
    "last_login": "2026-01-14T15:01:43.057Z",
    "is_superuser": true,
    "username": "admin",
    "first_name": "",
    "last_name": "",
    "email": "federicopaal@gmail.com",
    "is_staff": true,
    "is_active": true,
    "date_joined": "2025-05-24T11:10:53.626Z",
    "groups": [],
    "user_permissions": []
  }
},
{
  "model": "auth.user",
  "pk": 8,
  "fields": {
    "password": "pbkdf2_sha256$1000000$x3TxOE8EqyXQwWtnhyWkll$MC+QDGsqOxOx0TFxQ+gn8vHdik6HeR3HkdOW6F+d12o=",
    "last_login": "2025-11-29T13:07:25.387Z",
    "is_superuser": false,
    "username": "aovejero",
    "first_name": "",
    "last_name": "",
    "email": "aovejero@luminova.com.ar",
    "is_staff": false,
    "is_active": true,
    "date_joined": "2025-06-18T01:26:43.734Z",
    "groups": [
      1
    ],
    "user_permissions": []
  }
},
{
  "model": "auth.user",
  "pk": 9,
  "fields": {
    "password": "pbkdf2_sha256$1000000$LbeN86dF1SDT7JwVNiInB2$18dEn2q00khoW0anAv5ZaH97SIW+T1Hpn8WiD4rDsJI=",
    "last_login": "2025-06-18T20:24:54.162Z",
    "is_superuser": false,
    "username": "Test Ventas",
    "first_name": "",
    "last_name": "",
    "email": "ventas@gmail.com.ar",
    "is_staff": false,
    "is_active": true,
    "date_joined": "2025-06-18T20:24:22.402Z",
    "groups": [
      2
    ],
    "user_permissions": []
  }
},
{
  "model": "auth.user",
  "pk": 11,
  "fields": {
    "password": "pbkdf2_sha256$1000000$D8wkGMebI1Iy82TcYB1me8$/YgjKlzF55z0oKyO5B+mYNwzadZba6tgNHn3VjRqSKQ=",
    "last_login": "2025-08-09T12:08:06Z",
    "is_superuser": false,
    "username": "fpaal",
    "first_name": "Federico",
    "last_name": "Paál",
    "email": "fpaal@luminova.com.ar",
    "is_staff": false,
    "is_active": true,
    "date_joined": "2025-08-01T14:20:19Z",
    "groups": [
      6
    ],
    "user_permissions": []
  }
},
{
  "model": "auth.user",
  "pk": 13,
  "fields": {
    "password": "pbkdf2_sha256$1000000$HybehQwbp6McgEhwepNobe$v6am8Vtj4ASy9FlP+/lGUbImdxsEYTnmmIERbsntF6w=",
    "last_login": "2025-08-08T03:09:13.374Z",
    "is_superuser": false,
    "username": "fcaivano",
    "first_name": "",
    "last_name": "",
    "email": "fcaivano@luminova.com",
    "is_staff": false,
    "is_active": true,
    "date_joined": "2025-08-03T14:06:50.304Z",
    "groups": [
      6
    ],
    "user_permissions": []
  }
},
{
  "model": "auth.user",
  "pk": 16,
  "fields": {
    "password": "pbkdf2_sha256$1000000$mC9fPHosLdtMC73HdlAp30$OoxBUNKCHgdI1jvA+AU32SFN/YpOFpcPsigYhgtukgs=",
    "last_login": "2026-01-11T14:45:19.342Z",
    "is_superuser": false,
    "username": "chef_admin",
    "first_name": "Carlos",
    "last_name": "Pérez",
    "email": "chef@saboresdellevalle.com",
    "is_staff": true,
    "is_active": true,
    "date_joined": "2025-11-27T16:13:23Z",
    "groups": [
      11
    ],
    "user_permissions": [
      13,
      14,
      15,
      16
    ]
  }
},
{
  "model": "sessions.session",
  "pk": "1wqs4ljpc96p5ej3mbfmnjxymlk1zx46",
  "fields": {
    "session_data": ".eJxVjr0OwjAQg98lM4ry06QtIzvPEF3uDhpACWraCfHupKgDjLY_W36JAOsyhbXyHBKJo9Di8OtFwDvnLaAb5GuRWPIypyg3RO5pledC_Djt7N_ABHVqbXCqc4RKswW06HXvWSlvVNQdjU673nEjBmUHM44Xbyxi0xiN0Y3s2yjxs9S0lFD5wYipZKDyffz-AD4UQDE:1umFBR:FpFvOXyBKPQmnTsTBAojxBODmn930qsA5mO-VDenxt4",
    "expire_date": "2025-08-27T17:22:41.072Z"
  }
},
{
  "model": "sessions.session",
  "pk": "3u9g8eikbp2qzi45vsvgx8iav2crcrja",
  "fields": {
    "session_data": ".eJxVjMEOwiAQRP-FsyELFCgevfsNZFlWqRqalPZk_Hdp0oMeZ96beYuI21ri1niJUxZnocTpt0tIT647yA-s91nSXNdlSnJX5EGbvM6ZX5fD_Tso2Epfo4XBZgLFBsmQU94xgNOQ1JCDVdZb7sYIZtQh3Jw2RD1T0lp104vPF7hONmM:1v4K0i:nBHzHPJzZpsoyFcqS80M4Kd2msHwTeFPZuHU6XaKC_o",
    "expire_date": "2025-10-16T14:10:20.050Z"
  }
},
{
  "model": "sessions.session",
  "pk": "405vwn3iv8jq2fd2lcdpbflykhh87sk6",
  "fields": {
    "session_data": ".eJxVjr0SwiAQhN-FOjL8BJJY2vsMzHGcJhohE0jl-O4Sx0LL2_12b5_MwVZGt2Va3RTYkUnW_Goe8E5xN8IN4jVxTLGsk-c7wr9u5ucUaD592b-CEfJY02BEawIKSRpQo5WdJSGsEl62YTDSdIYq0Qvdq2G4WKUR641eKVnJrpbSY1kpgwMsG8yftbJhgZaUp5JcppkQpxQhpPrwINnrDWXKSCs:1vg3mu:0ZKq8wg1mZDhyRESRs5rEvG4UHCdFVhO26z1m5Hf9ag",
    "expire_date": "2026-01-28T16:32:04.877Z"
  }
},
{
  "model": "sessions.session",
  "pk": "5uzubinmnysp58drfi2t7ru3koyuc6y2",
  "fields": {
    "session_data": ".eJxVjDsOwjAQBe_iGln-fyjpcwZrvevgAHKkOKkQdyeRUkD7Zua9WYJtrWnrZUkTsSsL7PK7ZcBnaQegB7T7zHFu6zJlfij8pJ0PM5XX7XT_Dir0utcZFUZZgiCHKkphXPGIAR3liJqMdyJbo0ci8FnuDPSorSzaW9IKPPt8AfvpOGM:1vPKf4:0COX0XmUZSP1kZ7tBnKVudel3jUFQHzVR5NMnq-O57I",
    "expire_date": "2025-12-13T13:06:50.673Z"
  }
},
{
  "model": "sessions.session",
  "pk": "d4v0bk65vcww32uk93sabapyrh0o53d9",
  "fields": {
    "session_data": ".eJxVjssOgjAURP-la9PQB-XWpXu_oZm2V0ERDIWV8d8Fw0K3c2ZO5iUClrkNS-EpdFkchXLi8BtGpDsPG8k3DNdRpnGYpy7KrSJ3WuR5zNyf9u6foEVp17WujHUWDrFhyt7rWNsMzbCqNt5fODeaoq-IWZl0IYAoJfKONYxK1Srlx3PigoA0L-i_d_X7AzUTQBE:1vPTGK:V5OIfztAePuQjyKb0oyIDYl8yxXICIBVF47DHOM-vEU",
    "expire_date": "2025-12-13T22:17:52.326Z"
  }
},
{
  "model": "sessions.session",
  "pk": "hap3wjifm6t1qb7gy33mfjm14wk6ojlk",
  "fields": {
    "session_data": ".eJxVjsEOwiAQRP-FsyEsFGg9evcbyLKsUq2tKe3J-O9S04MeZ-bNZF4i4LrksBaeQ5_EUYA4_HoR6c7jFqQbjtdJ0jQucx_lhsg9LfI8JR5OO_s3kLHk2karGptIARskQw68Y6WcVhGa1Fmw3nIlWmVa3XUXpw1R1RS1hkr6OsqP58wFA9Ky4vB9C-8Pvac-MA:1vQmhQ:JuqL6Gr8dfdXZbZdXOKoRDkRiM8uYVGhwEpZfiGJa3s",
    "expire_date": "2025-12-17T13:15:16.824Z"
  }
},
{
  "model": "sessions.session",
  "pk": "niux7pqiypmx16p5hn3j66d3otxbpsmt",
  "fields": {
    "session_data": ".eJxVjDsOwjAQRO_iGln-xE5CSc8ZLHt3IYbIi-KkQtwdR0oB5cy8eW8R4rZOYau0hIziLLQ4_XYpwpPKPuAjljtL4LIuOckdkcda5ZWR5svB_gmmWKf2jk51DkFpshEseN17UsoblXSHo9Oud9SIQdnBjOPNGwvQMiRjdCP7JkV6cc0rh0ozAWQuEbmpjfh8AT4XQDI:1uijCz:vZ3y01eR9vwbBzmEOA4N7EzHZ_ygbBO8ogdtxEKMhoo",
    "expire_date": "2025-08-18T00:37:45.107Z"
  }
},
{
  "model": "sessions.session",
  "pk": "sj01vcz3r4td5qf1j16syo2qbwpf7s9w",
  "fields": {
    "session_data": ".eJxVjr0OwjAQg98lM4ry06QtIzvPEF3uDhpACWraCfHupKgDjLY_W36JAOsyhbXyHBKJo9Di8OtFwDvnLaAb5GuRWPIypyg3RO5pledC_Djt7N_ABHVqbXCqc4RKswW06HXvWSlvVNQdjU673nEjBmUHM44Xbyxi0xiN0Y3s2yjxs9S0lFD5wYipZKDyffz-AD4UQDE:1ukiuQ:jtV5i2jeIo3npboM3HCM0dnpH6f4dtHeCWi-PvI0nlQ",
    "expire_date": "2025-08-23T12:42:50.658Z"
  }
},
{
  "model": "App_LUMINOVA.rolempresa",
  "pk": 1,
  "fields": {
    "empresa": 2,
    "group": 11,
    "nombre": "Administrador",
    "descripcion": "Admin empresa 2"
  }
},
{
  "model": "App_LUMINOVA.perfilusuario",
  "pk": 1,
  "fields": {
    "user": 8,
    "empresa": 1,
    "fecha_asignacion": "2025-10-02T14:09:32.138Z"
  }
},
{
  "model": "App_LUMINOVA.perfilusuario",
  "pk": 2,
  "fields": {
    "user": 1,
    "empresa": 1,
    "fecha_asignacion": "2025-11-27T15:36:30.571Z"
  }
},
{
  "model": "App_LUMINOVA.perfilusuario",
  "pk": 3,
  "fields": {
    "user": 9,
    "empresa": 1,
    "fecha_asignacion": "2025-11-27T15:36:30.582Z"
  }
},
{
  "model": "App_LUMINOVA.perfilusuario",
  "pk": 4,
  "fields": {
    "user": 11,
    "empresa": 1,
    "fecha_asignacion": "2025-11-27T15:36:30.586Z"
  }
},
{
  "model": "App_LUMINOVA.perfilusuario",
  "pk": 5,
  "fields": {
    "user": 13,
    "empresa": 1,
    "fecha_asignacion": "2025-11-27T15:36:30.590Z"
  }
},
{
  "model": "App_LUMINOVA.perfilusuario",
  "pk": 6,
  "fields": {
    "user": 16,
    "empresa": 2,
    "fecha_asignacion": "2025-11-27T16:13:24.167Z"
  }
},
{
  "model": "App_LUMINOVA.categoriaproductoterminado",
  "pk": 1,
  "fields": {
    "empresa": 1,
    "nombre": "Iluminación General",
    "imagen": "categorias_productos/ilum-general_5TfkQfl.jpg",
    "deposito": 1
  }
},
{
  "model": "App_LUMINOVA.categoriaproductoterminado",
  "pk": 4,
  "fields": {
    "empresa": 1,
    "nombre": "Downlight LED empotrable",
    "imagen": "categorias_productos/Downlight_Empotrable.webp",
    "deposito": 1
  }
},
{
  "model": "App_LUMINOVA.categoriaproductoterminado",
  "pk": 5,
  "fields": {
    "empresa": 1,
    "nombre": "Panel LED de techo integrado",
    "imagen": "categorias_productos/panel_led_de_techo.jpg",
    "deposito": 1
  }
},
{
  "model": "App_LUMINOVA.categoriaproductoterminado",
  "pk": 6,
  "fields": {
    "empresa": 1,
    "nombre": "Luminaria lineal para barra de luz",
    "imagen": "categorias_productos/luminaria_lineal_para_barra.jpg",
    "deposito": 1
  }
},
{
  "model": "App_LUMINOVA.categoriaproductoterminado",
  "pk": 7,
  "fields": {
    "empresa": 1,
    "nombre": "Luminaria de acento con control DALI",
    "imagen": "categorias_productos/Luminaria_de_acento_con_control_DALI.jpg",
    "deposito": 1
  }
},
{
  "model": "App_LUMINOVA.categoriaproductoterminado",
  "pk": 8,
  "fields": {
    "empresa": 1,
    "nombre": "Luminaria de calle o alumbrado público",
    "imagen": "categorias_productos/Luminaria_de_calle_o_alumbrado_público.jpg",
    "deposito": 1
  }
},
{
  "model": "App_LUMINOVA.categoriaproductoterminado",
  "pk": 9,
  "fields": {
    "empresa": 1,
    "nombre": "Lámpara de escritorio LED regulable",
    "imagen": "categorias_productos/Lámpara_de_escritorio_LED_regulable.webp",
    "deposito": 1
  }
},
{
  "model": "App_LUMINOVA.categoriaproductoterminado",
  "pk": 10,
  "fields": {
    "empresa": 1,
    "nombre": "Iluminación decorativa con tiras LED",
    "imagen": "categorias_productos/Iluminación_decorativa_con_tiras_LED.jpg",
    "deposito": 1
  }
},
{
  "model": "App_LUMINOVA.categoriaproductoterminado",
  "pk": 11,
  "fields": {
    "empresa": 1,
    "nombre": "Vinos",
    "imagen": "categorias_productos/vinos.jpg",
    "deposito": 2
  }
},
{
  "model": "App_LUMINOVA.categoriaproductoterminado",
  "pk": 12,
  "fields": {
    "empresa": 1,
    "nombre": "Luminaria lineal para barra de luz",
    "imagen": "categorias_productos/luminaria_lineal_para_barra.jpg",
    "deposito": 5
  }
},
{
  "model": "App_LUMINOVA.categoriaproductoterminado",
  "pk": 13,
  "fields": {
    "empresa": 1,
    "nombre": "Downlight LED empotrable",
    "imagen": "categorias_productos/Downlight_Empotrable.webp",
    "deposito": 2
  }
},
{
  "model": "App_LUMINOVA.productoterminado",
  "pk": 1,
  "fields": {
    "empresa": 1,
    "descripcion": "Lámpara LED Estándar",
    "categoria": 1,
    "precio_unitario": "0.02",
    "stock_minimo": 437,
    "stock_objetivo": 3282,
    "produccion_habilitada": true,
    "modelo": "S5050",
    "potencia": 12,
    "acabado": "Blanco",
    "color_luz": "Blanca",
    "material": "PVC",
    "imagen": "productos_terminados/lampara_estandard_Yu0DuQC.jpg",
    "deposito": 1
  }
},
{
  "model": "App_LUMINOVA.productoterminado",
  "pk": 2,
  "fields": {
    "empresa": 1,
    "descripcion": "Downlight LED empotrable",
    "categoria": 4,
    "precio_unitario": "30.00",
    "stock_minimo": 5,
    "stock_objetivo": 5,
    "produccion_habilitada": true,
    "modelo": "DL-DALI01",
    "potencia": 15,
    "acabado": "Blanco",
    "color_luz": "1000 Luz Fria",
    "material": "PVC",
    "imagen": "productos_terminados/Downlight_Empotrable.webp",
    "deposito": 1
  }
},
{
  "model": "App_LUMINOVA.productoterminado",
  "pk": 3,
  "fields": {
    "empresa": 1,
    "descripcion": "Iluminación decorativa con tiras LED para exterior",
    "categoria": 10,
    "precio_unitario": "520.00",
    "stock_minimo": 5,
    "stock_objetivo": 5,
    "produccion_habilitada": true,
    "modelo": "HG-560",
    "potencia": 12,
    "acabado": "Blanco",
    "color_luz": "1000 Luz Fria",
    "material": "PVC",
    "imagen": "productos_terminados/Iluminación_decorativa_con_tiras_LED.jpg",
    "deposito": 1
  }
},
{
  "model": "App_LUMINOVA.productoterminado",
  "pk": 4,
  "fields": {
    "empresa": 1,
    "descripcion": "Panel LED de techo Negro",
    "categoria": 5,
    "precio_unitario": "420.00",
    "stock_minimo": 5,
    "stock_objetivo": 6,
    "produccion_habilitada": true,
    "modelo": "FP-312",
    "potencia": 24,
    "acabado": "Negro Mate",
    "color_luz": "1000 Luz Fria",
    "material": "Aluminio",
    "imagen": "productos_terminados/panel_led_de_techo.jpg",
    "deposito": 1
  }
},
{
  "model": "App_LUMINOVA.productoterminado",
  "pk": 5,
  "fields": {
    "empresa": 1,
    "descripcion": "Luminaria lineal de barra Negro",
    "categoria": 6,
    "precio_unitario": "530.00",
    "stock_minimo": 5,
    "stock_objetivo": 43,
    "produccion_habilitada": true,
    "modelo": "DG-2109",
    "potencia": 12,
    "acabado": "Negro Mate",
    "color_luz": "1000 Luz Fria",
    "material": "Aluminio",
    "imagen": "productos_terminados/luminaria_lineal_para_barra.jpg",
    "deposito": 1
  }
},
{
  "model": "App_LUMINOVA.productoterminado",
  "pk": 6,
  "fields": {
    "empresa": 1,
    "descripcion": "Luminaria de acento con control Negro",
    "categoria": 7,
    "precio_unitario": "700.00",
    "stock_minimo": 5,
    "stock_objetivo": 5,
    "produccion_habilitada": true,
    "modelo": "AO-1203",
    "potencia": 24,
    "acabado": "Negro Mate",
    "color_luz": "3000K Cálida",
    "material": "PVC",
    "imagen": "productos_terminados/Luminaria_de_acento_con_control_DALI.jpg",
    "deposito": 1
  }
},
{
  "model": "App_LUMINOVA.productoterminado",
  "pk": 7,
  "fields": {
    "empresa": 1,
    "descripcion": "Luminaria de alumbrado público Negro de LED Blanco",
    "categoria": 8,
    "precio_unitario": "1000.00",
    "stock_minimo": 5,
    "stock_objetivo": 10,
    "produccion_habilitada": true,
    "modelo": "FC-0921",
    "potencia": 21,
    "acabado": "Negro Mate",
    "color_luz": "1000 Luz Fria",
    "material": "PVC",
    "imagen": "productos_terminados/Luminaria_de_calle_o_alumbrado_público.jpg",
    "deposito": 1
  }
},
{
  "model": "App_LUMINOVA.productoterminado",
  "pk": 8,
  "fields": {
    "empresa": 1,
    "descripcion": "Lámpara de escritorio LED regulable",
    "categoria": 9,
    "precio_unitario": "840.00",
    "stock_minimo": 5,
    "stock_objetivo": 7,
    "produccion_habilitada": true,
    "modelo": "GC-0482",
    "potencia": 12,
    "acabado": "Negro Mate",
    "color_luz": "1000 Luz Fria",
    "material": "Aluminio",
    "imagen": "productos_terminados/Lámpara_de_escritorio_LED_regulable.webp",
    "deposito": 1
  }
},
{
  "model": "App_LUMINOVA.productoterminado",
  "pk": 9,
  "fields": {
    "empresa": 1,
    "descripcion": "Vino",
    "categoria": 11,
    "precio_unitario": "12340.00",
    "stock_minimo": 5,
    "stock_objetivo": 15,
    "produccion_habilitada": true,
    "modelo": null,
    "potencia": null,
    "acabado": null,
    "color_luz": null,
    "material": null,
    "imagen": "",
    "deposito": null
  }
},
{
  "model": "App_LUMINOVA.productoterminado",
  "pk": 10,
  "fields": {
    "empresa": 1,
    "descripcion": "Luminaria lineal de barra Negro",
    "categoria": 12,
    "precio_unitario": "530.00",
    "stock_minimo": 5,
    "stock_objetivo": 5,
    "produccion_habilitada": true,
    "modelo": "DG-2109",
    "potencia": 12,
    "acabado": "Negro Mate",
    "color_luz": "1000 Luz Fria",
    "material": "Aluminio",
    "imagen": "productos_terminados/luminaria_lineal_para_barra.jpg",
    "deposito": 5
  }
},
{
  "model": "App_LUMINOVA.productoterminado",
  "pk": 11,
  "fields": {
    "empresa": 1,
    "descripcion": "Downlight LED empotrable",
    "categoria": 13,
    "precio_unitario": "30.00",
    "stock_minimo": 0,
    "stock_objetivo": 0,
    "produccion_habilitada": true,
    "modelo": "DL-DALI01",
    "potencia": 15,
    "acabado": "Blanco",
    "color_luz": "1000 Luz Fria",
    "material": "PVC",
    "imagen": "productos_terminados/Downlight_Empotrable.webp",
    "deposito": 2
  }
},
{
  "model": "App_LUMINOVA.categoriainsumo",
  "pk": 1,
  "fields": {
    "empresa": 1,
    "nombre": "Módulos Led",
    "imagen": "categorias_insumos/01_YsWQxN7.webp",
    "deposito": 1
  }
},
{
  "model": "App_LUMINOVA.categoriainsumo",
  "pk": 2,
  "fields": {
    "empresa": 1,
    "nombre": "Porta Led Cob",
    "imagen": "categorias_insumos/WhatsApp_Image_2025-05-22_at_11_v73cxwD.03.26_AM.jpeg",
    "deposito": 1
  }
},
{
  "model": "App_LUMINOVA.categoriainsumo",
  "pk": 3,
  "fields": {
    "empresa": 1,
    "nombre": "Lentes para Iluminación Led",
    "imagen": "categorias_insumos/Lente_para_Iluminacion_LED2.webp",
    "deposito": 1
  }
},
{
  "model": "App_LUMINOVA.categoriainsumo",
  "pk": 4,
  "fields": {
    "empresa": 1,
    "nombre": "Disipadores de Calor para LED",
    "imagen": "categorias_insumos/disipador_1.webp",
    "deposito": 1
  }
},
{
  "model": "App_LUMINOVA.categoriainsumo",
  "pk": 5,
  "fields": {
    "empresa": 1,
    "nombre": "CLS Drivers LED",
    "imagen": "categorias_insumos/cls_driver_1.webp",
    "deposito": 1
  }
},
{
  "model": "App_LUMINOVA.categoriainsumo",
  "pk": 7,
  "fields": {
    "empresa": 1,
    "nombre": "Reflectores de LED",
    "imagen": "categorias_insumos/ref_led_4.jpg",
    "deposito": 1
  }
},
{
  "model": "App_LUMINOVA.categoriainsumo",
  "pk": 8,
  "fields": {
    "empresa": 1,
    "nombre": "Cables para Iluminación LED",
    "imagen": "categorias_insumos/cable_2.jpg",
    "deposito": 1
  }
},
{
  "model": "App_LUMINOVA.categoriainsumo",
  "pk": 9,
  "fields": {
    "empresa": 1,
    "nombre": "Conectores para Iluminación",
    "imagen": "categorias_insumos/cone_1.png",
    "deposito": 1
  }
},
{
  "model": "App_LUMINOVA.categoriainsumo",
  "pk": 10,
  "fields": {
    "empresa": 1,
    "nombre": "Conectores y Módulos para Alumbrado Público",
    "imagen": "categorias_insumos/cym_2.webp",
    "deposito": 1
  }
},
{
  "model": "App_LUMINOVA.categoriainsumo",
  "pk": 11,
  "fields": {
    "empresa": 1,
    "nombre": "Fuentes de Alimentación para LED",
    "imagen": "categorias_insumos/fuente_3.webp",
    "deposito": 1
  }
},
{
  "model": "App_LUMINOVA.categoriainsumo",
  "pk": 12,
  "fields": {
    "empresa": 1,
    "nombre": "Iluminación LED en Tiras y Cintas",
    "imagen": "categorias_insumos/tira_4.webp",
    "deposito": 1
  }
},
{
  "model": "App_LUMINOVA.categoriainsumo",
  "pk": 13,
  "fields": {
    "empresa": 1,
    "nombre": "LED COB",
    "imagen": "categorias_insumos/led_cob_1.webp",
    "deposito": 1
  }
},
{
  "model": "App_LUMINOVA.categoriainsumo",
  "pk": 14,
  "fields": {
    "empresa": 1,
    "nombre": "Lentes de Alto Brillo",
    "imagen": "categorias_insumos/lab_1.webp",
    "deposito": 1
  }
},
{
  "model": "App_LUMINOVA.categoriainsumo",
  "pk": 15,
  "fields": {
    "empresa": 1,
    "nombre": "Sistema de Control de Iluminacion LED",
    "imagen": "categorias_insumos/cci_4.webp",
    "deposito": 1
  }
},
{
  "model": "App_LUMINOVA.categoriainsumo",
  "pk": 16,
  "fields": {
    "empresa": 1,
    "nombre": "Soporte para Matriz LED",
    "imagen": "categorias_insumos/sop_1.webp",
    "deposito": 1
  }
},
{
  "model": "App_LUMINOVA.categoriainsumo",
  "pk": 21,
  "fields": {
    "empresa": 1,
    "nombre": "Módulos Led",
    "imagen": "categorias_insumos/categorias_insumos/clone_1_2.webp",
    "deposito": 2
  }
},
{
  "model": "App_LUMINOVA.categoriainsumo",
  "pk": 22,
  "fields": {
    "empresa": 1,
    "nombre": "Uvas",
    "imagen": "categorias_insumos/uvas-1.jpg",
    "deposito": 2
  }
},
{
  "model": "App_LUMINOVA.categoriainsumo",
  "pk": 23,
  "fields": {
    "empresa": 1,
    "nombre": "Porta Led Cob",
    "imagen": "categorias_insumos/WhatsApp_Image_2025-05-22_at_11_v73cxwD.03.26_AM.jpeg",
    "deposito": 5
  }
},
{
  "model": "App_LUMINOVA.categoriainsumo",
  "pk": 24,
  "fields": {
    "empresa": 1,
    "nombre": "LED COB",
    "imagen": "categorias_insumos/led_cob_1.webp",
    "deposito": 2
  }
},
{
  "model": "App_LUMINOVA.categoriainsumo",
  "pk": 25,
  "fields": {
    "empresa": 1,
    "nombre": "LED COB",
    "imagen": "categorias_insumos/led_cob_1.webp",
    "deposito": 5
  }
},
{
  "model": "App_LUMINOVA.categoriainsumo",
  "pk": 26,
  "fields": {
    "empresa": 1,
    "nombre": "Módulos Led",
    "imagen": "categorias_insumos/01_YsWQxN7.webp",
    "deposito": 5
  }
},
{
  "model": "App_LUMINOVA.categoriainsumo",
  "pk": 27,
  "fields": {
    "empresa": 1,
    "nombre": "CLS Drivers LED",
    "imagen": "categorias_insumos/cls_driver_1.webp",
    "deposito": 2
  }
},
{
  "model": "App_LUMINOVA.categoriainsumo",
  "pk": 28,
  "fields": {
    "empresa": 1,
    "nombre": "Conectores para Iluminación",
    "imagen": "categorias_insumos/cone_1.png",
    "deposito": 2
  }
},
{
  "model": "App_LUMINOVA.proveedor",
  "pk": 3,
  "fields": {
    "empresa": 1,
    "nombre": "Newark",
    "contacto": "newark@newark.com",
    "telefono": "+1 925-583-8452",
    "email": "newark@newark.com"
  }
},
{
  "model": "App_LUMINOVA.proveedor",
  "pk": 7,
  "fields": {
    "empresa": 1,
    "nombre": "Arrow Electronics",
    "contacto": "newark@newark.com",
    "telefono": "+1 925-583-8452",
    "email": "aovejero@lumitech.com.ar"
  }
},
{
  "model": "App_LUMINOVA.proveedor",
  "pk": 8,
  "fields": {
    "empresa": 1,
    "nombre": "Alibaba",
    "contacto": "Pepe Alibaba",
    "telefono": "+1 925-583-8452",
    "email": "alibaba@gmail.com"
  }
},
{
  "model": "App_LUMINOVA.proveedor",
  "pk": 9,
  "fields": {
    "empresa": 1,
    "nombre": "Osram",
    "contacto": "Juan Osram",
    "telefono": "+1 925-583-8452",
    "email": "osram@osram.com"
  }
},
{
  "model": "App_LUMINOVA.proveedor",
  "pk": 10,
  "fields": {
    "empresa": 1,
    "nombre": "Bridgelux",
    "contacto": "Lucas Bridgelux",
    "telefono": "+1 925-583-8452",
    "email": "bridgelux@gmail.com"
  }
},
{
  "model": "App_LUMINOVA.proveedor",
  "pk": 11,
  "fields": {
    "empresa": 1,
    "nombre": "Standard",
    "contacto": "Osvaldo Standard",
    "telefono": "+1 925-583-8452",
    "email": "standard@standard.com"
  }
},
{
  "model": "App_LUMINOVA.proveedor",
  "pk": 12,
  "fields": {
    "empresa": 1,
    "nombre": "Element14",
    "contacto": "Roberto Element14",
    "telefono": "+1 925-583-8452",
    "email": "element14@gmail.com"
  }
},
{
  "model": "App_LUMINOVA.proveedor",
  "pk": 13,
  "fields": {
    "empresa": 1,
    "nombre": "DigiKey",
    "contacto": "Franco DigiKey",
    "telefono": "+1 925-583-8452",
    "email": "digiKey@gmail.com"
  }
},
{
  "model": "App_LUMINOVA.proveedor",
  "pk": 14,
  "fields": {
    "empresa": 1,
    "nombre": "Mouser",
    "contacto": "Mauro Mouser",
    "telefono": "+1 925-583-8452",
    "email": "mouser@gmail.com"
  }
},
{
  "model": "App_LUMINOVA.fabricante",
  "pk": 1,
  "fields": {
    "empresa": 1,
    "nombre": "Newark",
    "contacto": "newark@newark.com",
    "telefono": "+1 925-583-8452",
    "email": "newark@newark.com"
  }
},
{
  "model": "App_LUMINOVA.fabricante",
  "pk": 2,
  "fields": {
    "empresa": 1,
    "nombre": "Osram",
    "contacto": "Juan Osram",
    "telefono": "+1 925-583-8452",
    "email": "osram@osram.com"
  }
},
{
  "model": "App_LUMINOVA.fabricante",
  "pk": 3,
  "fields": {
    "empresa": 1,
    "nombre": "Alibaba",
    "contacto": "Pepe Alibaba",
    "telefono": "+1 925-583-8452",
    "email": "alibaba@gmail.com"
  }
},
{
  "model": "App_LUMINOVA.fabricante",
  "pk": 4,
  "fields": {
    "empresa": 1,
    "nombre": "Bridgelux",
    "contacto": "Lucas Bridgelux",
    "telefono": "+1 925-583-8452",
    "email": "bridgelux@gmail.com"
  }
},
{
  "model": "App_LUMINOVA.fabricante",
  "pk": 5,
  "fields": {
    "empresa": 1,
    "nombre": "Standard",
    "contacto": "Osvaldo Standard",
    "telefono": "+1 925-583-8452",
    "email": "standard@standard.com"
  }
},
{
  "model": "App_LUMINOVA.fabricante",
  "pk": 6,
  "fields": {
    "empresa": 1,
    "nombre": "Arrow",
    "contacto": "Olverio Arrow",
    "telefono": "+1 925-583-8452",
    "email": "arrow@gmail.com"
  }
},
{
  "model": "App_LUMINOVA.fabricante",
  "pk": 7,
  "fields": {
    "empresa": 1,
    "nombre": "Element14",
    "contacto": "Roberto",
    "telefono": "+1 925-583-8452",
    "email": "element14@gmail.com"
  }
},
{
  "model": "App_LUMINOVA.fabricante",
  "pk": 8,
  "fields": {
    "empresa": 1,
    "nombre": "DigiKey",
    "contacto": "Franco DigiKey",
    "telefono": "+1 925-583-8452",
    "email": "digiKey@gmail.com"
  }
},
{
  "model": "App_LUMINOVA.fabricante",
  "pk": 9,
  "fields": {
    "empresa": 1,
    "nombre": "Mouser",
    "contacto": "Mauro Mouser",
    "telefono": "+1 925-583-8452",
    "email": "mouser@gmail.com"
  }
},
{
  "model": "App_LUMINOVA.fabricante",
  "pk": 10,
  "fields": {
    "empresa": 1,
    "nombre": "Dongguan Lenstar Opto",
    "contacto": "Gerardo Dongguan",
    "telefono": "+1 925-583-8452",
    "email": "DLO@gmail.com"
  }
},
{
  "model": "App_LUMINOVA.fabricante",
  "pk": 11,
  "fields": {
    "empresa": 1,
    "nombre": "Ideal",
    "contacto": "Ulises Ideal",
    "telefono": "+1 925-583-8452",
    "email": "ideal@gmail.com"
  }
},
{
  "model": "App_LUMINOVA.fabricante",
  "pk": 12,
  "fields": {
    "empresa": 1,
    "nombre": "TE Connectivity",
    "contacto": "Jorge Connectivity",
    "telefono": "+1 925-583-8452",
    "email": "TEConn@gmail.com"
  }
},
{
  "model": "App_LUMINOVA.fabricante",
  "pk": 13,
  "fields": {
    "empresa": 1,
    "nombre": "STMICROELECTRONICS",
    "contacto": "Mario STM",
    "telefono": "+1 925-583-8452",
    "email": "stm@gmail.com"
  }
},
{
  "model": "App_LUMINOVA.fabricante",
  "pk": 14,
  "fields": {
    "empresa": 1,
    "nombre": "Siemens",
    "contacto": "Santiago Siemens",
    "telefono": "+1 925-583-8452",
    "email": "siemens@gmail.com"
  }
},
{
  "model": "App_LUMINOVA.fabricante",
  "pk": 15,
  "fields": {
    "empresa": 1,
    "nombre": "FISCHER ELEKTRONIK",
    "contacto": "Federico Fischer",
    "telefono": "+1 925-583-8452",
    "email": "fischer@gmail.com"
  }
},
{
  "model": "App_LUMINOVA.fabricante",
  "pk": 16,
  "fields": {
    "empresa": 1,
    "nombre": "DIODES INC.",
    "contacto": "Dario Diodes",
    "telefono": "+1 925-583-8452",
    "email": "diodes@gmail.com"
  }
},
{
  "model": "App_LUMINOVA.fabricante",
  "pk": 17,
  "fields": {
    "empresa": 1,
    "nombre": "TEXAS INSTRUMENTS",
    "contacto": "Agustin Texas",
    "telefono": "+1 925-583-8452",
    "email": "texasins@gmail.com"
  }
},
{
  "model": "App_LUMINOVA.fabricante",
  "pk": 18,
  "fields": {
    "empresa": 1,
    "nombre": "WAKEFIELD THERMAL",
    "contacto": "Walter WAKEFIELD",
    "telefono": "+1 925-583-8452",
    "email": "wakefield@gmail.com"
  }
},
{
  "model": "App_LUMINOVA.fabricante",
  "pk": 19,
  "fields": {
    "empresa": 1,
    "nombre": "Sunon Fans",
    "contacto": "Martin Sunon",
    "telefono": "+1 925-583-8452",
    "email": "sunon@gmail.com"
  }
},
{
  "model": "App_LUMINOVA.fabricante",
  "pk": 20,
  "fields": {
    "empresa": 1,
    "nombre": "LEDIL",
    "contacto": "Leandro LEDIL",
    "telefono": "+1 925-583-8452",
    "email": "ledil@gmail.com"
  }
},
{
  "model": "App_LUMINOVA.fabricante",
  "pk": 21,
  "fields": {
    "empresa": 1,
    "nombre": "LUMEX",
    "contacto": "Luciano Lumex",
    "telefono": "+1 925-583-8452",
    "email": "lumex@gmail.com"
  }
},
{
  "model": "App_LUMINOVA.fabricante",
  "pk": 22,
  "fields": {
    "empresa": 1,
    "nombre": "STEGO",
    "contacto": "Dante STEGO",
    "telefono": "+1 925-583-8452",
    "email": "stego@gmail.com"
  }
},
{
  "model": "App_LUMINOVA.fabricante",
  "pk": 23,
  "fields": {
    "empresa": 1,
    "nombre": "CML INNOVATIVE TECHNOLOGIES",
    "contacto": "Lautaro CML",
    "telefono": "+1 925-583-8452",
    "email": "CML@gmail.com"
  }
},
{
  "model": "App_LUMINOVA.fabricante",
  "pk": 24,
  "fields": {
    "empresa": 1,
    "nombre": "NVENT HOFFMAN",
    "contacto": "Mauricio NVENT",
    "telefono": "+1 925-583-8452",
    "email": "NVENT@gmail.com"
  }
},
{
  "model": "App_LUMINOVA.fabricante",
  "pk": 25,
  "fields": {
    "empresa": 1,
    "nombre": "WAGO",
    "contacto": "Walter Wago",
    "telefono": "+1 925-583-8452",
    "email": "wago@gmail.com"
  }
},
{
  "model": "App_LUMINOVA.fabricante",
  "pk": 26,
  "fields": {
    "empresa": 1,
    "nombre": "AMPHENOL COMMUNICATIONS SOLUTIONS",
    "contacto": "AMPHENOL",
    "telefono": "+1 925-583-8452",
    "email": "ACS@gmail.com"
  }
},
{
  "model": "App_LUMINOVA.fabricante",
  "pk": 27,
  "fields": {
    "empresa": 1,
    "nombre": "MULTICOMP PRO",
    "contacto": "MULTICOMP PRO",
    "telefono": "+1 925-583-8452",
    "email": "MP@gmail.com"
  }
},
{
  "model": "App_LUMINOVA.fabricante",
  "pk": 28,
  "fields": {
    "empresa": 1,
    "nombre": "MEAN WELL",
    "contacto": "MEAN WELL",
    "telefono": "+1 925-583-8452",
    "email": "MW@gmail.com"
  }
},
{
  "model": "App_LUMINOVA.fabricante",
  "pk": 29,
  "fields": {
    "empresa": 1,
    "nombre": "TT ELECTRONICS / OPTEK TECHNOLOGY",
    "contacto": "TT ELECTRONICS / OPTEK TECHNOLOGY",
    "telefono": "+1 925-583-8452",
    "email": "TT@gmail.com"
  }
},
{
  "model": "App_LUMINOVA.fabricante",
  "pk": 30,
  "fields": {
    "empresa": 1,
    "nombre": "PLAZMO INDUSTRIES",
    "contacto": "PLAZMO INDUSTRIES",
    "telefono": "+1 925-583-8452",
    "email": "plazmo@gmail.com"
  }
},
{
  "model": "App_LUMINOVA.fabricante",
  "pk": 31,
  "fields": {
    "empresa": 1,
    "nombre": "CREE LED",
    "contacto": "CREE LED",
    "telefono": "+1 925-583-8452",
    "email": "CL@gmail.com"
  }
},
{
  "model": "App_LUMINOVA.fabricante",
  "pk": 32,
  "fields": {
    "empresa": 1,
    "nombre": "DIALIGHT",
    "contacto": "DIALIGHT",
    "telefono": "+1 925-583-8452",
    "email": "DIALIGHT@gmail.com"
  }
},
{
  "model": "App_LUMINOVA.insumo",
  "pk": 2,
  "fields": {
    "empresa": 1,
    "notificado_a_compras": false,
    "descripcion": "Porta LED 50-2204CT",
    "categoria": 2,
    "fabricante": 11,
    "imagen": "insumos/WhatsApp_Image_2025-05-22_at_11_by5Zx3z.03.26_AM.jpeg",
    "cantidad_en_pedido": 0,
    "deposito": 1
  }
},
{
  "model": "App_LUMINOVA.insumo",
  "pk": 3,
  "fields": {
    "empresa": 1,
    "notificado_a_compras": true,
    "descripcion": "LED Lens, 7 LED Optic, Spot, Transparent, 39.9 mm, Round, PMMA (Polymethylmethacrylate) RoHS Compliant: Yes",
    "categoria": 3,
    "fabricante": 20,
    "imagen": "insumos/Lente_para_Iluminacion_LED2.webp",
    "cantidad_en_pedido": 58010,
    "deposito": 1
  }
},
{
  "model": "App_LUMINOVA.insumo",
  "pk": 4,
  "fields": {
    "empresa": 1,
    "notificado_a_compras": false,
    "descripcion": "Disipador de Calor para LED, Anodizado negro, LEDs de Diseño 241;o de CI, Aluminio, 2.3 #176;C/W, 10 mm",
    "categoria": 4,
    "fabricante": 15,
    "imagen": "insumos/disipador_1.webp",
    "cantidad_en_pedido": 0,
    "deposito": 1
  }
},
{
  "model": "App_LUMINOVA.insumo",
  "pk": 5,
  "fields": {
    "empresa": 1,
    "notificado_a_compras": false,
    "descripcion": "Driver LED, Corriente Constante, Entrada:3-5.5V, 16 Salidas, 30 MHz, Salida:20V/100 mA, SOIC-24",
    "categoria": 5,
    "fabricante": 13,
    "imagen": "insumos/cls_driver_1.webp",
    "cantidad_en_pedido": 0,
    "deposito": 1
  }
},
{
  "model": "App_LUMINOVA.insumo",
  "pk": 6,
  "fields": {
    "empresa": 1,
    "notificado_a_compras": false,
    "descripcion": "Módulo LED DOB sin conductor para bombillas, 3-60 vatios, AC220V",
    "categoria": 1,
    "fabricante": 10,
    "imagen": "insumos/Captura_de_pantalla_36.png",
    "cantidad_en_pedido": 0,
    "deposito": 1
  }
},
{
  "model": "App_LUMINOVA.insumo",
  "pk": 8,
  "fields": {
    "empresa": 1,
    "notificado_a_compras": false,
    "descripcion": "Módulo LED, OSCONIQ S 5050 Series, Board + LED, Horti Blanco, 253 lm",
    "categoria": 1,
    "fabricante": 2,
    "imagen": "insumos/Modulo_LED_v0aAc5t.webp",
    "cantidad_en_pedido": 14523,
    "deposito": 1
  }
},
{
  "model": "App_LUMINOVA.insumo",
  "pk": 9,
  "fields": {
    "empresa": 1,
    "notificado_a_compras": false,
    "descripcion": "Módulo LED BXRC-30E10K0-B-73-SE",
    "categoria": 1,
    "fabricante": 4,
    "imagen": "insumos/modulo_led_3.jpg",
    "cantidad_en_pedido": 1,
    "deposito": 1
  }
},
{
  "model": "App_LUMINOVA.insumo",
  "pk": 10,
  "fields": {
    "empresa": 1,
    "notificado_a_compras": false,
    "descripcion": "Siemens 3SU14011BB301AA0 LED Module",
    "categoria": 1,
    "fabricante": 14,
    "imagen": "insumos/modulo_led_4.jpg",
    "cantidad_en_pedido": 4000,
    "deposito": 1
  }
},
{
  "model": "App_LUMINOVA.insumo",
  "pk": 11,
  "fields": {
    "empresa": 1,
    "notificado_a_compras": true,
    "descripcion": "Porta LED 2213254-1",
    "categoria": 2,
    "fabricante": 12,
    "imagen": "insumos/porta_2.jpg",
    "cantidad_en_pedido": 0,
    "deposito": 1
  }
},
{
  "model": "App_LUMINOVA.insumo",
  "pk": 12,
  "fields": {
    "empresa": 1,
    "notificado_a_compras": false,
    "descripcion": "Porta LED 50-2001CR",
    "categoria": 2,
    "fabricante": 11,
    "imagen": "insumos/Captura_de_pantalla_37.png",
    "cantidad_en_pedido": 0,
    "deposito": 1
  }
},
{
  "model": "App_LUMINOVA.insumo",
  "pk": 13,
  "fields": {
    "empresa": 1,
    "notificado_a_compras": false,
    "descripcion": "Driver Led, Reductor, Atenuación 243;n PWM, Entrada:7-30V, Conmutación 243 n:1MHz, Salida:30V/1A, TSOT-23-5",
    "categoria": 5,
    "fabricante": 16,
    "imagen": "insumos/cls_2.webp",
    "cantidad_en_pedido": 0,
    "deposito": 1
  }
},
{
  "model": "App_LUMINOVA.insumo",
  "pk": 14,
  "fields": {
    "empresa": 1,
    "notificado_a_compras": false,
    "descripcion": "LED DRIVER, LINEAR, 1MHZ, VQFN-32",
    "categoria": 5,
    "fabricante": 17,
    "imagen": "insumos/cls_3.jpg",
    "cantidad_en_pedido": 0,
    "deposito": 1
  }
},
{
  "model": "App_LUMINOVA.insumo",
  "pk": 15,
  "fields": {
    "empresa": 1,
    "notificado_a_compras": false,
    "descripcion": "Disipador de Calor para LED, Anodizado negro",
    "categoria": 4,
    "fabricante": 15,
    "imagen": "insumos/disipador_2.webp",
    "cantidad_en_pedido": 0,
    "deposito": 1
  }
},
{
  "model": "App_LUMINOVA.insumo",
  "pk": 16,
  "fields": {
    "empresa": 1,
    "notificado_a_compras": false,
    "descripcion": "Disipador de Calor para LED, DUAL LED Series, SMD LED Arrays, COBs and Driverless AC-LED's",
    "categoria": 4,
    "fabricante": 18,
    "imagen": "insumos/disipador_3.webp",
    "cantidad_en_pedido": 0,
    "deposito": 1
  }
},
{
  "model": "App_LUMINOVA.insumo",
  "pk": 17,
  "fields": {
    "empresa": 1,
    "notificado_a_compras": false,
    "descripcion": "Redondo TDLM LED Fortimo giratorio Disipador térmico",
    "categoria": 4,
    "fabricante": 19,
    "imagen": "insumos/disipador_4.jpg",
    "cantidad_en_pedido": 0,
    "deposito": 1
  }
},
{
  "model": "App_LUMINOVA.insumo",
  "pk": 18,
  "fields": {
    "empresa": 1,
    "notificado_a_compras": false,
    "descripcion": "Lentes y ensambles LED LZ4 LENS NARROW SPOT BEAM",
    "categoria": 3,
    "fabricante": 2,
    "imagen": "insumos/lente_2.webp",
    "cantidad_en_pedido": 0,
    "deposito": 1
  }
},
{
  "model": "App_LUMINOVA.insumo",
  "pk": 19,
  "fields": {
    "empresa": 1,
    "notificado_a_compras": false,
    "descripcion": "Lens With Holder Clear 20° Diffuser Adhesive Tape",
    "categoria": 3,
    "fabricante": 20,
    "imagen": "insumos/lente_3.jpg",
    "cantidad_en_pedido": 0,
    "deposito": 1
  }
},
{
  "model": "App_LUMINOVA.insumo",
  "pk": 20,
  "fields": {
    "empresa": 1,
    "notificado_a_compras": false,
    "descripcion": "Round Optical Lens Clear Polycarbonate Box",
    "categoria": 3,
    "fabricante": 20,
    "imagen": "insumos/lente_4.jpg",
    "cantidad_en_pedido": 0,
    "deposito": 1
  }
},
{
  "model": "App_LUMINOVA.insumo",
  "pk": 21,
  "fields": {
    "empresa": 1,
    "notificado_a_compras": false,
    "descripcion": "CREE XPE/G REFLECTOR, SPOT",
    "categoria": 7,
    "fabricante": 20,
    "imagen": "insumos/ref_led_1.jpg",
    "cantidad_en_pedido": 0,
    "deposito": 1
  }
},
{
  "model": "App_LUMINOVA.insumo",
  "pk": 22,
  "fields": {
    "empresa": 1,
    "notificado_a_compras": false,
    "descripcion": "Reflector LED, Fijación con Pegamento, PC (Policarbonato), 74°, 14.75 mm",
    "categoria": 7,
    "fabricante": 20,
    "imagen": "insumos/ref_led_2.jpg",
    "cantidad_en_pedido": 0,
    "deposito": 1
  }
},
{
  "model": "App_LUMINOVA.insumo",
  "pk": 23,
  "fields": {
    "empresa": 1,
    "notificado_a_compras": false,
    "descripcion": "Reflector LED, Fijación con Tornillos, PC (Policarbonato), 11°, 87.8 mm",
    "categoria": 7,
    "fabricante": 20,
    "imagen": "insumos/ref_led_3.jpg",
    "cantidad_en_pedido": 0,
    "deposito": 1
  }
},
{
  "model": "App_LUMINOVA.insumo",
  "pk": 24,
  "fields": {
    "empresa": 1,
    "notificado_a_compras": false,
    "descripcion": "Reflector LED, Fijación con Tornillos, PC (Policarbonato), 19°, 86.2 mm",
    "categoria": 7,
    "fabricante": 20,
    "imagen": "insumos/ref_led_4.jpg",
    "cantidad_en_pedido": 0,
    "deposito": 1
  }
},
{
  "model": "App_LUMINOVA.insumo",
  "pk": 25,
  "fields": {
    "empresa": 1,
    "notificado_a_compras": false,
    "descripcion": "Ensamble de Cable, Cable Conector L&#237;nea de Poder 12\" para Uso con Barra de Luz LED",
    "categoria": 8,
    "fabricante": 21,
    "imagen": "insumos/Captura_de_pantalla_38.png",
    "cantidad_en_pedido": 0,
    "deposito": 1
  }
},
{
  "model": "App_LUMINOVA.insumo",
  "pk": 26,
  "fields": {
    "empresa": 1,
    "notificado_a_compras": false,
    "descripcion": "Conjunto de Cable, Receptáculo eléctrico, Extremo Libre, 6.5 ft, 2 m, Blanco",
    "categoria": 8,
    "fabricante": 22,
    "imagen": "insumos/cable_2.jpg",
    "cantidad_en_pedido": 0,
    "deposito": 1
  }
},
{
  "model": "App_LUMINOVA.insumo",
  "pk": 27,
  "fields": {
    "empresa": 1,
    "notificado_a_compras": false,
    "descripcion": "Conjunto de Cable, Receptáculo de Compresión a Extremo Libre, 1 ft, 300 mm, Rojo",
    "categoria": 8,
    "fabricante": 23,
    "imagen": "insumos/cable_3.webp",
    "cantidad_en_pedido": 0,
    "deposito": 1
  }
},
{
  "model": "App_LUMINOVA.insumo",
  "pk": 28,
  "fields": {
    "empresa": 1,
    "notificado_a_compras": false,
    "descripcion": "Conjunto de Cable, Conector LED a Extremo Libre, 6.56 ft, 2 m, Negro",
    "categoria": 8,
    "fabricante": 24,
    "imagen": "insumos/cable_4.jpg",
    "cantidad_en_pedido": 0,
    "deposito": 1
  }
},
{
  "model": "App_LUMINOVA.insumo",
  "pk": 29,
  "fields": {
    "empresa": 1,
    "notificado_a_compras": false,
    "descripcion": "Conector de Luz, Tierra Anterior, Posición Central, Serie LUMI-NUTS, 3 Contactos",
    "categoria": 9,
    "fabricante": 25,
    "imagen": "insumos/cone_1.png",
    "cantidad_en_pedido": 0,
    "deposito": 1
  }
},
{
  "model": "App_LUMINOVA.insumo",
  "pk": 30,
  "fields": {
    "empresa": 1,
    "notificado_a_compras": false,
    "descripcion": "Accesorio de Caja, Conector, Luces de Carcasa LED Stego 100-240Vca, Blanco",
    "categoria": 9,
    "fabricante": 22,
    "imagen": "insumos/cone_2.jpg",
    "cantidad_en_pedido": 0,
    "deposito": 1
  }
},
{
  "model": "App_LUMINOVA.insumo",
  "pk": 31,
  "fields": {
    "empresa": 1,
    "notificado_a_compras": false,
    "descripcion": "Conector de Luz, 4 Contactos, Receptáculo eléctrico, 4 mm, Soldable, 1 Líneas",
    "categoria": 9,
    "fabricante": 12,
    "imagen": "insumos/cone_3.webp",
    "cantidad_en_pedido": 1,
    "deposito": 1
  }
},
{
  "model": "App_LUMINOVA.insumo",
  "pk": 32,
  "fields": {
    "empresa": 1,
    "notificado_a_compras": false,
    "descripcion": "LIGHTING CONN, RCPT, 2POS, PCB MOUNT ROHS COMPLIANT: YES",
    "categoria": 9,
    "fabricante": 12,
    "imagen": "insumos/cone_4.webp",
    "cantidad_en_pedido": 0,
    "deposito": 1
  }
},
{
  "model": "App_LUMINOVA.insumo",
  "pk": 33,
  "fields": {
    "empresa": 1,
    "notificado_a_compras": false,
    "descripcion": "CONNECTOR, RECEPTACLE, 7POS",
    "categoria": 10,
    "fabricante": 12,
    "imagen": "insumos/cym_1.webp",
    "cantidad_en_pedido": 0,
    "deposito": 1
  }
},
{
  "model": "App_LUMINOVA.insumo",
  "pk": 34,
  "fields": {
    "empresa": 1,
    "notificado_a_compras": false,
    "descripcion": "Conector para LED de Alumbrado Público, FLB Series, 7 Contactos, Macho, Agujero Pasante",
    "categoria": 10,
    "fabricante": 26,
    "imagen": "insumos/cym_2.webp",
    "cantidad_en_pedido": 0,
    "deposito": 1
  }
},
{
  "model": "App_LUMINOVA.insumo",
  "pk": 35,
  "fields": {
    "empresa": 1,
    "notificado_a_compras": false,
    "descripcion": "WHT PIXEL CLUSTER, 500M, 80CD, 0.14A/12V ROHS COMPLIANT: YES",
    "categoria": 10,
    "fabricante": 27,
    "imagen": "insumos/cym_3.webp",
    "cantidad_en_pedido": 0,
    "deposito": 1
  }
},
{
  "model": "App_LUMINOVA.insumo",
  "pk": 36,
  "fields": {
    "empresa": 1,
    "notificado_a_compras": false,
    "descripcion": "Conector para LED de Alumbrado Público, LUMAWISE Endurance S2 Series, 4 Contactos",
    "categoria": 10,
    "fabricante": 12,
    "imagen": "insumos/cym_4.webp",
    "cantidad_en_pedido": 0,
    "deposito": 1
  }
},
{
  "model": "App_LUMINOVA.insumo",
  "pk": 37,
  "fields": {
    "empresa": 1,
    "notificado_a_compras": false,
    "descripcion": "Driver LED, ITE, 100.8 W, 24 V, 4.2 A, Voltaje Constante, 90 V",
    "categoria": 11,
    "fabricante": 28,
    "imagen": "insumos/fuente_1.webp",
    "cantidad_en_pedido": 2,
    "deposito": 1
  }
},
{
  "model": "App_LUMINOVA.insumo",
  "pk": 38,
  "fields": {
    "empresa": 1,
    "notificado_a_compras": false,
    "descripcion": "Driver LED, ITE, 21 W, 30 V, 700 mA, Corriente Constante, 90 V",
    "categoria": 11,
    "fabricante": 28,
    "imagen": "insumos/fuente_2.webp",
    "cantidad_en_pedido": 0,
    "deposito": 1
  }
},
{
  "model": "App_LUMINOVA.insumo",
  "pk": 39,
  "fields": {
    "empresa": 1,
    "notificado_a_compras": false,
    "descripcion": "Driver LED, ITE, 12 W, 12 V, 1 A, Voltaje Constante, 90 V",
    "categoria": 11,
    "fabricante": 28,
    "imagen": "insumos/fuente_3.webp",
    "cantidad_en_pedido": 0,
    "deposito": 1
  }
},
{
  "model": "App_LUMINOVA.insumo",
  "pk": 40,
  "fields": {
    "empresa": 1,
    "notificado_a_compras": false,
    "descripcion": "Driver LED, ITE, 36 W, 24 V, 1.5 A, Voltaje Constante, 90 V",
    "categoria": 11,
    "fabricante": 28,
    "imagen": "insumos/fuente_4.webp",
    "cantidad_en_pedido": 0,
    "deposito": 1
  }
},
{
  "model": "App_LUMINOVA.insumo",
  "pk": 41,
  "fields": {
    "empresa": 1,
    "notificado_a_compras": false,
    "descripcion": "Tira de LED, 80 mm, 3 LEDs, Blanco, 12 VDC, 1.5 W, IP67",
    "categoria": 12,
    "fabricante": 29,
    "imagen": "insumos/tira_1.webp",
    "cantidad_en_pedido": 0,
    "deposito": 1
  }
},
{
  "model": "App_LUMINOVA.insumo",
  "pk": 42,
  "fields": {
    "empresa": 1,
    "notificado_a_compras": false,
    "descripcion": "Tira de LED, 5 m, 300 LEDs, Blanco, 12 V, 20 W",
    "categoria": 12,
    "fabricante": 30,
    "imagen": "insumos/tira_2.webp",
    "cantidad_en_pedido": 0,
    "deposito": 1
  }
},
{
  "model": "App_LUMINOVA.insumo",
  "pk": 43,
  "fields": {
    "empresa": 1,
    "notificado_a_compras": false,
    "descripcion": "Tira de LED, 480 mm, 60 LEDs, 12 VDC, 5.7 W",
    "categoria": 12,
    "fabricante": 30,
    "imagen": "insumos/tira_3.webp",
    "cantidad_en_pedido": 0,
    "deposito": 1
  }
},
{
  "model": "App_LUMINOVA.insumo",
  "pk": 44,
  "fields": {
    "empresa": 1,
    "notificado_a_compras": false,
    "descripcion": "LED STRIP LIGHT, WHITE, 45W, 24V, 5M ROHS COMPLIANT: YES",
    "categoria": 12,
    "fabricante": 2,
    "imagen": "insumos/tira_4.webp",
    "cantidad_en_pedido": 0,
    "deposito": 1
  }
},
{
  "model": "App_LUMINOVA.insumo",
  "pk": 45,
  "fields": {
    "empresa": 1,
    "notificado_a_compras": false,
    "descripcion": "LED, Blanco Frío, CRI 80, 137W, 12000lm, 2.4A, 115°, 36V, 5000K, SMD-2, Redondo, Aplanado",
    "categoria": 13,
    "fabricante": 31,
    "imagen": "insumos/led_cob_1.webp",
    "cantidad_en_pedido": 0,
    "deposito": 1
  }
},
{
  "model": "App_LUMINOVA.insumo",
  "pk": 46,
  "fields": {
    "empresa": 1,
    "notificado_a_compras": false,
    "descripcion": "LED, Blanco Cálido, CRI 92, 40W, 2100lm, 550mA, 115°, 35V, 2700K, SMD-2, Redondo, Aplanado",
    "categoria": 13,
    "fabricante": 31,
    "imagen": "insumos/led_cob_2.webp",
    "cantidad_en_pedido": 0,
    "deposito": 1
  }
},
{
  "model": "App_LUMINOVA.insumo",
  "pk": 47,
  "fields": {
    "empresa": 1,
    "notificado_a_compras": false,
    "descripcion": "LED, Blanco Cálido, CRI 80, 9.5W, 440lm, 400mA, 115°, 8.6V, 3000K, SMD-2, Redondo, Aplanado",
    "categoria": 13,
    "fabricante": 31,
    "imagen": "insumos/led_cob_3.webp",
    "cantidad_en_pedido": 0,
    "deposito": 1
  }
},
{
  "model": "App_LUMINOVA.insumo",
  "pk": 48,
  "fields": {
    "empresa": 1,
    "notificado_a_compras": false,
    "descripcion": "LED, Blanco Cálido, Capacidad 80 CRI, 10.9 W, 355lm, 400mA, 115°, 3000 K, SMD-2, Redondo Punta Plana",
    "categoria": 13,
    "fabricante": 31,
    "imagen": "insumos/led_cob_4.webp",
    "cantidad_en_pedido": 0,
    "deposito": 1
  }
},
{
  "model": "App_LUMINOVA.insumo",
  "pk": 49,
  "fields": {
    "empresa": 1,
    "notificado_a_compras": false,
    "descripcion": "LED de Alto Brillo, Serie 521, Rojo, Verde, 60 °, R 660nm, G 565nm",
    "categoria": 14,
    "fabricante": 32,
    "imagen": "insumos/lab_1.webp",
    "cantidad_en_pedido": 0,
    "deposito": 1
  }
},
{
  "model": "App_LUMINOVA.insumo",
  "pk": 50,
  "fields": {
    "empresa": 1,
    "notificado_a_compras": false,
    "descripcion": "High Brightness LED, XLamp ML-E Series, 535 nm, Green, 30.6 lm, 150 mA RoHS Compliant: Yes",
    "categoria": 14,
    "fabricante": 31,
    "imagen": "insumos/lab_2.webp",
    "cantidad_en_pedido": 0,
    "deposito": 1
  }
},
{
  "model": "App_LUMINOVA.insumo",
  "pk": 51,
  "fields": {
    "empresa": 1,
    "notificado_a_compras": false,
    "descripcion": "LED de Alto Brillo, OSLON Compact PL Series, Blanco, 120 °, 1880 lm, 1.5 A",
    "categoria": 14,
    "fabricante": 2,
    "imagen": "insumos/lab_3.webp",
    "cantidad_en_pedido": 0,
    "deposito": 1
  }
},
{
  "model": "App_LUMINOVA.insumo",
  "pk": 52,
  "fields": {
    "empresa": 1,
    "notificado_a_compras": false,
    "descripcion": "LED de Alto Brillo, XLamp XP-G3 Series, Azul, 451 nm, 130 &#176;, 2 A",
    "categoria": 14,
    "fabricante": 31,
    "imagen": "insumos/lab_4.webp",
    "cantidad_en_pedido": 0,
    "deposito": 1
  }
},
{
  "model": "App_LUMINOVA.insumo",
  "pk": 53,
  "fields": {
    "empresa": 1,
    "notificado_a_compras": false,
    "descripcion": "DIMMER MODULE, 230VAC, 6A ROHS COMPLIANT: YES",
    "categoria": 15,
    "fabricante": 2,
    "imagen": "insumos/cci_1.webp",
    "cantidad_en_pedido": 0,
    "deposito": 1
  }
},
{
  "model": "App_LUMINOVA.insumo",
  "pk": 54,
  "fields": {
    "empresa": 1,
    "notificado_a_compras": false,
    "descripcion": "TRANSCEIVER MOD, DALI DT8, 230VAC, 1-CH ROHS COMPLIANT: YES",
    "categoria": 15,
    "fabricante": 2,
    "imagen": "insumos/cci_2.webp",
    "cantidad_en_pedido": 0,
    "deposito": 1
  }
},
{
  "model": "App_LUMINOVA.insumo",
  "pk": 55,
  "fields": {
    "empresa": 1,
    "notificado_a_compras": false,
    "descripcion": "CONTROL UNIT, DALI, 240VAC, 3W ROHS COMPLIANT: YES",
    "categoria": 15,
    "fabricante": 2,
    "imagen": "insumos/cci_3.webp",
    "cantidad_en_pedido": 0,
    "deposito": 1
  }
},
{
  "model": "App_LUMINOVA.insumo",
  "pk": 56,
  "fields": {
    "empresa": 1,
    "notificado_a_compras": false,
    "descripcion": "LIGHT MANAGEMENT SYSTEM, DALI-2, 230V ROHS COMPLIANT: YES",
    "categoria": 15,
    "fabricante": 2,
    "imagen": "insumos/cci_4.webp",
    "cantidad_en_pedido": 0,
    "deposito": 1
  }
},
{
  "model": "App_LUMINOVA.insumo",
  "pk": 57,
  "fields": {
    "empresa": 1,
    "notificado_a_compras": false,
    "descripcion": "Adaptador de LED, Chip-Lok®, 50mm, 90°C (194°F), M3, Blanco, Para Uso con CREE",
    "categoria": 16,
    "fabricante": 11,
    "imagen": "insumos/sop_1.webp",
    "cantidad_en_pedido": 0,
    "deposito": 1
  }
},
{
  "model": "App_LUMINOVA.insumo",
  "pk": 58,
  "fields": {
    "empresa": 1,
    "notificado_a_compras": false,
    "descripcion": "Adaptador de LED, Chip-Lok®, Para Lena, 53.3mm, 90°C (194°F), Lengüeta Separada, Blanco",
    "categoria": 16,
    "fabricante": 11,
    "imagen": "insumos/sop_2.webp",
    "cantidad_en_pedido": 0,
    "deposito": 1
  }
},
{
  "model": "App_LUMINOVA.insumo",
  "pk": 59,
  "fields": {
    "empresa": 1,
    "notificado_a_compras": false,
    "descripcion": "Porta LED, LUMAWISE, 3A, 250V, Dorado, Para Uso con LEDs Cree CXA 25XX",
    "categoria": 16,
    "fabricante": 12,
    "imagen": "insumos/sop_3.webp",
    "cantidad_en_pedido": 0,
    "deposito": 1
  }
},
{
  "model": "App_LUMINOVA.insumo",
  "pk": 60,
  "fields": {
    "empresa": 1,
    "notificado_a_compras": false,
    "descripcion": "Adaptador de LED, Chip-Lok, Reflector en Ángulo, 47.38mm, 90°C (194°F), Lengüeta Separada, Blanco",
    "categoria": 16,
    "fabricante": 11,
    "imagen": "insumos/sop_4.webp",
    "cantidad_en_pedido": 0,
    "deposito": 1
  }
},
{
  "model": "App_LUMINOVA.insumo",
  "pk": 65,
  "fields": {
    "empresa": 1,
    "notificado_a_compras": false,
    "descripcion": "Módulo LED, OSCONIQ S 5050 Series, Board + LED, Horti Blanco, 253 lm",
    "categoria": 21,
    "fabricante": 2,
    "imagen": "insumos/clone_8_2_fYwy41J.webp",
    "cantidad_en_pedido": 14523,
    "deposito": 2
  }
},
{
  "model": "App_LUMINOVA.insumo",
  "pk": 66,
  "fields": {
    "empresa": 1,
    "notificado_a_compras": false,
    "descripcion": "uva blanca",
    "categoria": 22,
    "fabricante": 18,
    "imagen": "insumos/uva-blanca.webp",
    "cantidad_en_pedido": 0,
    "deposito": 2
  }
},
{
  "model": "App_LUMINOVA.insumo",
  "pk": 67,
  "fields": {
    "empresa": 1,
    "notificado_a_compras": false,
    "descripcion": "Porta LED 2213254-1",
    "categoria": 23,
    "fabricante": 12,
    "imagen": "insumos/porta_2.jpg",
    "cantidad_en_pedido": 0,
    "deposito": 5
  }
},
{
  "model": "App_LUMINOVA.insumo",
  "pk": 68,
  "fields": {
    "empresa": 1,
    "notificado_a_compras": false,
    "descripcion": "LED, Blanco Frío, CRI 80, 137W, 12000lm, 2.4A, 115°, 36V, 5000K, SMD-2, Redondo, Aplanado",
    "categoria": 24,
    "fabricante": 31,
    "imagen": "insumos/led_cob_1.webp",
    "cantidad_en_pedido": 0,
    "deposito": 2
  }
},
{
  "model": "App_LUMINOVA.insumo",
  "pk": 69,
  "fields": {
    "empresa": 1,
    "notificado_a_compras": false,
    "descripcion": "LED, Blanco Frío, CRI 80, 137W, 12000lm, 2.4A, 115°, 36V, 5000K, SMD-2, Redondo, Aplanado",
    "categoria": 25,
    "fabricante": 31,
    "imagen": "insumos/led_cob_1.webp",
    "cantidad_en_pedido": 0,
    "deposito": 5
  }
},
{
  "model": "App_LUMINOVA.insumo",
  "pk": 70,
  "fields": {
    "empresa": 1,
    "notificado_a_compras": false,
    "descripcion": "Módulo LED DOB sin conductor para bombillas, 3-60 vatios, AC220V",
    "categoria": 21,
    "fabricante": 10,
    "imagen": "insumos/Captura_de_pantalla_36.png",
    "cantidad_en_pedido": 0,
    "deposito": 2
  }
},
{
  "model": "App_LUMINOVA.insumo",
  "pk": 71,
  "fields": {
    "empresa": 1,
    "notificado_a_compras": false,
    "descripcion": "Driver LED, Corriente Constante, Entrada:3-5.5V, 16 Salidas, 30 MHz, Salida:20V/100 mA, SOIC-24",
    "categoria": 27,
    "fabricante": 13,
    "imagen": "insumos/cls_driver_1.webp",
    "cantidad_en_pedido": 0,
    "deposito": 2
  }
},
{
  "model": "App_LUMINOVA.insumo",
  "pk": 72,
  "fields": {
    "empresa": 1,
    "notificado_a_compras": false,
    "descripcion": "Conector de Luz, Tierra Anterior, Posición Central, Serie LUMI-NUTS, 3 Contactos",
    "categoria": 28,
    "fabricante": 25,
    "imagen": "insumos/cone_1.png",
    "cantidad_en_pedido": 0,
    "deposito": 2
  }
},
{
  "model": "App_LUMINOVA.insumo",
  "pk": 73,
  "fields": {
    "empresa": 1,
    "notificado_a_compras": false,
    "descripcion": "Accesorio de Caja, Conector, Luces de Carcasa LED Stego 100-240Vca, Blanco",
    "categoria": 28,
    "fabricante": 22,
    "imagen": "insumos/cone_2.jpg",
    "cantidad_en_pedido": 0,
    "deposito": 2
  }
},
{
  "model": "App_LUMINOVA.ofertaproveedor",
  "pk": 1,
  "fields": {
    "empresa": 1,
    "insumo": 3,
    "proveedor": 3,
    "precio_unitario_compra": "1.25",
    "tiempo_entrega_estimado_dias": 7,
    "fecha_actualizacion_precio": "2025-05-27T22:56:29Z"
  }
},
{
  "model": "App_LUMINOVA.ofertaproveedor",
  "pk": 2,
  "fields": {
    "empresa": 1,
    "insumo": 3,
    "proveedor": 7,
    "precio_unitario_compra": "0.99",
    "tiempo_entrega_estimado_dias": 30,
    "fecha_actualizacion_precio": "2025-05-27T22:56:56Z"
  }
},
{
  "model": "App_LUMINOVA.ofertaproveedor",
  "pk": 3,
  "fields": {
    "empresa": 1,
    "insumo": 8,
    "proveedor": 3,
    "precio_unitario_compra": "1.24",
    "tiempo_entrega_estimado_dias": 3,
    "fecha_actualizacion_precio": "2025-05-31T23:46:14Z"
  }
},
{
  "model": "App_LUMINOVA.ofertaproveedor",
  "pk": 4,
  "fields": {
    "empresa": 1,
    "insumo": 8,
    "proveedor": 10,
    "precio_unitario_compra": "0.21",
    "tiempo_entrega_estimado_dias": 30,
    "fecha_actualizacion_precio": "2025-06-01T00:12:25Z"
  }
},
{
  "model": "App_LUMINOVA.ofertaproveedor",
  "pk": 5,
  "fields": {
    "empresa": 1,
    "insumo": 6,
    "proveedor": 3,
    "precio_unitario_compra": "1.24",
    "tiempo_entrega_estimado_dias": 3,
    "fecha_actualizacion_precio": "2025-06-01T00:44:13Z"
  }
},
{
  "model": "App_LUMINOVA.ofertaproveedor",
  "pk": 6,
  "fields": {
    "empresa": 1,
    "insumo": 6,
    "proveedor": 8,
    "precio_unitario_compra": "0.83",
    "tiempo_entrega_estimado_dias": 20,
    "fecha_actualizacion_precio": "2025-06-01T00:44:34Z"
  }
},
{
  "model": "App_LUMINOVA.ofertaproveedor",
  "pk": 8,
  "fields": {
    "empresa": 1,
    "insumo": 5,
    "proveedor": 3,
    "precio_unitario_compra": "1.87",
    "tiempo_entrega_estimado_dias": 3,
    "fecha_actualizacion_precio": "2025-06-15T11:26:22Z"
  }
},
{
  "model": "App_LUMINOVA.ofertaproveedor",
  "pk": 9,
  "fields": {
    "empresa": 1,
    "insumo": 5,
    "proveedor": 7,
    "precio_unitario_compra": "1.23",
    "tiempo_entrega_estimado_dias": 2,
    "fecha_actualizacion_precio": "2025-06-15T11:26:22Z"
  }
},
{
  "model": "App_LUMINOVA.ofertaproveedor",
  "pk": 10,
  "fields": {
    "empresa": 1,
    "insumo": 4,
    "proveedor": 7,
    "precio_unitario_compra": "0.25",
    "tiempo_entrega_estimado_dias": 10,
    "fecha_actualizacion_precio": "2025-06-18T21:25:08Z"
  }
},
{
  "model": "App_LUMINOVA.ofertaproveedor",
  "pk": 11,
  "fields": {
    "empresa": 1,
    "insumo": 4,
    "proveedor": 3,
    "precio_unitario_compra": "1.26",
    "tiempo_entrega_estimado_dias": 3,
    "fecha_actualizacion_precio": "2025-06-18T21:25:08Z"
  }
},
{
  "model": "App_LUMINOVA.ofertaproveedor",
  "pk": 12,
  "fields": {
    "empresa": 1,
    "insumo": 2,
    "proveedor": 3,
    "precio_unitario_compra": "1.94",
    "tiempo_entrega_estimado_dias": 3,
    "fecha_actualizacion_precio": "2025-06-20T18:02:01Z"
  }
},
{
  "model": "App_LUMINOVA.ofertaproveedor",
  "pk": 13,
  "fields": {
    "empresa": 1,
    "insumo": 2,
    "proveedor": 7,
    "precio_unitario_compra": "4.12",
    "tiempo_entrega_estimado_dias": 35,
    "fecha_actualizacion_precio": "2025-06-20T18:02:01Z"
  }
},
{
  "model": "App_LUMINOVA.ofertaproveedor",
  "pk": 14,
  "fields": {
    "empresa": 1,
    "insumo": 9,
    "proveedor": 10,
    "precio_unitario_compra": "0.21",
    "tiempo_entrega_estimado_dias": 30,
    "fecha_actualizacion_precio": "2025-06-25T14:03:07Z"
  }
},
{
  "model": "App_LUMINOVA.ofertaproveedor",
  "pk": 15,
  "fields": {
    "empresa": 1,
    "insumo": 9,
    "proveedor": 3,
    "precio_unitario_compra": "1.24",
    "tiempo_entrega_estimado_dias": 3,
    "fecha_actualizacion_precio": "2025-06-25T14:03:07Z"
  }
},
{
  "model": "App_LUMINOVA.ofertaproveedor",
  "pk": 16,
  "fields": {
    "empresa": 1,
    "insumo": 10,
    "proveedor": 11,
    "precio_unitario_compra": "34.84",
    "tiempo_entrega_estimado_dias": 10,
    "fecha_actualizacion_precio": "2025-06-25T14:04:08Z"
  }
},
{
  "model": "App_LUMINOVA.ofertaproveedor",
  "pk": 17,
  "fields": {
    "empresa": 1,
    "insumo": 11,
    "proveedor": 7,
    "precio_unitario_compra": "54.12",
    "tiempo_entrega_estimado_dias": 25,
    "fecha_actualizacion_precio": "2025-06-25T14:08:45Z"
  }
},
{
  "model": "App_LUMINOVA.ofertaproveedor",
  "pk": 18,
  "fields": {
    "empresa": 1,
    "insumo": 11,
    "proveedor": 12,
    "precio_unitario_compra": "2.97",
    "tiempo_entrega_estimado_dias": 5,
    "fecha_actualizacion_precio": "2025-06-25T14:08:45Z"
  }
},
{
  "model": "App_LUMINOVA.ofertaproveedor",
  "pk": 19,
  "fields": {
    "empresa": 1,
    "insumo": 12,
    "proveedor": 12,
    "precio_unitario_compra": "2.97",
    "tiempo_entrega_estimado_dias": 5,
    "fecha_actualizacion_precio": "2025-06-25T14:09:16Z"
  }
},
{
  "model": "App_LUMINOVA.ofertaproveedor",
  "pk": 20,
  "fields": {
    "empresa": 1,
    "insumo": 12,
    "proveedor": 3,
    "precio_unitario_compra": "1.94",
    "tiempo_entrega_estimado_dias": 3,
    "fecha_actualizacion_precio": "2025-06-25T14:09:16Z"
  }
},
{
  "model": "App_LUMINOVA.ofertaproveedor",
  "pk": 21,
  "fields": {
    "empresa": 1,
    "insumo": 13,
    "proveedor": 3,
    "precio_unitario_compra": "2.85",
    "tiempo_entrega_estimado_dias": 3,
    "fecha_actualizacion_precio": "2025-06-25T14:11:29Z"
  }
},
{
  "model": "App_LUMINOVA.ofertaproveedor",
  "pk": 22,
  "fields": {
    "empresa": 1,
    "insumo": 13,
    "proveedor": 8,
    "precio_unitario_compra": "1.23",
    "tiempo_entrega_estimado_dias": 7,
    "fecha_actualizacion_precio": "2025-06-25T14:11:44Z"
  }
},
{
  "model": "App_LUMINOVA.ofertaproveedor",
  "pk": 23,
  "fields": {
    "empresa": 1,
    "insumo": 14,
    "proveedor": 3,
    "precio_unitario_compra": "2.75",
    "tiempo_entrega_estimado_dias": 3,
    "fecha_actualizacion_precio": "2025-06-25T14:12:12Z"
  }
},
{
  "model": "App_LUMINOVA.ofertaproveedor",
  "pk": 24,
  "fields": {
    "empresa": 1,
    "insumo": 14,
    "proveedor": 10,
    "precio_unitario_compra": "2.30",
    "tiempo_entrega_estimado_dias": 9,
    "fecha_actualizacion_precio": "2025-06-25T14:12:12Z"
  }
},
{
  "model": "App_LUMINOVA.ofertaproveedor",
  "pk": 25,
  "fields": {
    "empresa": 1,
    "insumo": 15,
    "proveedor": 3,
    "precio_unitario_compra": "7.49",
    "tiempo_entrega_estimado_dias": 4,
    "fecha_actualizacion_precio": "2025-06-25T14:13:50Z"
  }
},
{
  "model": "App_LUMINOVA.ofertaproveedor",
  "pk": 26,
  "fields": {
    "empresa": 1,
    "insumo": 15,
    "proveedor": 13,
    "precio_unitario_compra": "3.52",
    "tiempo_entrega_estimado_dias": 10,
    "fecha_actualizacion_precio": "2025-06-25T14:13:50Z"
  }
},
{
  "model": "App_LUMINOVA.ofertaproveedor",
  "pk": 27,
  "fields": {
    "empresa": 1,
    "insumo": 16,
    "proveedor": 13,
    "precio_unitario_compra": "3.52",
    "tiempo_entrega_estimado_dias": 10,
    "fecha_actualizacion_precio": "2025-06-25T14:14:31Z"
  }
},
{
  "model": "App_LUMINOVA.ofertaproveedor",
  "pk": 28,
  "fields": {
    "empresa": 1,
    "insumo": 16,
    "proveedor": 3,
    "precio_unitario_compra": "54.45",
    "tiempo_entrega_estimado_dias": 1,
    "fecha_actualizacion_precio": "2025-06-25T14:14:31Z"
  }
},
{
  "model": "App_LUMINOVA.ofertaproveedor",
  "pk": 29,
  "fields": {
    "empresa": 1,
    "insumo": 17,
    "proveedor": 3,
    "precio_unitario_compra": "54.45",
    "tiempo_entrega_estimado_dias": 1,
    "fecha_actualizacion_precio": "2025-06-25T14:15:11Z"
  }
},
{
  "model": "App_LUMINOVA.ofertaproveedor",
  "pk": 30,
  "fields": {
    "empresa": 1,
    "insumo": 17,
    "proveedor": 13,
    "precio_unitario_compra": "32.83",
    "tiempo_entrega_estimado_dias": 2,
    "fecha_actualizacion_precio": "2025-06-25T14:15:11Z"
  }
},
{
  "model": "App_LUMINOVA.ofertaproveedor",
  "pk": 31,
  "fields": {
    "empresa": 1,
    "insumo": 18,
    "proveedor": 3,
    "precio_unitario_compra": "8.52",
    "tiempo_entrega_estimado_dias": 4,
    "fecha_actualizacion_precio": "2025-06-25T14:15:54Z"
  }
},
{
  "model": "App_LUMINOVA.ofertaproveedor",
  "pk": 32,
  "fields": {
    "empresa": 1,
    "insumo": 18,
    "proveedor": 14,
    "precio_unitario_compra": "253.00",
    "tiempo_entrega_estimado_dias": 1,
    "fecha_actualizacion_precio": "2025-06-25T14:15:54Z"
  }
},
{
  "model": "App_LUMINOVA.ofertaproveedor",
  "pk": 33,
  "fields": {
    "empresa": 1,
    "insumo": 19,
    "proveedor": 13,
    "precio_unitario_compra": "3.90",
    "tiempo_entrega_estimado_dias": 1,
    "fecha_actualizacion_precio": "2025-06-25T14:16:45Z"
  }
},
{
  "model": "App_LUMINOVA.ofertaproveedor",
  "pk": 34,
  "fields": {
    "empresa": 1,
    "insumo": 19,
    "proveedor": 7,
    "precio_unitario_compra": "0.83",
    "tiempo_entrega_estimado_dias": 2,
    "fecha_actualizacion_precio": "2025-06-25T14:16:45Z"
  }
},
{
  "model": "App_LUMINOVA.ofertaproveedor",
  "pk": 35,
  "fields": {
    "empresa": 1,
    "insumo": 20,
    "proveedor": 7,
    "precio_unitario_compra": "0.83",
    "tiempo_entrega_estimado_dias": 2,
    "fecha_actualizacion_precio": "2025-06-25T14:17:34Z"
  }
},
{
  "model": "App_LUMINOVA.ofertaproveedor",
  "pk": 36,
  "fields": {
    "empresa": 1,
    "insumo": 20,
    "proveedor": 3,
    "precio_unitario_compra": "8.52",
    "tiempo_entrega_estimado_dias": 4,
    "fecha_actualizacion_precio": "2025-06-25T14:17:34Z"
  }
},
{
  "model": "App_LUMINOVA.ofertaproveedor",
  "pk": 37,
  "fields": {
    "empresa": 1,
    "insumo": 21,
    "proveedor": 3,
    "precio_unitario_compra": "2.77",
    "tiempo_entrega_estimado_dias": 4,
    "fecha_actualizacion_precio": "2025-06-25T14:18:23Z"
  }
},
{
  "model": "App_LUMINOVA.ofertaproveedor",
  "pk": 38,
  "fields": {
    "empresa": 1,
    "insumo": 21,
    "proveedor": 9,
    "precio_unitario_compra": "2.94",
    "tiempo_entrega_estimado_dias": 1,
    "fecha_actualizacion_precio": "2025-06-25T14:18:23Z"
  }
},
{
  "model": "App_LUMINOVA.ofertaproveedor",
  "pk": 39,
  "fields": {
    "empresa": 1,
    "insumo": 22,
    "proveedor": 3,
    "precio_unitario_compra": "2.94",
    "tiempo_entrega_estimado_dias": 1,
    "fecha_actualizacion_precio": "2025-06-25T14:18:59Z"
  }
},
{
  "model": "App_LUMINOVA.ofertaproveedor",
  "pk": 40,
  "fields": {
    "empresa": 1,
    "insumo": 22,
    "proveedor": 10,
    "precio_unitario_compra": "12.77",
    "tiempo_entrega_estimado_dias": 33,
    "fecha_actualizacion_precio": "2025-06-25T14:18:59Z"
  }
},
{
  "model": "App_LUMINOVA.ofertaproveedor",
  "pk": 41,
  "fields": {
    "empresa": 1,
    "insumo": 23,
    "proveedor": 3,
    "precio_unitario_compra": "24.85",
    "tiempo_entrega_estimado_dias": 1,
    "fecha_actualizacion_precio": "2025-06-25T14:20:09Z"
  }
},
{
  "model": "App_LUMINOVA.ofertaproveedor",
  "pk": 42,
  "fields": {
    "empresa": 1,
    "insumo": 23,
    "proveedor": 14,
    "precio_unitario_compra": "2.77",
    "tiempo_entrega_estimado_dias": 4,
    "fecha_actualizacion_precio": "2025-06-25T14:20:09Z"
  }
},
{
  "model": "App_LUMINOVA.ofertaproveedor",
  "pk": 43,
  "fields": {
    "empresa": 1,
    "insumo": 24,
    "proveedor": 3,
    "precio_unitario_compra": "12.77",
    "tiempo_entrega_estimado_dias": 1,
    "fecha_actualizacion_precio": "2025-06-25T14:20:10Z"
  }
},
{
  "model": "App_LUMINOVA.ofertaproveedor",
  "pk": 44,
  "fields": {
    "empresa": 1,
    "insumo": 24,
    "proveedor": 11,
    "precio_unitario_compra": "2.77",
    "tiempo_entrega_estimado_dias": 4,
    "fecha_actualizacion_precio": "2025-06-25T14:20:10Z"
  }
},
{
  "model": "App_LUMINOVA.ofertaproveedor",
  "pk": 45,
  "fields": {
    "empresa": 1,
    "insumo": 25,
    "proveedor": 3,
    "precio_unitario_compra": "2.91",
    "tiempo_entrega_estimado_dias": 4,
    "fecha_actualizacion_precio": "2025-06-25T14:21:21Z"
  }
},
{
  "model": "App_LUMINOVA.ofertaproveedor",
  "pk": 46,
  "fields": {
    "empresa": 1,
    "insumo": 25,
    "proveedor": 13,
    "precio_unitario_compra": "73.65",
    "tiempo_entrega_estimado_dias": 1,
    "fecha_actualizacion_precio": "2025-06-25T14:21:21Z"
  }
},
{
  "model": "App_LUMINOVA.ofertaproveedor",
  "pk": 47,
  "fields": {
    "empresa": 1,
    "insumo": 26,
    "proveedor": 3,
    "precio_unitario_compra": "73.65",
    "tiempo_entrega_estimado_dias": 1,
    "fecha_actualizacion_precio": "2025-06-25T14:21:22Z"
  }
},
{
  "model": "App_LUMINOVA.ofertaproveedor",
  "pk": 48,
  "fields": {
    "empresa": 1,
    "insumo": 26,
    "proveedor": 8,
    "precio_unitario_compra": "19.14",
    "tiempo_entrega_estimado_dias": 4,
    "fecha_actualizacion_precio": "2025-06-25T14:21:22Z"
  }
},
{
  "model": "App_LUMINOVA.ofertaproveedor",
  "pk": 49,
  "fields": {
    "empresa": 1,
    "insumo": 27,
    "proveedor": 3,
    "precio_unitario_compra": "19.15",
    "tiempo_entrega_estimado_dias": 4,
    "fecha_actualizacion_precio": "2025-06-25T14:21:26Z"
  }
},
{
  "model": "App_LUMINOVA.ofertaproveedor",
  "pk": 50,
  "fields": {
    "empresa": 1,
    "insumo": 27,
    "proveedor": 7,
    "precio_unitario_compra": "53.52",
    "tiempo_entrega_estimado_dias": 1,
    "fecha_actualizacion_precio": "2025-06-25T14:21:26Z"
  }
},
{
  "model": "App_LUMINOVA.ofertaproveedor",
  "pk": 51,
  "fields": {
    "empresa": 1,
    "insumo": 28,
    "proveedor": 3,
    "precio_unitario_compra": "53.52",
    "tiempo_entrega_estimado_dias": 1,
    "fecha_actualizacion_precio": "2025-06-25T14:21:27Z"
  }
},
{
  "model": "App_LUMINOVA.ofertaproveedor",
  "pk": 52,
  "fields": {
    "empresa": 1,
    "insumo": 28,
    "proveedor": 12,
    "precio_unitario_compra": "2.91",
    "tiempo_entrega_estimado_dias": 4,
    "fecha_actualizacion_precio": "2025-06-25T14:21:27Z"
  }
},
{
  "model": "App_LUMINOVA.ofertaproveedor",
  "pk": 53,
  "fields": {
    "empresa": 1,
    "insumo": 29,
    "proveedor": 3,
    "precio_unitario_compra": "2.50",
    "tiempo_entrega_estimado_dias": 1,
    "fecha_actualizacion_precio": "2025-06-25T14:24:16Z"
  }
},
{
  "model": "App_LUMINOVA.ofertaproveedor",
  "pk": 54,
  "fields": {
    "empresa": 1,
    "insumo": 29,
    "proveedor": 9,
    "precio_unitario_compra": "20.40",
    "tiempo_entrega_estimado_dias": 1,
    "fecha_actualizacion_precio": "2025-06-25T14:24:16Z"
  }
},
{
  "model": "App_LUMINOVA.ofertaproveedor",
  "pk": 55,
  "fields": {
    "empresa": 1,
    "insumo": 30,
    "proveedor": 3,
    "precio_unitario_compra": "20.40",
    "tiempo_entrega_estimado_dias": 1,
    "fecha_actualizacion_precio": "2025-06-25T14:24:17Z"
  }
},
{
  "model": "App_LUMINOVA.ofertaproveedor",
  "pk": 56,
  "fields": {
    "empresa": 1,
    "insumo": 30,
    "proveedor": 7,
    "precio_unitario_compra": "23.90",
    "tiempo_entrega_estimado_dias": 4,
    "fecha_actualizacion_precio": "2025-06-25T14:24:17Z"
  }
},
{
  "model": "App_LUMINOVA.ofertaproveedor",
  "pk": 57,
  "fields": {
    "empresa": 1,
    "insumo": 31,
    "proveedor": 3,
    "precio_unitario_compra": "23.90",
    "tiempo_entrega_estimado_dias": 4,
    "fecha_actualizacion_precio": "2025-06-25T14:24:19Z"
  }
},
{
  "model": "App_LUMINOVA.ofertaproveedor",
  "pk": 58,
  "fields": {
    "empresa": 1,
    "insumo": 31,
    "proveedor": 14,
    "precio_unitario_compra": "14.20",
    "tiempo_entrega_estimado_dias": 4,
    "fecha_actualizacion_precio": "2025-06-25T14:24:19Z"
  }
},
{
  "model": "App_LUMINOVA.ofertaproveedor",
  "pk": 59,
  "fields": {
    "empresa": 1,
    "insumo": 32,
    "proveedor": 3,
    "precio_unitario_compra": "14.20",
    "tiempo_entrega_estimado_dias": 4,
    "fecha_actualizacion_precio": "2025-06-25T14:24:21Z"
  }
},
{
  "model": "App_LUMINOVA.ofertaproveedor",
  "pk": 60,
  "fields": {
    "empresa": 1,
    "insumo": 32,
    "proveedor": 9,
    "precio_unitario_compra": "2.50",
    "tiempo_entrega_estimado_dias": 1,
    "fecha_actualizacion_precio": "2025-06-25T14:24:21Z"
  }
},
{
  "model": "App_LUMINOVA.ofertaproveedor",
  "pk": 61,
  "fields": {
    "empresa": 1,
    "insumo": 33,
    "proveedor": 3,
    "precio_unitario_compra": "13.97",
    "tiempo_entrega_estimado_dias": 4,
    "fecha_actualizacion_precio": "2025-06-25T14:27:26Z"
  }
},
{
  "model": "App_LUMINOVA.ofertaproveedor",
  "pk": 62,
  "fields": {
    "empresa": 1,
    "insumo": 33,
    "proveedor": 10,
    "precio_unitario_compra": "81.50",
    "tiempo_entrega_estimado_dias": 1,
    "fecha_actualizacion_precio": "2025-06-25T14:27:26Z"
  }
},
{
  "model": "App_LUMINOVA.ofertaproveedor",
  "pk": 63,
  "fields": {
    "empresa": 1,
    "insumo": 34,
    "proveedor": 3,
    "precio_unitario_compra": "81.50",
    "tiempo_entrega_estimado_dias": 1,
    "fecha_actualizacion_precio": "2025-06-25T14:27:27Z"
  }
},
{
  "model": "App_LUMINOVA.ofertaproveedor",
  "pk": 64,
  "fields": {
    "empresa": 1,
    "insumo": 34,
    "proveedor": 11,
    "precio_unitario_compra": "13.12",
    "tiempo_entrega_estimado_dias": 4,
    "fecha_actualizacion_precio": "2025-06-25T14:27:27Z"
  }
},
{
  "model": "App_LUMINOVA.ofertaproveedor",
  "pk": 65,
  "fields": {
    "empresa": 1,
    "insumo": 35,
    "proveedor": 3,
    "precio_unitario_compra": "13.12",
    "tiempo_entrega_estimado_dias": 4,
    "fecha_actualizacion_precio": "2025-06-25T14:27:28Z"
  }
},
{
  "model": "App_LUMINOVA.ofertaproveedor",
  "pk": 66,
  "fields": {
    "empresa": 1,
    "insumo": 35,
    "proveedor": 7,
    "precio_unitario_compra": "87.90",
    "tiempo_entrega_estimado_dias": 2,
    "fecha_actualizacion_precio": "2025-06-25T14:27:28Z"
  }
},
{
  "model": "App_LUMINOVA.ofertaproveedor",
  "pk": 67,
  "fields": {
    "empresa": 1,
    "insumo": 36,
    "proveedor": 3,
    "precio_unitario_compra": "87.90",
    "tiempo_entrega_estimado_dias": 4,
    "fecha_actualizacion_precio": "2025-06-25T14:27:29Z"
  }
},
{
  "model": "App_LUMINOVA.ofertaproveedor",
  "pk": 68,
  "fields": {
    "empresa": 1,
    "insumo": 36,
    "proveedor": 8,
    "precio_unitario_compra": "13.97",
    "tiempo_entrega_estimado_dias": 4,
    "fecha_actualizacion_precio": "2025-06-25T14:27:29Z"
  }
},
{
  "model": "App_LUMINOVA.ofertaproveedor",
  "pk": 69,
  "fields": {
    "empresa": 1,
    "insumo": 37,
    "proveedor": 3,
    "precio_unitario_compra": "31.05",
    "tiempo_entrega_estimado_dias": 4,
    "fecha_actualizacion_precio": "2025-06-25T14:29:35Z"
  }
},
{
  "model": "App_LUMINOVA.ofertaproveedor",
  "pk": 70,
  "fields": {
    "empresa": 1,
    "insumo": 37,
    "proveedor": 8,
    "precio_unitario_compra": "12.27",
    "tiempo_entrega_estimado_dias": 6,
    "fecha_actualizacion_precio": "2025-06-25T14:29:35Z"
  }
},
{
  "model": "App_LUMINOVA.ofertaproveedor",
  "pk": 71,
  "fields": {
    "empresa": 1,
    "insumo": 38,
    "proveedor": 3,
    "precio_unitario_compra": "12.27",
    "tiempo_entrega_estimado_dias": 4,
    "fecha_actualizacion_precio": "2025-06-25T14:29:36Z"
  }
},
{
  "model": "App_LUMINOVA.ofertaproveedor",
  "pk": 72,
  "fields": {
    "empresa": 1,
    "insumo": 38,
    "proveedor": 12,
    "precio_unitario_compra": "10.90",
    "tiempo_entrega_estimado_dias": 3,
    "fecha_actualizacion_precio": "2025-06-25T14:29:36Z"
  }
},
{
  "model": "App_LUMINOVA.ofertaproveedor",
  "pk": 73,
  "fields": {
    "empresa": 1,
    "insumo": 39,
    "proveedor": 3,
    "precio_unitario_compra": "10.90",
    "tiempo_entrega_estimado_dias": 4,
    "fecha_actualizacion_precio": "2025-06-25T14:29:37Z"
  }
},
{
  "model": "App_LUMINOVA.ofertaproveedor",
  "pk": 74,
  "fields": {
    "empresa": 1,
    "insumo": 39,
    "proveedor": 9,
    "precio_unitario_compra": "22.03",
    "tiempo_entrega_estimado_dias": 3,
    "fecha_actualizacion_precio": "2025-06-25T14:29:37Z"
  }
},
{
  "model": "App_LUMINOVA.ofertaproveedor",
  "pk": 75,
  "fields": {
    "empresa": 1,
    "insumo": 40,
    "proveedor": 3,
    "precio_unitario_compra": "22.03",
    "tiempo_entrega_estimado_dias": 4,
    "fecha_actualizacion_precio": "2025-06-25T14:29:37Z"
  }
},
{
  "model": "App_LUMINOVA.ofertaproveedor",
  "pk": 76,
  "fields": {
    "empresa": 1,
    "insumo": 40,
    "proveedor": 11,
    "precio_unitario_compra": "31.05",
    "tiempo_entrega_estimado_dias": 3,
    "fecha_actualizacion_precio": "2025-06-25T14:29:37Z"
  }
},
{
  "model": "App_LUMINOVA.ofertaproveedor",
  "pk": 77,
  "fields": {
    "empresa": 1,
    "insumo": 41,
    "proveedor": 3,
    "precio_unitario_compra": "34.89",
    "tiempo_entrega_estimado_dias": 1,
    "fecha_actualizacion_precio": "2025-06-25T14:32:58Z"
  }
},
{
  "model": "App_LUMINOVA.ofertaproveedor",
  "pk": 78,
  "fields": {
    "empresa": 1,
    "insumo": 41,
    "proveedor": 14,
    "precio_unitario_compra": "46.95",
    "tiempo_entrega_estimado_dias": 1,
    "fecha_actualizacion_precio": "2025-06-25T14:32:58Z"
  }
},
{
  "model": "App_LUMINOVA.ofertaproveedor",
  "pk": 79,
  "fields": {
    "empresa": 1,
    "insumo": 42,
    "proveedor": 3,
    "precio_unitario_compra": "46.95",
    "tiempo_entrega_estimado_dias": 1,
    "fecha_actualizacion_precio": "2025-06-25T14:32:59Z"
  }
},
{
  "model": "App_LUMINOVA.ofertaproveedor",
  "pk": 80,
  "fields": {
    "empresa": 1,
    "insumo": 42,
    "proveedor": 11,
    "precio_unitario_compra": "382.00",
    "tiempo_entrega_estimado_dias": 2,
    "fecha_actualizacion_precio": "2025-06-25T14:32:59Z"
  }
},
{
  "model": "App_LUMINOVA.ofertaproveedor",
  "pk": 81,
  "fields": {
    "empresa": 1,
    "insumo": 43,
    "proveedor": 3,
    "precio_unitario_compra": "382.00",
    "tiempo_entrega_estimado_dias": 1,
    "fecha_actualizacion_precio": "2025-06-25T14:32:59Z"
  }
},
{
  "model": "App_LUMINOVA.ofertaproveedor",
  "pk": 82,
  "fields": {
    "empresa": 1,
    "insumo": 43,
    "proveedor": 13,
    "precio_unitario_compra": "239.81",
    "tiempo_entrega_estimado_dias": 4,
    "fecha_actualizacion_precio": "2025-06-25T14:32:59Z"
  }
},
{
  "model": "App_LUMINOVA.ofertaproveedor",
  "pk": 83,
  "fields": {
    "empresa": 1,
    "insumo": 44,
    "proveedor": 3,
    "precio_unitario_compra": "239.81",
    "tiempo_entrega_estimado_dias": 4,
    "fecha_actualizacion_precio": "2025-06-25T14:33:00Z"
  }
},
{
  "model": "App_LUMINOVA.ofertaproveedor",
  "pk": 84,
  "fields": {
    "empresa": 1,
    "insumo": 44,
    "proveedor": 9,
    "precio_unitario_compra": "34.89",
    "tiempo_entrega_estimado_dias": 2,
    "fecha_actualizacion_precio": "2025-06-25T14:33:00Z"
  }
},
{
  "model": "App_LUMINOVA.ofertaproveedor",
  "pk": 85,
  "fields": {
    "empresa": 1,
    "insumo": 45,
    "proveedor": 3,
    "precio_unitario_compra": "41.23",
    "tiempo_entrega_estimado_dias": 1,
    "fecha_actualizacion_precio": "2025-06-25T14:35:43Z"
  }
},
{
  "model": "App_LUMINOVA.ofertaproveedor",
  "pk": 86,
  "fields": {
    "empresa": 1,
    "insumo": 45,
    "proveedor": 12,
    "precio_unitario_compra": "98.30",
    "tiempo_entrega_estimado_dias": 2,
    "fecha_actualizacion_precio": "2025-06-25T14:35:43Z"
  }
},
{
  "model": "App_LUMINOVA.ofertaproveedor",
  "pk": 87,
  "fields": {
    "empresa": 1,
    "insumo": 46,
    "proveedor": 3,
    "precio_unitario_compra": "98.30",
    "tiempo_entrega_estimado_dias": 1,
    "fecha_actualizacion_precio": "2025-06-25T14:35:45Z"
  }
},
{
  "model": "App_LUMINOVA.ofertaproveedor",
  "pk": 88,
  "fields": {
    "empresa": 1,
    "insumo": 46,
    "proveedor": 10,
    "precio_unitario_compra": "32.00",
    "tiempo_entrega_estimado_dias": 2,
    "fecha_actualizacion_precio": "2025-06-25T14:35:45Z"
  }
},
{
  "model": "App_LUMINOVA.ofertaproveedor",
  "pk": 89,
  "fields": {
    "empresa": 1,
    "insumo": 47,
    "proveedor": 3,
    "precio_unitario_compra": "32.00",
    "tiempo_entrega_estimado_dias": 1,
    "fecha_actualizacion_precio": "2025-06-25T14:35:47Z"
  }
},
{
  "model": "App_LUMINOVA.ofertaproveedor",
  "pk": 90,
  "fields": {
    "empresa": 1,
    "insumo": 47,
    "proveedor": 7,
    "precio_unitario_compra": "2.70",
    "tiempo_entrega_estimado_dias": 4,
    "fecha_actualizacion_precio": "2025-06-25T14:35:47Z"
  }
},
{
  "model": "App_LUMINOVA.ofertaproveedor",
  "pk": 91,
  "fields": {
    "empresa": 1,
    "insumo": 48,
    "proveedor": 3,
    "precio_unitario_compra": "2.70",
    "tiempo_entrega_estimado_dias": 1,
    "fecha_actualizacion_precio": "2025-06-25T14:35:49Z"
  }
},
{
  "model": "App_LUMINOVA.ofertaproveedor",
  "pk": 92,
  "fields": {
    "empresa": 1,
    "insumo": 48,
    "proveedor": 12,
    "precio_unitario_compra": "41.23",
    "tiempo_entrega_estimado_dias": 2,
    "fecha_actualizacion_precio": "2025-06-25T14:35:49Z"
  }
},
{
  "model": "App_LUMINOVA.ofertaproveedor",
  "pk": 93,
  "fields": {
    "empresa": 1,
    "insumo": 49,
    "proveedor": 7,
    "precio_unitario_compra": "20.20",
    "tiempo_entrega_estimado_dias": 1,
    "fecha_actualizacion_precio": "2025-06-25T14:38:17Z"
  }
},
{
  "model": "App_LUMINOVA.ofertaproveedor",
  "pk": 94,
  "fields": {
    "empresa": 1,
    "insumo": 49,
    "proveedor": 8,
    "precio_unitario_compra": "13.10",
    "tiempo_entrega_estimado_dias": 4,
    "fecha_actualizacion_precio": "2025-06-25T14:38:17Z"
  }
},
{
  "model": "App_LUMINOVA.ofertaproveedor",
  "pk": 95,
  "fields": {
    "empresa": 1,
    "insumo": 51,
    "proveedor": 3,
    "precio_unitario_compra": "53.70",
    "tiempo_entrega_estimado_dias": 1,
    "fecha_actualizacion_precio": "2025-06-25T14:38:18Z"
  }
},
{
  "model": "App_LUMINOVA.ofertaproveedor",
  "pk": 96,
  "fields": {
    "empresa": 1,
    "insumo": 51,
    "proveedor": 7,
    "precio_unitario_compra": "28.20",
    "tiempo_entrega_estimado_dias": 3,
    "fecha_actualizacion_precio": "2025-06-25T14:38:18Z"
  }
},
{
  "model": "App_LUMINOVA.ofertaproveedor",
  "pk": 97,
  "fields": {
    "empresa": 1,
    "insumo": 52,
    "proveedor": 3,
    "precio_unitario_compra": "28.20",
    "tiempo_entrega_estimado_dias": 1,
    "fecha_actualizacion_precio": "2025-06-25T14:38:19Z"
  }
},
{
  "model": "App_LUMINOVA.ofertaproveedor",
  "pk": 98,
  "fields": {
    "empresa": 1,
    "insumo": 52,
    "proveedor": 11,
    "precio_unitario_compra": "2.20",
    "tiempo_entrega_estimado_dias": 4,
    "fecha_actualizacion_precio": "2025-06-25T14:38:19Z"
  }
},
{
  "model": "App_LUMINOVA.ofertaproveedor",
  "pk": 99,
  "fields": {
    "empresa": 1,
    "insumo": 50,
    "proveedor": 3,
    "precio_unitario_compra": "13.10",
    "tiempo_entrega_estimado_dias": 4,
    "fecha_actualizacion_precio": "2025-06-25T14:38:17Z"
  }
},
{
  "model": "App_LUMINOVA.ofertaproveedor",
  "pk": 100,
  "fields": {
    "empresa": 1,
    "insumo": 50,
    "proveedor": 11,
    "precio_unitario_compra": "53.70",
    "tiempo_entrega_estimado_dias": 2,
    "fecha_actualizacion_precio": "2025-06-25T14:38:17Z"
  }
},
{
  "model": "App_LUMINOVA.ofertaproveedor",
  "pk": 101,
  "fields": {
    "empresa": 1,
    "insumo": 53,
    "proveedor": 3,
    "precio_unitario_compra": "67.71",
    "tiempo_entrega_estimado_dias": 4,
    "fecha_actualizacion_precio": "2025-06-25T14:40:51Z"
  }
},
{
  "model": "App_LUMINOVA.ofertaproveedor",
  "pk": 102,
  "fields": {
    "empresa": 1,
    "insumo": 53,
    "proveedor": 9,
    "precio_unitario_compra": "58.53",
    "tiempo_entrega_estimado_dias": 3,
    "fecha_actualizacion_precio": "2025-06-25T14:40:51Z"
  }
},
{
  "model": "App_LUMINOVA.ofertaproveedor",
  "pk": 103,
  "fields": {
    "empresa": 1,
    "insumo": 54,
    "proveedor": 3,
    "precio_unitario_compra": "58.53",
    "tiempo_entrega_estimado_dias": 4,
    "fecha_actualizacion_precio": "2025-06-25T14:40:51Z"
  }
},
{
  "model": "App_LUMINOVA.ofertaproveedor",
  "pk": 104,
  "fields": {
    "empresa": 1,
    "insumo": 54,
    "proveedor": 13,
    "precio_unitario_compra": "89.07",
    "tiempo_entrega_estimado_dias": 3,
    "fecha_actualizacion_precio": "2025-06-25T14:40:51Z"
  }
},
{
  "model": "App_LUMINOVA.ofertaproveedor",
  "pk": 105,
  "fields": {
    "empresa": 1,
    "insumo": 55,
    "proveedor": 3,
    "precio_unitario_compra": "89.07",
    "tiempo_entrega_estimado_dias": 4,
    "fecha_actualizacion_precio": "2025-06-25T14:40:52Z"
  }
},
{
  "model": "App_LUMINOVA.ofertaproveedor",
  "pk": 106,
  "fields": {
    "empresa": 1,
    "insumo": 55,
    "proveedor": 10,
    "precio_unitario_compra": "170.21",
    "tiempo_entrega_estimado_dias": 2,
    "fecha_actualizacion_precio": "2025-06-25T14:40:52Z"
  }
},
{
  "model": "App_LUMINOVA.ofertaproveedor",
  "pk": 107,
  "fields": {
    "empresa": 1,
    "insumo": 56,
    "proveedor": 3,
    "precio_unitario_compra": "170.21",
    "tiempo_entrega_estimado_dias": 4,
    "fecha_actualizacion_precio": "2025-06-25T14:40:52Z"
  }
},
{
  "model": "App_LUMINOVA.ofertaproveedor",
  "pk": 108,
  "fields": {
    "empresa": 1,
    "insumo": 56,
    "proveedor": 14,
    "precio_unitario_compra": "67.71",
    "tiempo_entrega_estimado_dias": 3,
    "fecha_actualizacion_precio": "2025-06-25T14:40:52Z"
  }
},
{
  "model": "App_LUMINOVA.ofertaproveedor",
  "pk": 109,
  "fields": {
    "empresa": 1,
    "insumo": 57,
    "proveedor": 3,
    "precio_unitario_compra": "1.80",
    "tiempo_entrega_estimado_dias": 1,
    "fecha_actualizacion_precio": "2025-06-25T14:42:51Z"
  }
},
{
  "model": "App_LUMINOVA.ofertaproveedor",
  "pk": 110,
  "fields": {
    "empresa": 1,
    "insumo": 57,
    "proveedor": 12,
    "precio_unitario_compra": "1.73",
    "tiempo_entrega_estimado_dias": 2,
    "fecha_actualizacion_precio": "2025-06-25T14:42:51Z"
  }
},
{
  "model": "App_LUMINOVA.ofertaproveedor",
  "pk": 111,
  "fields": {
    "empresa": 1,
    "insumo": 58,
    "proveedor": 3,
    "precio_unitario_compra": "1.73",
    "tiempo_entrega_estimado_dias": 1,
    "fecha_actualizacion_precio": "2025-06-25T14:42:51Z"
  }
},
{
  "model": "App_LUMINOVA.ofertaproveedor",
  "pk": 112,
  "fields": {
    "empresa": 1,
    "insumo": 58,
    "proveedor": 9,
    "precio_unitario_compra": "3.39",
    "tiempo_entrega_estimado_dias": 1,
    "fecha_actualizacion_precio": "2025-06-25T14:42:51Z"
  }
},
{
  "model": "App_LUMINOVA.ofertaproveedor",
  "pk": 113,
  "fields": {
    "empresa": 1,
    "insumo": 59,
    "proveedor": 3,
    "precio_unitario_compra": "3.39",
    "tiempo_entrega_estimado_dias": 1,
    "fecha_actualizacion_precio": "2025-06-25T14:42:52Z"
  }
},
{
  "model": "App_LUMINOVA.ofertaproveedor",
  "pk": 114,
  "fields": {
    "empresa": 1,
    "insumo": 59,
    "proveedor": 7,
    "precio_unitario_compra": "1.73",
    "tiempo_entrega_estimado_dias": 3,
    "fecha_actualizacion_precio": "2025-06-25T14:42:52Z"
  }
},
{
  "model": "App_LUMINOVA.ofertaproveedor",
  "pk": 115,
  "fields": {
    "empresa": 1,
    "insumo": 60,
    "proveedor": 3,
    "precio_unitario_compra": "1.73",
    "tiempo_entrega_estimado_dias": 5,
    "fecha_actualizacion_precio": "2025-06-25T14:42:52Z"
  }
},
{
  "model": "App_LUMINOVA.ofertaproveedor",
  "pk": 116,
  "fields": {
    "empresa": 1,
    "insumo": 60,
    "proveedor": 14,
    "precio_unitario_compra": "1.80",
    "tiempo_entrega_estimado_dias": 3,
    "fecha_actualizacion_precio": "2025-06-25T14:42:52Z"
  }
},
{
  "model": "App_LUMINOVA.ofertaproveedor",
  "pk": 117,
  "fields": {
    "empresa": 1,
    "insumo": 71,
    "proveedor": 7,
    "precio_unitario_compra": "1.23",
    "tiempo_entrega_estimado_dias": 2,
    "fecha_actualizacion_precio": "2025-06-15T11:26:22Z"
  }
},
{
  "model": "App_LUMINOVA.ofertaproveedor",
  "pk": 118,
  "fields": {
    "empresa": 1,
    "insumo": 71,
    "proveedor": 3,
    "precio_unitario_compra": "1.87",
    "tiempo_entrega_estimado_dias": 3,
    "fecha_actualizacion_precio": "2025-06-15T11:26:22Z"
  }
},
{
  "model": "App_LUMINOVA.ofertaproveedor",
  "pk": 119,
  "fields": {
    "empresa": 1,
    "insumo": 72,
    "proveedor": 3,
    "precio_unitario_compra": "2.50",
    "tiempo_entrega_estimado_dias": 1,
    "fecha_actualizacion_precio": "2025-06-25T14:24:16Z"
  }
},
{
  "model": "App_LUMINOVA.ofertaproveedor",
  "pk": 120,
  "fields": {
    "empresa": 1,
    "insumo": 72,
    "proveedor": 9,
    "precio_unitario_compra": "20.40",
    "tiempo_entrega_estimado_dias": 1,
    "fecha_actualizacion_precio": "2025-06-25T14:24:16Z"
  }
},
{
  "model": "App_LUMINOVA.ofertaproveedor",
  "pk": 121,
  "fields": {
    "empresa": 1,
    "insumo": 73,
    "proveedor": 7,
    "precio_unitario_compra": "23.90",
    "tiempo_entrega_estimado_dias": 4,
    "fecha_actualizacion_precio": "2025-06-25T14:24:17Z"
  }
},
{
  "model": "App_LUMINOVA.ofertaproveedor",
  "pk": 122,
  "fields": {
    "empresa": 1,
    "insumo": 73,
    "proveedor": 3,
    "precio_unitario_compra": "20.40",
    "tiempo_entrega_estimado_dias": 1,
    "fecha_actualizacion_precio": "2025-06-25T14:24:17Z"
  }
},
{
  "model": "App_LUMINOVA.componenteproducto",
  "pk": 3,
  "fields": {
    "empresa": 1,
    "producto_terminado": 1,
    "insumo": 2,
    "cantidad_necesaria": 1
  }
},
{
  "model": "App_LUMINOVA.componenteproducto",
  "pk": 4,
  "fields": {
    "empresa": 1,
    "producto_terminado": 1,
    "insumo": 3,
    "cantidad_necesaria": 1
  }
},
{
  "model": "App_LUMINOVA.componenteproducto",
  "pk": 5,
  "fields": {
    "empresa": 1,
    "producto_terminado": 1,
    "insumo": 4,
    "cantidad_necesaria": 1
  }
},
{
  "model": "App_LUMINOVA.componenteproducto",
  "pk": 6,
  "fields": {
    "empresa": 1,
    "producto_terminado": 1,
    "insumo": 5,
    "cantidad_necesaria": 1
  }
},
{
  "model": "App_LUMINOVA.componenteproducto",
  "pk": 7,
  "fields": {
    "empresa": 1,
    "producto_terminado": 1,
    "insumo": 8,
    "cantidad_necesaria": 1
  }
},
{
  "model": "App_LUMINOVA.componenteproducto",
  "pk": 8,
  "fields": {
    "empresa": 1,
    "producto_terminado": 2,
    "insumo": 3,
    "cantidad_necesaria": 1
  }
},
{
  "model": "App_LUMINOVA.componenteproducto",
  "pk": 9,
  "fields": {
    "empresa": 1,
    "producto_terminado": 2,
    "insumo": 4,
    "cantidad_necesaria": 1
  }
},
{
  "model": "App_LUMINOVA.componenteproducto",
  "pk": 10,
  "fields": {
    "empresa": 1,
    "producto_terminado": 2,
    "insumo": 2,
    "cantidad_necesaria": 1
  }
},
{
  "model": "App_LUMINOVA.componenteproducto",
  "pk": 11,
  "fields": {
    "empresa": 1,
    "producto_terminado": 2,
    "insumo": 5,
    "cantidad_necesaria": 1
  }
},
{
  "model": "App_LUMINOVA.componenteproducto",
  "pk": 12,
  "fields": {
    "empresa": 1,
    "producto_terminado": 2,
    "insumo": 6,
    "cantidad_necesaria": 1
  }
},
{
  "model": "App_LUMINOVA.componenteproducto",
  "pk": 13,
  "fields": {
    "empresa": 1,
    "producto_terminado": 2,
    "insumo": 8,
    "cantidad_necesaria": 1
  }
},
{
  "model": "App_LUMINOVA.componenteproducto",
  "pk": 14,
  "fields": {
    "empresa": 1,
    "producto_terminado": 3,
    "insumo": 41,
    "cantidad_necesaria": 1
  }
},
{
  "model": "App_LUMINOVA.componenteproducto",
  "pk": 15,
  "fields": {
    "empresa": 1,
    "producto_terminado": 3,
    "insumo": 14,
    "cantidad_necesaria": 1
  }
},
{
  "model": "App_LUMINOVA.componenteproducto",
  "pk": 16,
  "fields": {
    "empresa": 1,
    "producto_terminado": 3,
    "insumo": 28,
    "cantidad_necesaria": 1
  }
},
{
  "model": "App_LUMINOVA.componenteproducto",
  "pk": 17,
  "fields": {
    "empresa": 1,
    "producto_terminado": 3,
    "insumo": 53,
    "cantidad_necesaria": 1
  }
},
{
  "model": "App_LUMINOVA.componenteproducto",
  "pk": 18,
  "fields": {
    "empresa": 1,
    "producto_terminado": 4,
    "insumo": 6,
    "cantidad_necesaria": 1
  }
},
{
  "model": "App_LUMINOVA.componenteproducto",
  "pk": 19,
  "fields": {
    "empresa": 1,
    "producto_terminado": 4,
    "insumo": 4,
    "cantidad_necesaria": 1
  }
},
{
  "model": "App_LUMINOVA.componenteproducto",
  "pk": 20,
  "fields": {
    "empresa": 1,
    "producto_terminado": 4,
    "insumo": 3,
    "cantidad_necesaria": 1
  }
},
{
  "model": "App_LUMINOVA.componenteproducto",
  "pk": 21,
  "fields": {
    "empresa": 1,
    "producto_terminado": 4,
    "insumo": 37,
    "cantidad_necesaria": 1
  }
},
{
  "model": "App_LUMINOVA.componenteproducto",
  "pk": 22,
  "fields": {
    "empresa": 1,
    "producto_terminado": 5,
    "insumo": 41,
    "cantidad_necesaria": 1
  }
},
{
  "model": "App_LUMINOVA.componenteproducto",
  "pk": 23,
  "fields": {
    "empresa": 1,
    "producto_terminado": 5,
    "insumo": 27,
    "cantidad_necesaria": 1
  }
},
{
  "model": "App_LUMINOVA.componenteproducto",
  "pk": 24,
  "fields": {
    "empresa": 1,
    "producto_terminado": 5,
    "insumo": 15,
    "cantidad_necesaria": 1
  }
},
{
  "model": "App_LUMINOVA.componenteproducto",
  "pk": 25,
  "fields": {
    "empresa": 1,
    "producto_terminado": 6,
    "insumo": 8,
    "cantidad_necesaria": 1
  }
},
{
  "model": "App_LUMINOVA.componenteproducto",
  "pk": 26,
  "fields": {
    "empresa": 1,
    "producto_terminado": 6,
    "insumo": 45,
    "cantidad_necesaria": 1
  }
},
{
  "model": "App_LUMINOVA.componenteproducto",
  "pk": 27,
  "fields": {
    "empresa": 1,
    "producto_terminado": 6,
    "insumo": 13,
    "cantidad_necesaria": 1
  }
},
{
  "model": "App_LUMINOVA.componenteproducto",
  "pk": 28,
  "fields": {
    "empresa": 1,
    "producto_terminado": 6,
    "insumo": 53,
    "cantidad_necesaria": 1
  }
},
{
  "model": "App_LUMINOVA.componenteproducto",
  "pk": 29,
  "fields": {
    "empresa": 1,
    "producto_terminado": 6,
    "insumo": 54,
    "cantidad_necesaria": 1
  }
},
{
  "model": "App_LUMINOVA.componenteproducto",
  "pk": 30,
  "fields": {
    "empresa": 1,
    "producto_terminado": 6,
    "insumo": 2,
    "cantidad_necesaria": 1
  }
},
{
  "model": "App_LUMINOVA.componenteproducto",
  "pk": 31,
  "fields": {
    "empresa": 1,
    "producto_terminado": 6,
    "insumo": 39,
    "cantidad_necesaria": 1
  }
},
{
  "model": "App_LUMINOVA.componenteproducto",
  "pk": 32,
  "fields": {
    "empresa": 1,
    "producto_terminado": 7,
    "insumo": 49,
    "cantidad_necesaria": 1
  }
},
{
  "model": "App_LUMINOVA.componenteproducto",
  "pk": 33,
  "fields": {
    "empresa": 1,
    "producto_terminado": 7,
    "insumo": 42,
    "cantidad_necesaria": 1
  }
},
{
  "model": "App_LUMINOVA.componenteproducto",
  "pk": 34,
  "fields": {
    "empresa": 1,
    "producto_terminado": 7,
    "insumo": 30,
    "cantidad_necesaria": 1
  }
},
{
  "model": "App_LUMINOVA.componenteproducto",
  "pk": 35,
  "fields": {
    "empresa": 1,
    "producto_terminado": 7,
    "insumo": 14,
    "cantidad_necesaria": 1
  }
},
{
  "model": "App_LUMINOVA.componenteproducto",
  "pk": 36,
  "fields": {
    "empresa": 1,
    "producto_terminado": 8,
    "insumo": 9,
    "cantidad_necesaria": 1
  }
},
{
  "model": "App_LUMINOVA.componenteproducto",
  "pk": 37,
  "fields": {
    "empresa": 1,
    "producto_terminado": 8,
    "insumo": 4,
    "cantidad_necesaria": 1
  }
},
{
  "model": "App_LUMINOVA.componenteproducto",
  "pk": 38,
  "fields": {
    "empresa": 1,
    "producto_terminado": 8,
    "insumo": 19,
    "cantidad_necesaria": 1
  }
},
{
  "model": "App_LUMINOVA.componenteproducto",
  "pk": 39,
  "fields": {
    "empresa": 1,
    "producto_terminado": 8,
    "insumo": 13,
    "cantidad_necesaria": 1
  }
},
{
  "model": "App_LUMINOVA.componenteproducto",
  "pk": 40,
  "fields": {
    "empresa": 1,
    "producto_terminado": 8,
    "insumo": 53,
    "cantidad_necesaria": 1
  }
},
{
  "model": "App_LUMINOVA.componenteproducto",
  "pk": 41,
  "fields": {
    "empresa": 1,
    "producto_terminado": 8,
    "insumo": 28,
    "cantidad_necesaria": 1
  }
},
{
  "model": "App_LUMINOVA.componenteproducto",
  "pk": 42,
  "fields": {
    "empresa": 1,
    "producto_terminado": 9,
    "insumo": 66,
    "cantidad_necesaria": 1
  }
},
{
  "model": "App_LUMINOVA.cliente",
  "pk": 1,
  "fields": {
    "empresa": 1,
    "nombre": "Federico Tomás Paal",
    "direccion": "Avenida Siempre Viva 742",
    "telefono": "+54 11 4567-8909",
    "email": "federicopaal@gmail.com"
  }
},
{
  "model": "App_LUMINOVA.cliente",
  "pk": 2,
  "fields": {
    "empresa": 1,
    "nombre": "Daro Gmnz",
    "direccion": "Avenida Siempre Viva 742",
    "telefono": "+54 11 6969 1234",
    "email": "dgimenez.developer@gmail.com"
  }
},
{
  "model": "App_LUMINOVA.cliente",
  "pk": 3,
  "fields": {
    "empresa": 1,
    "nombre": "Franco",
    "direccion": "Avenida 123",
    "telefono": "+1 925-583-8452",
    "email": "franco@gmail.com"
  }
},
{
  "model": "App_LUMINOVA.ordenventa",
  "pk": 21,
  "fields": {
    "empresa": 1,
    "numero_ov": "OV-0001",
    "cliente": 1,
    "fecha_creacion": "2025-05-29T20:59:20.896Z",
    "estado": "CANCELADA",
    "notas": ""
  }
},
{
  "model": "App_LUMINOVA.ordenventa",
  "pk": 22,
  "fields": {
    "empresa": 1,
    "numero_ov": "OV-0002",
    "cliente": 1,
    "fecha_creacion": "2025-05-29T21:02:26.089Z",
    "estado": "COMPLETADA",
    "notas": ""
  }
},
{
  "model": "App_LUMINOVA.ordenventa",
  "pk": 23,
  "fields": {
    "empresa": 1,
    "numero_ov": "OV-0003",
    "cliente": 1,
    "fecha_creacion": "2025-05-29T21:59:04.692Z",
    "estado": "COMPLETADA",
    "notas": ""
  }
},
{
  "model": "App_LUMINOVA.ordenventa",
  "pk": 24,
  "fields": {
    "empresa": 1,
    "numero_ov": "OV-0004",
    "cliente": 1,
    "fecha_creacion": "2025-05-29T22:06:31.744Z",
    "estado": "COMPLETADA",
    "notas": ""
  }
},
{
  "model": "App_LUMINOVA.ordenventa",
  "pk": 25,
  "fields": {
    "empresa": 1,
    "numero_ov": "OV-0005",
    "cliente": 1,
    "fecha_creacion": "2025-05-29T23:21:47.455Z",
    "estado": "COMPLETADA",
    "notas": "forro"
  }
},
{
  "model": "App_LUMINOVA.ordenventa",
  "pk": 26,
  "fields": {
    "empresa": 1,
    "numero_ov": "OV-0006",
    "cliente": 1,
    "fecha_creacion": "2025-05-31T00:00:38.914Z",
    "estado": "CANCELADA",
    "notas": ""
  }
},
{
  "model": "App_LUMINOVA.ordenventa",
  "pk": 27,
  "fields": {
    "empresa": 1,
    "numero_ov": "OV-0007",
    "cliente": 1,
    "fecha_creacion": "2025-05-31T00:20:50.142Z",
    "estado": "COMPLETADA",
    "notas": ""
  }
},
{
  "model": "App_LUMINOVA.ordenventa",
  "pk": 28,
  "fields": {
    "empresa": 1,
    "numero_ov": "OV-0008",
    "cliente": 1,
    "fecha_creacion": "2025-05-31T00:21:16.707Z",
    "estado": "COMPLETADA",
    "notas": "bla bla bla 3"
  }
},
{
  "model": "App_LUMINOVA.ordenventa",
  "pk": 29,
  "fields": {
    "empresa": 1,
    "numero_ov": "OV-0009",
    "cliente": 1,
    "fecha_creacion": "2025-05-31T00:59:08.788Z",
    "estado": "COMPLETADA",
    "notas": ""
  }
},
{
  "model": "App_LUMINOVA.ordenventa",
  "pk": 30,
  "fields": {
    "empresa": 1,
    "numero_ov": "OV-0010",
    "cliente": 1,
    "fecha_creacion": "2025-06-01T00:26:42.352Z",
    "estado": "COMPLETADA",
    "notas": "Prueba 1"
  }
},
{
  "model": "App_LUMINOVA.ordenventa",
  "pk": 31,
  "fields": {
    "empresa": 1,
    "numero_ov": "OV-0011",
    "cliente": 1,
    "fecha_creacion": "2025-06-01T02:15:53.954Z",
    "estado": "CANCELADA",
    "notas": "Prueba 1"
  }
},
{
  "model": "App_LUMINOVA.ordenventa",
  "pk": 32,
  "fields": {
    "empresa": 1,
    "numero_ov": "OV-0012",
    "cliente": 1,
    "fecha_creacion": "2025-06-01T02:41:36.047Z",
    "estado": "COMPLETADA",
    "notas": "Prueba 2"
  }
},
{
  "model": "App_LUMINOVA.ordenventa",
  "pk": 33,
  "fields": {
    "empresa": 1,
    "numero_ov": "OV-0013",
    "cliente": 1,
    "fecha_creacion": "2025-06-01T02:50:12.570Z",
    "estado": "COMPLETADA",
    "notas": "Prueba 3"
  }
},
{
  "model": "App_LUMINOVA.ordenventa",
  "pk": 34,
  "fields": {
    "empresa": 1,
    "numero_ov": "OV-0014",
    "cliente": 1,
    "fecha_creacion": "2025-06-01T02:54:17.187Z",
    "estado": "COMPLETADA",
    "notas": "PRUEBA 4"
  }
},
{
  "model": "App_LUMINOVA.ordenventa",
  "pk": 35,
  "fields": {
    "empresa": 1,
    "numero_ov": "OV-0015",
    "cliente": 1,
    "fecha_creacion": "2025-06-01T12:29:41.997Z",
    "estado": "COMPLETADA",
    "notas": ""
  }
},
{
  "model": "App_LUMINOVA.ordenventa",
  "pk": 36,
  "fields": {
    "empresa": 1,
    "numero_ov": "OV-0016",
    "cliente": 1,
    "fecha_creacion": "2025-06-02T16:40:21.580Z",
    "estado": "COMPLETADA",
    "notas": "Prueba 1000"
  }
},
{
  "model": "App_LUMINOVA.ordenventa",
  "pk": 37,
  "fields": {
    "empresa": 1,
    "numero_ov": "OV-0017",
    "cliente": 1,
    "fecha_creacion": "2025-06-02T23:50:34.178Z",
    "estado": "COMPLETADA",
    "notas": ""
  }
},
{
  "model": "App_LUMINOVA.ordenventa",
  "pk": 39,
  "fields": {
    "empresa": 1,
    "numero_ov": "OV-0018",
    "cliente": 1,
    "fecha_creacion": "2025-06-14T21:19:07.844Z",
    "estado": "COMPLETADA",
    "notas": "Prueba de Edición de OV"
  }
},
{
  "model": "App_LUMINOVA.ordenventa",
  "pk": 40,
  "fields": {
    "empresa": 1,
    "numero_ov": "OV-0019",
    "cliente": 1,
    "fecha_creacion": "2025-06-15T13:52:01.491Z",
    "estado": "COMPLETADA",
    "notas": ""
  }
},
{
  "model": "App_LUMINOVA.ordenventa",
  "pk": 41,
  "fields": {
    "empresa": 1,
    "numero_ov": "OV-0020",
    "cliente": 1,
    "fecha_creacion": "2025-06-15T14:14:53.011Z",
    "estado": "COMPLETADA",
    "notas": ""
  }
},
{
  "model": "App_LUMINOVA.ordenventa",
  "pk": 42,
  "fields": {
    "empresa": 1,
    "numero_ov": "OV-0021",
    "cliente": 1,
    "fecha_creacion": "2025-06-15T14:17:10.982Z",
    "estado": "COMPLETADA",
    "notas": ""
  }
},
{
  "model": "App_LUMINOVA.ordenventa",
  "pk": 43,
  "fields": {
    "empresa": 1,
    "numero_ov": "OV-0022",
    "cliente": 1,
    "fecha_creacion": "2025-06-15T14:28:45.208Z",
    "estado": "COMPLETADA",
    "notas": ""
  }
},
{
  "model": "App_LUMINOVA.ordenventa",
  "pk": 44,
  "fields": {
    "empresa": 1,
    "numero_ov": "OV-0023",
    "cliente": 1,
    "fecha_creacion": "2025-06-15T14:43:51.119Z",
    "estado": "COMPLETADA",
    "notas": ""
  }
},
{
  "model": "App_LUMINOVA.ordenventa",
  "pk": 45,
  "fields": {
    "empresa": 1,
    "numero_ov": "OV-0024",
    "cliente": 1,
    "fecha_creacion": "2025-06-15T14:50:05.834Z",
    "estado": "COMPLETADA",
    "notas": ""
  }
},
{
  "model": "App_LUMINOVA.ordenventa",
  "pk": 46,
  "fields": {
    "empresa": 1,
    "numero_ov": "OV-0025",
    "cliente": 1,
    "fecha_creacion": "2025-06-15T15:44:58.632Z",
    "estado": "COMPLETADA",
    "notas": ""
  }
},
{
  "model": "App_LUMINOVA.ordenventa",
  "pk": 47,
  "fields": {
    "empresa": 1,
    "numero_ov": "OV-0026",
    "cliente": 1,
    "fecha_creacion": "2025-06-15T23:35:05.264Z",
    "estado": "COMPLETADA",
    "notas": ""
  }
},
{
  "model": "App_LUMINOVA.ordenventa",
  "pk": 48,
  "fields": {
    "empresa": 1,
    "numero_ov": "OV-0027",
    "cliente": 1,
    "fecha_creacion": "2025-06-16T09:12:19.196Z",
    "estado": "COMPLETADA",
    "notas": ""
  }
},
{
  "model": "App_LUMINOVA.ordenventa",
  "pk": 49,
  "fields": {
    "empresa": 1,
    "numero_ov": "OV-0028",
    "cliente": 1,
    "fecha_creacion": "2025-06-16T09:21:52.710Z",
    "estado": "COMPLETADA",
    "notas": ""
  }
},
{
  "model": "App_LUMINOVA.ordenventa",
  "pk": 50,
  "fields": {
    "empresa": 1,
    "numero_ov": "OV-0029",
    "cliente": 1,
    "fecha_creacion": "2025-06-16T11:37:09.256Z",
    "estado": "COMPLETADA",
    "notas": "Urgente"
  }
},
{
  "model": "App_LUMINOVA.ordenventa",
  "pk": 51,
  "fields": {
    "empresa": 1,
    "numero_ov": "OV-0030",
    "cliente": 1,
    "fecha_creacion": "2025-06-16T12:46:13.098Z",
    "estado": "CANCELADA",
    "notas": ""
  }
},
{
  "model": "App_LUMINOVA.ordenventa",
  "pk": 52,
  "fields": {
    "empresa": 1,
    "numero_ov": "OV-0031",
    "cliente": 1,
    "fecha_creacion": "2025-06-16T12:48:32.805Z",
    "estado": "COMPLETADA",
    "notas": ""
  }
},
{
  "model": "App_LUMINOVA.ordenventa",
  "pk": 53,
  "fields": {
    "empresa": 1,
    "numero_ov": "OV-0032",
    "cliente": 2,
    "fecha_creacion": "2025-06-18T20:49:00.531Z",
    "estado": "COMPLETADA",
    "notas": ""
  }
},
{
  "model": "App_LUMINOVA.ordenventa",
  "pk": 54,
  "fields": {
    "empresa": 1,
    "numero_ov": "OV-0033",
    "cliente": 2,
    "fecha_creacion": "2025-06-18T21:34:35.748Z",
    "estado": "COMPLETADA",
    "notas": ""
  }
},
{
  "model": "App_LUMINOVA.ordenventa",
  "pk": 55,
  "fields": {
    "empresa": 1,
    "numero_ov": "OV-0034",
    "cliente": 2,
    "fecha_creacion": "2025-06-18T21:44:08.706Z",
    "estado": "COMPLETADA",
    "notas": ""
  }
},
{
  "model": "App_LUMINOVA.ordenventa",
  "pk": 56,
  "fields": {
    "empresa": 1,
    "numero_ov": "OV-0035",
    "cliente": 2,
    "fecha_creacion": "2025-06-18T22:46:34.811Z",
    "estado": "COMPLETADA",
    "notas": ""
  }
},
{
  "model": "App_LUMINOVA.ordenventa",
  "pk": 57,
  "fields": {
    "empresa": 1,
    "numero_ov": "OV-0036",
    "cliente": 1,
    "fecha_creacion": "2025-06-18T23:18:35.229Z",
    "estado": "COMPLETADA",
    "notas": ""
  }
},
{
  "model": "App_LUMINOVA.ordenventa",
  "pk": 58,
  "fields": {
    "empresa": 1,
    "numero_ov": "OV-0037",
    "cliente": 2,
    "fecha_creacion": "2025-06-20T00:31:42.464Z",
    "estado": "COMPLETADA",
    "notas": "bla"
  }
},
{
  "model": "App_LUMINOVA.ordenventa",
  "pk": 59,
  "fields": {
    "empresa": 1,
    "numero_ov": "OV-0038",
    "cliente": 1,
    "fecha_creacion": "2025-06-20T00:36:13.799Z",
    "estado": "COMPLETADA",
    "notas": ""
  }
},
{
  "model": "App_LUMINOVA.ordenventa",
  "pk": 60,
  "fields": {
    "empresa": 1,
    "numero_ov": "OV-0039",
    "cliente": 2,
    "fecha_creacion": "2025-06-20T00:36:40.108Z",
    "estado": "COMPLETADA",
    "notas": ""
  }
},
{
  "model": "App_LUMINOVA.ordenventa",
  "pk": 61,
  "fields": {
    "empresa": 1,
    "numero_ov": "OV-0040",
    "cliente": 2,
    "fecha_creacion": "2025-06-20T00:37:34.173Z",
    "estado": "COMPLETADA",
    "notas": ""
  }
},
{
  "model": "App_LUMINOVA.ordenventa",
  "pk": 62,
  "fields": {
    "empresa": 1,
    "numero_ov": "OV-0041",
    "cliente": 1,
    "fecha_creacion": "2025-06-20T00:38:26.973Z",
    "estado": "COMPLETADA",
    "notas": ""
  }
},
{
  "model": "App_LUMINOVA.ordenventa",
  "pk": 63,
  "fields": {
    "empresa": 1,
    "numero_ov": "OV-0042",
    "cliente": 2,
    "fecha_creacion": "2025-06-20T17:48:14.276Z",
    "estado": "COMPLETADA",
    "notas": "bla"
  }
},
{
  "model": "App_LUMINOVA.ordenventa",
  "pk": 64,
  "fields": {
    "empresa": 1,
    "numero_ov": "OV-0043",
    "cliente": 1,
    "fecha_creacion": "2025-06-20T18:38:29.837Z",
    "estado": "COMPLETADA",
    "notas": ""
  }
},
{
  "model": "App_LUMINOVA.ordenventa",
  "pk": 65,
  "fields": {
    "empresa": 1,
    "numero_ov": "OV-0044",
    "cliente": 2,
    "fecha_creacion": "2025-06-20T22:15:12.073Z",
    "estado": "COMPLETADA",
    "notas": ""
  }
},
{
  "model": "App_LUMINOVA.ordenventa",
  "pk": 66,
  "fields": {
    "empresa": 1,
    "numero_ov": "OV-0045",
    "cliente": 1,
    "fecha_creacion": "2025-06-24T00:05:05.248Z",
    "estado": "COMPLETADA",
    "notas": ""
  }
},
{
  "model": "App_LUMINOVA.ordenventa",
  "pk": 67,
  "fields": {
    "empresa": 1,
    "numero_ov": "OV-0046",
    "cliente": 2,
    "fecha_creacion": "2025-06-24T00:52:04.366Z",
    "estado": "COMPLETADA",
    "notas": ""
  }
},
{
  "model": "App_LUMINOVA.ordenventa",
  "pk": 68,
  "fields": {
    "empresa": 1,
    "numero_ov": "OV-0047",
    "cliente": 3,
    "fecha_creacion": "2025-06-25T15:32:23.567Z",
    "estado": "COMPLETADA",
    "notas": ""
  }
},
{
  "model": "App_LUMINOVA.ordenventa",
  "pk": 69,
  "fields": {
    "empresa": 1,
    "numero_ov": "OV-0048",
    "cliente": 3,
    "fecha_creacion": "2025-06-25T15:39:18.597Z",
    "estado": "COMPLETADA",
    "notas": ""
  }
},
{
  "model": "App_LUMINOVA.ordenventa",
  "pk": 70,
  "fields": {
    "empresa": 1,
    "numero_ov": "OV-0049",
    "cliente": 2,
    "fecha_creacion": "2025-06-27T15:59:19.133Z",
    "estado": "COMPLETADA",
    "notas": ""
  }
},
{
  "model": "App_LUMINOVA.ordenventa",
  "pk": 71,
  "fields": {
    "empresa": 1,
    "numero_ov": "OV-0050",
    "cliente": 2,
    "fecha_creacion": "2025-06-27T17:23:35.776Z",
    "estado": "COMPLETADA",
    "notas": ""
  }
},
{
  "model": "App_LUMINOVA.ordenventa",
  "pk": 72,
  "fields": {
    "empresa": 1,
    "numero_ov": "OV-0051",
    "cliente": 2,
    "fecha_creacion": "2025-07-04T20:20:07.631Z",
    "estado": "COMPLETADA",
    "notas": "Urgente"
  }
},
{
  "model": "App_LUMINOVA.ordenventa",
  "pk": 73,
  "fields": {
    "empresa": 1,
    "numero_ov": "OV-0052",
    "cliente": 2,
    "fecha_creacion": "2025-07-04T20:26:58.459Z",
    "estado": "COMPLETADA",
    "notas": ""
  }
},
{
  "model": "App_LUMINOVA.ordenventa",
  "pk": 74,
  "fields": {
    "empresa": 1,
    "numero_ov": "OV-00074",
    "cliente": 2,
    "fecha_creacion": "2025-07-04T22:27:45.019Z",
    "estado": "COMPLETADA",
    "notas": ""
  }
},
{
  "model": "App_LUMINOVA.ordenventa",
  "pk": 75,
  "fields": {
    "empresa": 1,
    "numero_ov": "OV-00075",
    "cliente": 2,
    "fecha_creacion": "2025-08-03T14:51:09.284Z",
    "estado": "COMPLETADA",
    "notas": ""
  }
},
{
  "model": "App_LUMINOVA.ordenventa",
  "pk": 76,
  "fields": {
    "empresa": 1,
    "numero_ov": "OV-00076",
    "cliente": 2,
    "fecha_creacion": "2025-08-03T19:28:03.939Z",
    "estado": "COMPLETADA",
    "notas": ""
  }
},
{
  "model": "App_LUMINOVA.ordenventa",
  "pk": 77,
  "fields": {
    "empresa": 1,
    "numero_ov": "OV-00077",
    "cliente": 3,
    "fecha_creacion": "2025-08-03T19:33:16.456Z",
    "estado": "COMPLETADA",
    "notas": ""
  }
},
{
  "model": "App_LUMINOVA.ordenventa",
  "pk": 78,
  "fields": {
    "empresa": 1,
    "numero_ov": "OV-00078",
    "cliente": 1,
    "fecha_creacion": "2025-08-03T20:54:35.916Z",
    "estado": "COMPLETADA",
    "notas": ""
  }
},
{
  "model": "App_LUMINOVA.ordenventa",
  "pk": 79,
  "fields": {
    "empresa": 1,
    "numero_ov": "OV-00079",
    "cliente": 1,
    "fecha_creacion": "2025-08-03T21:03:01.688Z",
    "estado": "INSUMOS_SOLICITADOS",
    "notas": ""
  }
},
{
  "model": "App_LUMINOVA.ordenventa",
  "pk": 80,
  "fields": {
    "empresa": 1,
    "numero_ov": "OV-00080",
    "cliente": 1,
    "fecha_creacion": "2025-08-07T18:00:48.452Z",
    "estado": "PRODUCCION_INICIADA",
    "notas": ""
  }
},
{
  "model": "App_LUMINOVA.ordenventa",
  "pk": 81,
  "fields": {
    "empresa": 1,
    "numero_ov": "OV-00081",
    "cliente": 1,
    "fecha_creacion": "2025-08-08T00:57:39.682Z",
    "estado": "COMPLETADA",
    "notas": ""
  }
},
{
  "model": "App_LUMINOVA.ordenventa",
  "pk": 82,
  "fields": {
    "empresa": 1,
    "numero_ov": "OV-00082",
    "cliente": 1,
    "fecha_creacion": "2025-08-09T11:52:05.119Z",
    "estado": "COMPLETADA",
    "notas": ""
  }
},
{
  "model": "App_LUMINOVA.ordenventa",
  "pk": 83,
  "fields": {
    "empresa": 1,
    "numero_ov": "OV-00083",
    "cliente": 1,
    "fecha_creacion": "2025-08-11T14:42:35.453Z",
    "estado": "INSUMOS_SOLICITADOS",
    "notas": ""
  }
},
{
  "model": "App_LUMINOVA.ordenventa",
  "pk": 84,
  "fields": {
    "empresa": 1,
    "numero_ov": "OV-00084",
    "cliente": 2,
    "fecha_creacion": "2025-08-13T16:00:30.714Z",
    "estado": "COMPLETADA",
    "notas": ""
  }
},
{
  "model": "App_LUMINOVA.itemordenventa",
  "pk": 22,
  "fields": {
    "empresa": 1,
    "orden_venta": 21,
    "producto_terminado": 1,
    "cantidad": 6,
    "precio_unitario_venta": "0.02",
    "subtotal": "0.12"
  }
},
{
  "model": "App_LUMINOVA.itemordenventa",
  "pk": 23,
  "fields": {
    "empresa": 1,
    "orden_venta": 21,
    "producto_terminado": 1,
    "cantidad": 3,
    "precio_unitario_venta": "0.02",
    "subtotal": "0.06"
  }
},
{
  "model": "App_LUMINOVA.itemordenventa",
  "pk": 24,
  "fields": {
    "empresa": 1,
    "orden_venta": 22,
    "producto_terminado": 1,
    "cantidad": 2,
    "precio_unitario_venta": "0.02",
    "subtotal": "0.04"
  }
},
{
  "model": "App_LUMINOVA.itemordenventa",
  "pk": 25,
  "fields": {
    "empresa": 1,
    "orden_venta": 23,
    "producto_terminado": 1,
    "cantidad": 1,
    "precio_unitario_venta": "0.02",
    "subtotal": "0.02"
  }
},
{
  "model": "App_LUMINOVA.itemordenventa",
  "pk": 26,
  "fields": {
    "empresa": 1,
    "orden_venta": 24,
    "producto_terminado": 1,
    "cantidad": 1,
    "precio_unitario_venta": "0.02",
    "subtotal": "0.02"
  }
},
{
  "model": "App_LUMINOVA.itemordenventa",
  "pk": 27,
  "fields": {
    "empresa": 1,
    "orden_venta": 25,
    "producto_terminado": 1,
    "cantidad": 1,
    "precio_unitario_venta": "0.02",
    "subtotal": "0.02"
  }
},
{
  "model": "App_LUMINOVA.itemordenventa",
  "pk": 28,
  "fields": {
    "empresa": 1,
    "orden_venta": 26,
    "producto_terminado": 1,
    "cantidad": 1,
    "precio_unitario_venta": "0.02",
    "subtotal": "0.02"
  }
},
{
  "model": "App_LUMINOVA.itemordenventa",
  "pk": 29,
  "fields": {
    "empresa": 1,
    "orden_venta": 27,
    "producto_terminado": 1,
    "cantidad": 1,
    "precio_unitario_venta": "0.02",
    "subtotal": "0.02"
  }
},
{
  "model": "App_LUMINOVA.itemordenventa",
  "pk": 30,
  "fields": {
    "empresa": 1,
    "orden_venta": 28,
    "producto_terminado": 1,
    "cantidad": 1,
    "precio_unitario_venta": "0.02",
    "subtotal": "0.02"
  }
},
{
  "model": "App_LUMINOVA.itemordenventa",
  "pk": 31,
  "fields": {
    "empresa": 1,
    "orden_venta": 29,
    "producto_terminado": 1,
    "cantidad": 1,
    "precio_unitario_venta": "0.02",
    "subtotal": "0.02"
  }
},
{
  "model": "App_LUMINOVA.itemordenventa",
  "pk": 32,
  "fields": {
    "empresa": 1,
    "orden_venta": 30,
    "producto_terminado": 1,
    "cantidad": 1,
    "precio_unitario_venta": "0.02",
    "subtotal": "0.02"
  }
},
{
  "model": "App_LUMINOVA.itemordenventa",
  "pk": 33,
  "fields": {
    "empresa": 1,
    "orden_venta": 31,
    "producto_terminado": 1,
    "cantidad": 1,
    "precio_unitario_venta": "0.02",
    "subtotal": "0.02"
  }
},
{
  "model": "App_LUMINOVA.itemordenventa",
  "pk": 34,
  "fields": {
    "empresa": 1,
    "orden_venta": 32,
    "producto_terminado": 1,
    "cantidad": 1,
    "precio_unitario_venta": "0.02",
    "subtotal": "0.02"
  }
},
{
  "model": "App_LUMINOVA.itemordenventa",
  "pk": 35,
  "fields": {
    "empresa": 1,
    "orden_venta": 33,
    "producto_terminado": 1,
    "cantidad": 1,
    "precio_unitario_venta": "0.02",
    "subtotal": "0.02"
  }
},
{
  "model": "App_LUMINOVA.itemordenventa",
  "pk": 36,
  "fields": {
    "empresa": 1,
    "orden_venta": 34,
    "producto_terminado": 1,
    "cantidad": 1,
    "precio_unitario_venta": "0.02",
    "subtotal": "0.02"
  }
},
{
  "model": "App_LUMINOVA.itemordenventa",
  "pk": 37,
  "fields": {
    "empresa": 1,
    "orden_venta": 35,
    "producto_terminado": 1,
    "cantidad": 1,
    "precio_unitario_venta": "0.02",
    "subtotal": "0.02"
  }
},
{
  "model": "App_LUMINOVA.itemordenventa",
  "pk": 38,
  "fields": {
    "empresa": 1,
    "orden_venta": 36,
    "producto_terminado": 1,
    "cantidad": 1,
    "precio_unitario_venta": "0.02",
    "subtotal": "0.02"
  }
},
{
  "model": "App_LUMINOVA.itemordenventa",
  "pk": 39,
  "fields": {
    "empresa": 1,
    "orden_venta": 37,
    "producto_terminado": 1,
    "cantidad": 1,
    "precio_unitario_venta": "0.02",
    "subtotal": "0.02"
  }
},
{
  "model": "App_LUMINOVA.itemordenventa",
  "pk": 41,
  "fields": {
    "empresa": 1,
    "orden_venta": 39,
    "producto_terminado": 1,
    "cantidad": 1,
    "precio_unitario_venta": "0.02",
    "subtotal": "0.02"
  }
},
{
  "model": "App_LUMINOVA.itemordenventa",
  "pk": 42,
  "fields": {
    "empresa": 1,
    "orden_venta": 40,
    "producto_terminado": 1,
    "cantidad": 1,
    "precio_unitario_venta": "0.02",
    "subtotal": "0.02"
  }
},
{
  "model": "App_LUMINOVA.itemordenventa",
  "pk": 43,
  "fields": {
    "empresa": 1,
    "orden_venta": 41,
    "producto_terminado": 1,
    "cantidad": 1000,
    "precio_unitario_venta": "0.02",
    "subtotal": "20.00"
  }
},
{
  "model": "App_LUMINOVA.itemordenventa",
  "pk": 44,
  "fields": {
    "empresa": 1,
    "orden_venta": 42,
    "producto_terminado": 1,
    "cantidad": 1,
    "precio_unitario_venta": "0.02",
    "subtotal": "0.02"
  }
},
{
  "model": "App_LUMINOVA.itemordenventa",
  "pk": 45,
  "fields": {
    "empresa": 1,
    "orden_venta": 43,
    "producto_terminado": 1,
    "cantidad": 10,
    "precio_unitario_venta": "0.02",
    "subtotal": "0.20"
  }
},
{
  "model": "App_LUMINOVA.itemordenventa",
  "pk": 46,
  "fields": {
    "empresa": 1,
    "orden_venta": 44,
    "producto_terminado": 1,
    "cantidad": 1,
    "precio_unitario_venta": "0.02",
    "subtotal": "0.02"
  }
},
{
  "model": "App_LUMINOVA.itemordenventa",
  "pk": 47,
  "fields": {
    "empresa": 1,
    "orden_venta": 45,
    "producto_terminado": 1,
    "cantidad": 100,
    "precio_unitario_venta": "0.02",
    "subtotal": "2.00"
  }
},
{
  "model": "App_LUMINOVA.itemordenventa",
  "pk": 48,
  "fields": {
    "empresa": 1,
    "orden_venta": 46,
    "producto_terminado": 1,
    "cantidad": 10,
    "precio_unitario_venta": "0.02",
    "subtotal": "0.20"
  }
},
{
  "model": "App_LUMINOVA.itemordenventa",
  "pk": 51,
  "fields": {
    "empresa": 1,
    "orden_venta": 46,
    "producto_terminado": 1,
    "cantidad": 100,
    "precio_unitario_venta": "0.02",
    "subtotal": "2.00"
  }
},
{
  "model": "App_LUMINOVA.itemordenventa",
  "pk": 52,
  "fields": {
    "empresa": 1,
    "orden_venta": 47,
    "producto_terminado": 1,
    "cantidad": 100,
    "precio_unitario_venta": "0.02",
    "subtotal": "2.00"
  }
},
{
  "model": "App_LUMINOVA.itemordenventa",
  "pk": 53,
  "fields": {
    "empresa": 1,
    "orden_venta": 47,
    "producto_terminado": 1,
    "cantidad": 1,
    "precio_unitario_venta": "0.02",
    "subtotal": "0.02"
  }
},
{
  "model": "App_LUMINOVA.itemordenventa",
  "pk": 54,
  "fields": {
    "empresa": 1,
    "orden_venta": 48,
    "producto_terminado": 1,
    "cantidad": 1,
    "precio_unitario_venta": "0.02",
    "subtotal": "0.02"
  }
},
{
  "model": "App_LUMINOVA.itemordenventa",
  "pk": 55,
  "fields": {
    "empresa": 1,
    "orden_venta": 49,
    "producto_terminado": 1,
    "cantidad": 1,
    "precio_unitario_venta": "0.02",
    "subtotal": "0.02"
  }
},
{
  "model": "App_LUMINOVA.itemordenventa",
  "pk": 56,
  "fields": {
    "empresa": 1,
    "orden_venta": 50,
    "producto_terminado": 1,
    "cantidad": 1,
    "precio_unitario_venta": "0.02",
    "subtotal": "0.02"
  }
},
{
  "model": "App_LUMINOVA.itemordenventa",
  "pk": 57,
  "fields": {
    "empresa": 1,
    "orden_venta": 51,
    "producto_terminado": 1,
    "cantidad": 1,
    "precio_unitario_venta": "0.02",
    "subtotal": "0.02"
  }
},
{
  "model": "App_LUMINOVA.itemordenventa",
  "pk": 58,
  "fields": {
    "empresa": 1,
    "orden_venta": 52,
    "producto_terminado": 1,
    "cantidad": 1,
    "precio_unitario_venta": "0.02",
    "subtotal": "0.02"
  }
},
{
  "model": "App_LUMINOVA.itemordenventa",
  "pk": 59,
  "fields": {
    "empresa": 1,
    "orden_venta": 53,
    "producto_terminado": 2,
    "cantidad": 3,
    "precio_unitario_venta": "30.00",
    "subtotal": "90.00"
  }
},
{
  "model": "App_LUMINOVA.itemordenventa",
  "pk": 60,
  "fields": {
    "empresa": 1,
    "orden_venta": 53,
    "producto_terminado": 1,
    "cantidad": 5,
    "precio_unitario_venta": "0.02",
    "subtotal": "0.10"
  }
},
{
  "model": "App_LUMINOVA.itemordenventa",
  "pk": 61,
  "fields": {
    "empresa": 1,
    "orden_venta": 54,
    "producto_terminado": 1,
    "cantidad": 2,
    "precio_unitario_venta": "0.02",
    "subtotal": "0.04"
  }
},
{
  "model": "App_LUMINOVA.itemordenventa",
  "pk": 62,
  "fields": {
    "empresa": 1,
    "orden_venta": 55,
    "producto_terminado": 1,
    "cantidad": 3,
    "precio_unitario_venta": "0.02",
    "subtotal": "0.06"
  }
},
{
  "model": "App_LUMINOVA.itemordenventa",
  "pk": 63,
  "fields": {
    "empresa": 1,
    "orden_venta": 56,
    "producto_terminado": 2,
    "cantidad": 1,
    "precio_unitario_venta": "30.00",
    "subtotal": "30.00"
  }
},
{
  "model": "App_LUMINOVA.itemordenventa",
  "pk": 64,
  "fields": {
    "empresa": 1,
    "orden_venta": 57,
    "producto_terminado": 2,
    "cantidad": 1,
    "precio_unitario_venta": "30.00",
    "subtotal": "30.00"
  }
},
{
  "model": "App_LUMINOVA.itemordenventa",
  "pk": 65,
  "fields": {
    "empresa": 1,
    "orden_venta": 58,
    "producto_terminado": 2,
    "cantidad": 3,
    "precio_unitario_venta": "30.00",
    "subtotal": "90.00"
  }
},
{
  "model": "App_LUMINOVA.itemordenventa",
  "pk": 66,
  "fields": {
    "empresa": 1,
    "orden_venta": 59,
    "producto_terminado": 1,
    "cantidad": 5,
    "precio_unitario_venta": "0.02",
    "subtotal": "0.10"
  }
},
{
  "model": "App_LUMINOVA.itemordenventa",
  "pk": 67,
  "fields": {
    "empresa": 1,
    "orden_venta": 60,
    "producto_terminado": 1,
    "cantidad": 3,
    "precio_unitario_venta": "0.02",
    "subtotal": "0.06"
  }
},
{
  "model": "App_LUMINOVA.itemordenventa",
  "pk": 68,
  "fields": {
    "empresa": 1,
    "orden_venta": 61,
    "producto_terminado": 2,
    "cantidad": 1,
    "precio_unitario_venta": "30.00",
    "subtotal": "30.00"
  }
},
{
  "model": "App_LUMINOVA.itemordenventa",
  "pk": 69,
  "fields": {
    "empresa": 1,
    "orden_venta": 62,
    "producto_terminado": 2,
    "cantidad": 5,
    "precio_unitario_venta": "30.00",
    "subtotal": "150.00"
  }
},
{
  "model": "App_LUMINOVA.itemordenventa",
  "pk": 70,
  "fields": {
    "empresa": 1,
    "orden_venta": 63,
    "producto_terminado": 2,
    "cantidad": 3,
    "precio_unitario_venta": "30.00",
    "subtotal": "90.00"
  }
},
{
  "model": "App_LUMINOVA.itemordenventa",
  "pk": 71,
  "fields": {
    "empresa": 1,
    "orden_venta": 63,
    "producto_terminado": 1,
    "cantidad": 2,
    "precio_unitario_venta": "0.02",
    "subtotal": "0.04"
  }
},
{
  "model": "App_LUMINOVA.itemordenventa",
  "pk": 72,
  "fields": {
    "empresa": 1,
    "orden_venta": 64,
    "producto_terminado": 1,
    "cantidad": 4,
    "precio_unitario_venta": "0.02",
    "subtotal": "0.08"
  }
},
{
  "model": "App_LUMINOVA.itemordenventa",
  "pk": 73,
  "fields": {
    "empresa": 1,
    "orden_venta": 64,
    "producto_terminado": 2,
    "cantidad": 3,
    "precio_unitario_venta": "30.00",
    "subtotal": "90.00"
  }
},
{
  "model": "App_LUMINOVA.itemordenventa",
  "pk": 74,
  "fields": {
    "empresa": 1,
    "orden_venta": 65,
    "producto_terminado": 1,
    "cantidad": 3,
    "precio_unitario_venta": "0.02",
    "subtotal": "0.06"
  }
},
{
  "model": "App_LUMINOVA.itemordenventa",
  "pk": 75,
  "fields": {
    "empresa": 1,
    "orden_venta": 66,
    "producto_terminado": 2,
    "cantidad": 3,
    "precio_unitario_venta": "30.00",
    "subtotal": "90.00"
  }
},
{
  "model": "App_LUMINOVA.itemordenventa",
  "pk": 76,
  "fields": {
    "empresa": 1,
    "orden_venta": 67,
    "producto_terminado": 2,
    "cantidad": 1,
    "precio_unitario_venta": "30.00",
    "subtotal": "30.00"
  }
},
{
  "model": "App_LUMINOVA.itemordenventa",
  "pk": 77,
  "fields": {
    "empresa": 1,
    "orden_venta": 68,
    "producto_terminado": 4,
    "cantidad": 2,
    "precio_unitario_venta": "420.00",
    "subtotal": "840.00"
  }
},
{
  "model": "App_LUMINOVA.itemordenventa",
  "pk": 78,
  "fields": {
    "empresa": 1,
    "orden_venta": 68,
    "producto_terminado": 5,
    "cantidad": 3,
    "precio_unitario_venta": "530.00",
    "subtotal": "1590.00"
  }
},
{
  "model": "App_LUMINOVA.itemordenventa",
  "pk": 79,
  "fields": {
    "empresa": 1,
    "orden_venta": 69,
    "producto_terminado": 5,
    "cantidad": 1,
    "precio_unitario_venta": "530.00",
    "subtotal": "530.00"
  }
},
{
  "model": "App_LUMINOVA.itemordenventa",
  "pk": 80,
  "fields": {
    "empresa": 1,
    "orden_venta": 70,
    "producto_terminado": 4,
    "cantidad": 2,
    "precio_unitario_venta": "420.00",
    "subtotal": "840.00"
  }
},
{
  "model": "App_LUMINOVA.itemordenventa",
  "pk": 81,
  "fields": {
    "empresa": 1,
    "orden_venta": 71,
    "producto_terminado": 2,
    "cantidad": 1,
    "precio_unitario_venta": "30.00",
    "subtotal": "30.00"
  }
},
{
  "model": "App_LUMINOVA.itemordenventa",
  "pk": 82,
  "fields": {
    "empresa": 1,
    "orden_venta": 71,
    "producto_terminado": 3,
    "cantidad": 1,
    "precio_unitario_venta": "520.00",
    "subtotal": "520.00"
  }
},
{
  "model": "App_LUMINOVA.itemordenventa",
  "pk": 83,
  "fields": {
    "empresa": 1,
    "orden_venta": 72,
    "producto_terminado": 1,
    "cantidad": 1,
    "precio_unitario_venta": "0.02",
    "subtotal": "0.02"
  }
},
{
  "model": "App_LUMINOVA.itemordenventa",
  "pk": 84,
  "fields": {
    "empresa": 1,
    "orden_venta": 73,
    "producto_terminado": 4,
    "cantidad": 1,
    "precio_unitario_venta": "420.00",
    "subtotal": "420.00"
  }
},
{
  "model": "App_LUMINOVA.itemordenventa",
  "pk": 85,
  "fields": {
    "empresa": 1,
    "orden_venta": 74,
    "producto_terminado": 5,
    "cantidad": 1,
    "precio_unitario_venta": "530.00",
    "subtotal": "530.00"
  }
},
{
  "model": "App_LUMINOVA.itemordenventa",
  "pk": 86,
  "fields": {
    "empresa": 1,
    "orden_venta": 75,
    "producto_terminado": 9,
    "cantidad": 1,
    "precio_unitario_venta": "12340.00",
    "subtotal": "12340.00"
  }
},
{
  "model": "App_LUMINOVA.itemordenventa",
  "pk": 87,
  "fields": {
    "empresa": 1,
    "orden_venta": 76,
    "producto_terminado": 2,
    "cantidad": 1,
    "precio_unitario_venta": "30.00",
    "subtotal": "30.00"
  }
},
{
  "model": "App_LUMINOVA.itemordenventa",
  "pk": 88,
  "fields": {
    "empresa": 1,
    "orden_venta": 76,
    "producto_terminado": 1,
    "cantidad": 1,
    "precio_unitario_venta": "0.02",
    "subtotal": "0.02"
  }
},
{
  "model": "App_LUMINOVA.itemordenventa",
  "pk": 89,
  "fields": {
    "empresa": 1,
    "orden_venta": 77,
    "producto_terminado": 2,
    "cantidad": 1,
    "precio_unitario_venta": "30.00",
    "subtotal": "30.00"
  }
},
{
  "model": "App_LUMINOVA.itemordenventa",
  "pk": 90,
  "fields": {
    "empresa": 1,
    "orden_venta": 77,
    "producto_terminado": 1,
    "cantidad": 1,
    "precio_unitario_venta": "0.02",
    "subtotal": "0.02"
  }
},
{
  "model": "App_LUMINOVA.itemordenventa",
  "pk": 91,
  "fields": {
    "empresa": 1,
    "orden_venta": 78,
    "producto_terminado": 7,
    "cantidad": 1,
    "precio_unitario_venta": "1000.00",
    "subtotal": "1000.00"
  }
},
{
  "model": "App_LUMINOVA.itemordenventa",
  "pk": 92,
  "fields": {
    "empresa": 1,
    "orden_venta": 78,
    "producto_terminado": 1,
    "cantidad": 1,
    "precio_unitario_venta": "0.02",
    "subtotal": "0.02"
  }
},
{
  "model": "App_LUMINOVA.itemordenventa",
  "pk": 93,
  "fields": {
    "empresa": 1,
    "orden_venta": 79,
    "producto_terminado": 2,
    "cantidad": 1,
    "precio_unitario_venta": "30.00",
    "subtotal": "30.00"
  }
},
{
  "model": "App_LUMINOVA.itemordenventa",
  "pk": 94,
  "fields": {
    "empresa": 1,
    "orden_venta": 80,
    "producto_terminado": 9,
    "cantidad": 1,
    "precio_unitario_venta": "12340.00",
    "subtotal": "12340.00"
  }
},
{
  "model": "App_LUMINOVA.itemordenventa",
  "pk": 95,
  "fields": {
    "empresa": 1,
    "orden_venta": 81,
    "producto_terminado": 2,
    "cantidad": 1,
    "precio_unitario_venta": "30.00",
    "subtotal": "30.00"
  }
},
{
  "model": "App_LUMINOVA.itemordenventa",
  "pk": 96,
  "fields": {
    "empresa": 1,
    "orden_venta": 82,
    "producto_terminado": 5,
    "cantidad": 1,
    "precio_unitario_venta": "530.00",
    "subtotal": "530.00"
  }
},
{
  "model": "App_LUMINOVA.itemordenventa",
  "pk": 97,
  "fields": {
    "empresa": 1,
    "orden_venta": 83,
    "producto_terminado": 9,
    "cantidad": 1,
    "precio_unitario_venta": "12340.00",
    "subtotal": "12340.00"
  }
},
{
  "model": "App_LUMINOVA.itemordenventa",
  "pk": 98,
  "fields": {
    "empresa": 1,
    "orden_venta": 84,
    "producto_terminado": 6,
    "cantidad": 1,
    "precio_unitario_venta": "700.00",
    "subtotal": "700.00"
  }
},
{
  "model": "App_LUMINOVA.estadoorden",
  "pk": 1,
  "fields": {
    "nombre": "Pendiente",
    "empresa": 1
  }
},
{
  "model": "App_LUMINOVA.estadoorden",
  "pk": 2,
  "fields": {
    "nombre": "Confirmada",
    "empresa": 1
  }
},
{
  "model": "App_LUMINOVA.estadoorden",
  "pk": 3,
  "fields": {
    "nombre": "Producción Iniciada",
    "empresa": 1
  }
},
{
  "model": "App_LUMINOVA.estadoorden",
  "pk": 4,
  "fields": {
    "nombre": "Lista para Entrega",
    "empresa": 1
  }
},
{
  "model": "App_LUMINOVA.estadoorden",
  "pk": 5,
  "fields": {
    "nombre": "Completada",
    "empresa": 1
  }
},
{
  "model": "App_LUMINOVA.estadoorden",
  "pk": 6,
  "fields": {
    "nombre": "Cancelada",
    "empresa": 1
  }
},
{
  "model": "App_LUMINOVA.estadoorden",
  "pk": 7,
  "fields": {
    "nombre": "Producción Parcial",
    "empresa": 1
  }
},
{
  "model": "App_LUMINOVA.estadoorden",
  "pk": 8,
  "fields": {
    "nombre": "Pausada",
    "empresa": 1
  }
},
{
  "model": "App_LUMINOVA.estadoorden",
  "pk": 9,
  "fields": {
    "nombre": "Insumos Solicitados",
    "empresa": 1
  }
},
{
  "model": "App_LUMINOVA.estadoorden",
  "pk": 10,
  "fields": {
    "nombre": "Insumos Recibidos",
    "empresa": 1
  }
},
{
  "model": "App_LUMINOVA.estadoorden",
  "pk": 11,
  "fields": {
    "nombre": "Resolución Pendiente",
    "empresa": 1
  }
},
{
  "model": "App_LUMINOVA.estadoorden",
  "pk": 12,
  "fields": {
    "nombre": "Planificada",
    "empresa": 1
  }
},
{
  "model": "App_LUMINOVA.estadoorden",
  "pk": 13,
  "fields": {
    "nombre": "En Proceso",
    "empresa": 1
  }
},
{
  "model": "App_LUMINOVA.sectorasignado",
  "pk": 1,
  "fields": {
    "nombre": "Grupo A",
    "empresa": 1
  }
},
{
  "model": "App_LUMINOVA.sectorasignado",
  "pk": 2,
  "fields": {
    "nombre": "Grupo B",
    "empresa": 1
  }
},
{
  "model": "App_LUMINOVA.sectorasignado",
  "pk": 3,
  "fields": {
    "nombre": "Grupo C",
    "empresa": 1
  }
},
{
  "model": "App_LUMINOVA.sectorasignado",
  "pk": 4,
  "fields": {
    "nombre": "Grupo D",
    "empresa": 1
  }
},
{
  "model": "App_LUMINOVA.ordenproduccion",
  "pk": 22,
  "fields": {
    "empresa": 1,
    "numero_op": "OP-00001",
    "tipo_orden": "MTO",
    "orden_venta_origen": 21,
    "producto_a_producir": 1,
    "cantidad_a_producir": 6,
    "estado_op": 6,
    "fecha_solicitud": "2025-05-29T20:59:20.902Z",
    "fecha_inicio_real": null,
    "fecha_inicio_planificada": null,
    "fecha_fin_real": null,
    "fecha_fin_planificada": null,
    "sector_asignado_op": null,
    "notas": null
  }
},
{
  "model": "App_LUMINOVA.ordenproduccion",
  "pk": 23,
  "fields": {
    "empresa": 1,
    "numero_op": "OP-00002",
    "tipo_orden": "MTO",
    "orden_venta_origen": 21,
    "producto_a_producir": 1,
    "cantidad_a_producir": 3,
    "estado_op": 6,
    "fecha_solicitud": "2025-05-29T20:59:20.903Z",
    "fecha_inicio_real": null,
    "fecha_inicio_planificada": null,
    "fecha_fin_real": null,
    "fecha_fin_planificada": null,
    "sector_asignado_op": null,
    "notas": null
  }
},
{
  "model": "App_LUMINOVA.ordenproduccion",
  "pk": 24,
  "fields": {
    "empresa": 1,
    "numero_op": "OP-00003",
    "tipo_orden": "MTO",
    "orden_venta_origen": 22,
    "producto_a_producir": 1,
    "cantidad_a_producir": 2,
    "estado_op": 5,
    "fecha_solicitud": "2025-05-29T21:02:26.094Z",
    "fecha_inicio_real": "2025-05-29T21:11:40.282Z",
    "fecha_inicio_planificada": "2025-05-29",
    "fecha_fin_real": "2025-06-01T01:24:52.590Z",
    "fecha_fin_planificada": "2025-05-30",
    "sector_asignado_op": 1,
    "notas": ""
  }
},
{
  "model": "App_LUMINOVA.ordenproduccion",
  "pk": 25,
  "fields": {
    "empresa": 1,
    "numero_op": "OP-00004",
    "tipo_orden": "MTO",
    "orden_venta_origen": 23,
    "producto_a_producir": 1,
    "cantidad_a_producir": 1,
    "estado_op": 5,
    "fecha_solicitud": "2025-05-29T21:59:04.702Z",
    "fecha_inicio_real": "2025-05-29T21:59:25.216Z",
    "fecha_inicio_planificada": "2025-05-29",
    "fecha_fin_real": "2025-05-29T22:05:46.202Z",
    "fecha_fin_planificada": "2025-05-29",
    "sector_asignado_op": 1,
    "notas": "bla"
  }
},
{
  "model": "App_LUMINOVA.ordenproduccion",
  "pk": 26,
  "fields": {
    "empresa": 1,
    "numero_op": "OP-00005",
    "tipo_orden": "MTO",
    "orden_venta_origen": 24,
    "producto_a_producir": 1,
    "cantidad_a_producir": 1,
    "estado_op": 5,
    "fecha_solicitud": "2025-05-29T22:06:31.754Z",
    "fecha_inicio_real": "2025-05-29T22:06:49.201Z",
    "fecha_inicio_planificada": "2025-05-29",
    "fecha_fin_real": "2025-05-29T22:10:14.786Z",
    "fecha_fin_planificada": "2025-05-29",
    "sector_asignado_op": 1,
    "notas": "Me falta algo"
  }
},
{
  "model": "App_LUMINOVA.ordenproduccion",
  "pk": 27,
  "fields": {
    "empresa": 1,
    "numero_op": "OP-00006",
    "tipo_orden": "MTO",
    "orden_venta_origen": 25,
    "producto_a_producir": 1,
    "cantidad_a_producir": 1,
    "estado_op": 5,
    "fecha_solicitud": "2025-05-29T23:21:47.462Z",
    "fecha_inicio_real": "2025-05-29T23:22:39.635Z",
    "fecha_inicio_planificada": "2025-05-29",
    "fecha_fin_real": "2025-05-31T21:18:29.755Z",
    "fecha_fin_planificada": "2025-05-30",
    "sector_asignado_op": 1,
    "notas": ""
  }
},
{
  "model": "App_LUMINOVA.ordenproduccion",
  "pk": 28,
  "fields": {
    "empresa": 1,
    "numero_op": "OP-00007",
    "tipo_orden": "MTO",
    "orden_venta_origen": 27,
    "producto_a_producir": 1,
    "cantidad_a_producir": 1,
    "estado_op": 5,
    "fecha_solicitud": "2025-05-31T00:20:50.155Z",
    "fecha_inicio_real": "2025-05-31T21:01:42.373Z",
    "fecha_inicio_planificada": "2025-05-31",
    "fecha_fin_real": "2025-05-31T21:07:49.372Z",
    "fecha_fin_planificada": "2025-05-31",
    "sector_asignado_op": 2,
    "notas": "Prueba de  Insumos Solicitados -> Prod Iniciada -> Prod Pausada - > Prod Reiniciada -> Completada"
  }
},
{
  "model": "App_LUMINOVA.ordenproduccion",
  "pk": 29,
  "fields": {
    "empresa": 1,
    "numero_op": "OP-00008",
    "tipo_orden": "MTO",
    "orden_venta_origen": 28,
    "producto_a_producir": 1,
    "cantidad_a_producir": 1,
    "estado_op": 5,
    "fecha_solicitud": "2025-05-31T00:21:16.716Z",
    "fecha_inicio_real": "2025-05-31T00:22:02.193Z",
    "fecha_inicio_planificada": "2025-05-30",
    "fecha_fin_real": "2025-05-31T00:23:16.991Z",
    "fecha_fin_planificada": "2025-05-30",
    "sector_asignado_op": 1,
    "notas": "bla"
  }
},
{
  "model": "App_LUMINOVA.ordenproduccion",
  "pk": 30,
  "fields": {
    "empresa": 1,
    "numero_op": "OP-00009",
    "tipo_orden": "MTO",
    "orden_venta_origen": 29,
    "producto_a_producir": 1,
    "cantidad_a_producir": 1,
    "estado_op": 5,
    "fecha_solicitud": "2025-05-31T00:59:08.794Z",
    "fecha_inicio_real": "2025-05-31T00:59:22.945Z",
    "fecha_inicio_planificada": "2025-05-30",
    "fecha_fin_real": "2025-05-31T01:01:07.399Z",
    "fecha_fin_planificada": "2025-05-30",
    "sector_asignado_op": 1,
    "notas": "bla"
  }
},
{
  "model": "App_LUMINOVA.ordenproduccion",
  "pk": 31,
  "fields": {
    "empresa": 1,
    "numero_op": "OP-00010",
    "tipo_orden": "MTO",
    "orden_venta_origen": 30,
    "producto_a_producir": 1,
    "cantidad_a_producir": 1,
    "estado_op": 5,
    "fecha_solicitud": "2025-06-01T00:26:42.365Z",
    "fecha_inicio_real": "2025-06-01T00:28:10.568Z",
    "fecha_inicio_planificada": "2025-05-31",
    "fecha_fin_real": "2025-06-01T00:32:35.848Z",
    "fecha_fin_planificada": "2025-05-31",
    "sector_asignado_op": 1,
    "notas": "Prod Iniciada > Pausada > Reportar > Reiniciar"
  }
},
{
  "model": "App_LUMINOVA.ordenproduccion",
  "pk": 32,
  "fields": {
    "empresa": 1,
    "numero_op": "OP-00011",
    "tipo_orden": "MTO",
    "orden_venta_origen": 31,
    "producto_a_producir": 1,
    "cantidad_a_producir": 1,
    "estado_op": 6,
    "fecha_solicitud": "2025-06-01T02:15:53.966Z",
    "fecha_inicio_real": "2025-06-01T02:17:42.216Z",
    "fecha_inicio_planificada": "2025-05-31",
    "fecha_fin_real": null,
    "fecha_fin_planificada": "2025-05-31",
    "sector_asignado_op": 1,
    "notas": "Pausada > Reporte > Producción Iniciada"
  }
},
{
  "model": "App_LUMINOVA.ordenproduccion",
  "pk": 33,
  "fields": {
    "empresa": 1,
    "numero_op": "OP-00012",
    "tipo_orden": "MTO",
    "orden_venta_origen": 32,
    "producto_a_producir": 1,
    "cantidad_a_producir": 1,
    "estado_op": 5,
    "fecha_solicitud": "2025-06-01T02:41:36.058Z",
    "fecha_inicio_real": "2025-06-01T02:41:52.265Z",
    "fecha_inicio_planificada": "2025-05-31",
    "fecha_fin_real": "2025-06-01T02:52:27.577Z",
    "fecha_fin_planificada": "2025-05-31",
    "sector_asignado_op": 2,
    "notas": ""
  }
},
{
  "model": "App_LUMINOVA.ordenproduccion",
  "pk": 34,
  "fields": {
    "empresa": 1,
    "numero_op": "OP-00013",
    "tipo_orden": "MTO",
    "orden_venta_origen": 33,
    "producto_a_producir": 1,
    "cantidad_a_producir": 1,
    "estado_op": 5,
    "fecha_solicitud": "2025-06-01T02:50:12.576Z",
    "fecha_inicio_real": "2025-06-01T02:50:29.597Z",
    "fecha_inicio_planificada": "2025-05-31",
    "fecha_fin_real": "2025-06-01T02:53:06.913Z",
    "fecha_fin_planificada": "2025-05-31",
    "sector_asignado_op": 1,
    "notas": "Pausada > reporte> iniciada"
  }
},
{
  "model": "App_LUMINOVA.ordenproduccion",
  "pk": 35,
  "fields": {
    "empresa": 1,
    "numero_op": "OP-00014",
    "tipo_orden": "MTO",
    "orden_venta_origen": 34,
    "producto_a_producir": 1,
    "cantidad_a_producir": 1,
    "estado_op": 5,
    "fecha_solicitud": "2025-06-01T02:54:17.195Z",
    "fecha_inicio_real": "2025-06-01T02:54:34.364Z",
    "fecha_inicio_planificada": "2025-05-31",
    "fecha_fin_real": "2025-06-01T02:55:00.030Z",
    "fecha_fin_planificada": "2025-05-31",
    "sector_asignado_op": 2,
    "notas": ""
  }
},
{
  "model": "App_LUMINOVA.ordenproduccion",
  "pk": 36,
  "fields": {
    "empresa": 1,
    "numero_op": "OP-00015",
    "tipo_orden": "MTO",
    "orden_venta_origen": 35,
    "producto_a_producir": 1,
    "cantidad_a_producir": 1,
    "estado_op": 5,
    "fecha_solicitud": "2025-06-01T12:29:42.002Z",
    "fecha_inicio_real": "2025-06-01T12:29:59.158Z",
    "fecha_inicio_planificada": "2025-06-02",
    "fecha_fin_real": "2025-06-02T16:43:24.702Z",
    "fecha_fin_planificada": "2025-06-02",
    "sector_asignado_op": 1,
    "notas": ""
  }
},
{
  "model": "App_LUMINOVA.ordenproduccion",
  "pk": 37,
  "fields": {
    "empresa": 1,
    "numero_op": "OP-00016",
    "tipo_orden": "MTO",
    "orden_venta_origen": 36,
    "producto_a_producir": 1,
    "cantidad_a_producir": 1,
    "estado_op": 5,
    "fecha_solicitud": "2025-06-02T16:40:21.587Z",
    "fecha_inicio_real": "2025-06-02T16:40:39.306Z",
    "fecha_inicio_planificada": "2025-06-02",
    "fecha_fin_real": "2025-06-02T16:41:32.089Z",
    "fecha_fin_planificada": "2025-06-02",
    "sector_asignado_op": 1,
    "notas": ""
  }
},
{
  "model": "App_LUMINOVA.ordenproduccion",
  "pk": 38,
  "fields": {
    "empresa": 1,
    "numero_op": "OP-00017",
    "tipo_orden": "MTO",
    "orden_venta_origen": 37,
    "producto_a_producir": 1,
    "cantidad_a_producir": 1,
    "estado_op": 5,
    "fecha_solicitud": "2025-06-02T23:50:34.195Z",
    "fecha_inicio_real": "2025-06-02T23:51:15.558Z",
    "fecha_inicio_planificada": "2025-06-02",
    "fecha_fin_real": "2025-06-02T23:54:39.195Z",
    "fecha_fin_planificada": "2025-06-02",
    "sector_asignado_op": 1,
    "notas": ""
  }
},
{
  "model": "App_LUMINOVA.ordenproduccion",
  "pk": 39,
  "fields": {
    "empresa": 1,
    "numero_op": "OP-00018",
    "tipo_orden": "MTO",
    "orden_venta_origen": null,
    "producto_a_producir": 1,
    "cantidad_a_producir": 1,
    "estado_op": 6,
    "fecha_solicitud": "2025-06-14T20:47:45.120Z",
    "fecha_inicio_real": "2025-06-14T21:37:13.146Z",
    "fecha_inicio_planificada": "2025-06-15",
    "fecha_fin_real": null,
    "fecha_fin_planificada": "2025-06-15",
    "sector_asignado_op": 1,
    "notas": ""
  }
},
{
  "model": "App_LUMINOVA.ordenproduccion",
  "pk": 40,
  "fields": {
    "empresa": 1,
    "numero_op": "OP-00019",
    "tipo_orden": "MTO",
    "orden_venta_origen": 39,
    "producto_a_producir": 1,
    "cantidad_a_producir": 1,
    "estado_op": 5,
    "fecha_solicitud": "2025-06-14T21:19:07.856Z",
    "fecha_inicio_real": "2025-06-14T21:37:46.538Z",
    "fecha_inicio_planificada": "2025-06-15",
    "fecha_fin_real": "2025-06-15T12:52:21.101Z",
    "fecha_fin_planificada": "2025-06-15",
    "sector_asignado_op": 1,
    "notas": ""
  }
},
{
  "model": "App_LUMINOVA.ordenproduccion",
  "pk": 41,
  "fields": {
    "empresa": 1,
    "numero_op": "OP-00020",
    "tipo_orden": "MTO",
    "orden_venta_origen": 40,
    "producto_a_producir": 1,
    "cantidad_a_producir": 1,
    "estado_op": 5,
    "fecha_solicitud": "2025-06-15T13:52:01.497Z",
    "fecha_inicio_real": "2025-06-15T13:52:23.711Z",
    "fecha_inicio_planificada": "2025-06-15",
    "fecha_fin_real": "2025-06-15T13:52:55.238Z",
    "fecha_fin_planificada": "2025-06-15",
    "sector_asignado_op": 2,
    "notas": ""
  }
},
{
  "model": "App_LUMINOVA.ordenproduccion",
  "pk": 42,
  "fields": {
    "empresa": 1,
    "numero_op": "OP-00021",
    "tipo_orden": "MTO",
    "orden_venta_origen": 41,
    "producto_a_producir": 1,
    "cantidad_a_producir": 1000,
    "estado_op": 5,
    "fecha_solicitud": "2025-06-15T14:14:53.015Z",
    "fecha_inicio_real": "2025-06-15T14:15:01.893Z",
    "fecha_inicio_planificada": null,
    "fecha_fin_real": "2025-06-15T14:15:15.159Z",
    "fecha_fin_planificada": null,
    "sector_asignado_op": null,
    "notas": ""
  }
},
{
  "model": "App_LUMINOVA.ordenproduccion",
  "pk": 43,
  "fields": {
    "empresa": 1,
    "numero_op": "OP-00022",
    "tipo_orden": "MTO",
    "orden_venta_origen": 42,
    "producto_a_producir": 1,
    "cantidad_a_producir": 1,
    "estado_op": 5,
    "fecha_solicitud": "2025-06-15T14:17:10.989Z",
    "fecha_inicio_real": "2025-06-15T14:17:22.183Z",
    "fecha_inicio_planificada": "2025-06-15",
    "fecha_fin_real": "2025-06-15T14:18:20.881Z",
    "fecha_fin_planificada": "2025-06-15",
    "sector_asignado_op": 1,
    "notas": ""
  }
},
{
  "model": "App_LUMINOVA.ordenproduccion",
  "pk": 44,
  "fields": {
    "empresa": 1,
    "numero_op": "OP-00023",
    "tipo_orden": "MTO",
    "orden_venta_origen": 43,
    "producto_a_producir": 1,
    "cantidad_a_producir": 10,
    "estado_op": 5,
    "fecha_solicitud": "2025-06-15T14:28:45.213Z",
    "fecha_inicio_real": "2025-06-15T14:29:01.171Z",
    "fecha_inicio_planificada": "2025-06-15",
    "fecha_fin_real": "2025-06-15T14:43:31.829Z",
    "fecha_fin_planificada": "2025-06-15",
    "sector_asignado_op": 2,
    "notas": ""
  }
},
{
  "model": "App_LUMINOVA.ordenproduccion",
  "pk": 45,
  "fields": {
    "empresa": 1,
    "numero_op": "OP-00024",
    "tipo_orden": "MTO",
    "orden_venta_origen": 44,
    "producto_a_producir": 1,
    "cantidad_a_producir": 1,
    "estado_op": 5,
    "fecha_solicitud": "2025-06-15T14:43:51.125Z",
    "fecha_inicio_real": "2025-06-15T14:44:12.675Z",
    "fecha_inicio_planificada": "2025-06-15",
    "fecha_fin_real": "2025-06-15T14:44:31.790Z",
    "fecha_fin_planificada": "2025-06-15",
    "sector_asignado_op": 1,
    "notas": ""
  }
},
{
  "model": "App_LUMINOVA.ordenproduccion",
  "pk": 46,
  "fields": {
    "empresa": 1,
    "numero_op": "OP-00025",
    "tipo_orden": "MTO",
    "orden_venta_origen": 45,
    "producto_a_producir": 1,
    "cantidad_a_producir": 100,
    "estado_op": 5,
    "fecha_solicitud": "2025-06-15T14:50:05.839Z",
    "fecha_inicio_real": "2025-06-15T14:50:18.012Z",
    "fecha_inicio_planificada": "2025-06-15",
    "fecha_fin_real": "2025-06-15T14:50:40.684Z",
    "fecha_fin_planificada": "2025-06-15",
    "sector_asignado_op": 2,
    "notas": ""
  }
},
{
  "model": "App_LUMINOVA.ordenproduccion",
  "pk": 69,
  "fields": {
    "empresa": 1,
    "numero_op": "OP-00026",
    "tipo_orden": "MTO",
    "orden_venta_origen": 46,
    "producto_a_producir": 1,
    "cantidad_a_producir": 11,
    "estado_op": 5,
    "fecha_solicitud": "2025-06-15T21:03:30.953Z",
    "fecha_inicio_real": "2025-06-15T23:30:21.191Z",
    "fecha_inicio_planificada": "2025-06-15",
    "fecha_fin_real": "2025-06-16T08:59:09.378Z",
    "fecha_fin_planificada": "2025-06-15",
    "sector_asignado_op": 1,
    "notas": ""
  }
},
{
  "model": "App_LUMINOVA.ordenproduccion",
  "pk": 70,
  "fields": {
    "empresa": 1,
    "numero_op": "OP-00027",
    "tipo_orden": "MTO",
    "orden_venta_origen": 46,
    "producto_a_producir": 1,
    "cantidad_a_producir": 100,
    "estado_op": 5,
    "fecha_solicitud": "2025-06-15T21:03:30.956Z",
    "fecha_inicio_real": "2025-06-16T08:59:42.787Z",
    "fecha_inicio_planificada": "2025-06-15",
    "fecha_fin_real": "2025-06-16T09:00:18.740Z",
    "fecha_fin_planificada": "2025-06-15",
    "sector_asignado_op": 2,
    "notas": ""
  }
},
{
  "model": "App_LUMINOVA.ordenproduccion",
  "pk": 72,
  "fields": {
    "empresa": 1,
    "numero_op": "OP-00028",
    "tipo_orden": "MTO",
    "orden_venta_origen": 47,
    "producto_a_producir": 1,
    "cantidad_a_producir": 100,
    "estado_op": 5,
    "fecha_solicitud": "2025-06-15T23:59:35.043Z",
    "fecha_inicio_real": "2025-06-16T09:09:06.671Z",
    "fecha_inicio_planificada": "2025-06-16",
    "fecha_fin_real": "2025-06-16T09:09:18.600Z",
    "fecha_fin_planificada": "2025-06-16",
    "sector_asignado_op": 1,
    "notas": ""
  }
},
{
  "model": "App_LUMINOVA.ordenproduccion",
  "pk": 73,
  "fields": {
    "empresa": 1,
    "numero_op": "OP-00029",
    "tipo_orden": "MTO",
    "orden_venta_origen": 48,
    "producto_a_producir": 1,
    "cantidad_a_producir": 1,
    "estado_op": 5,
    "fecha_solicitud": "2025-06-16T09:12:19.202Z",
    "fecha_inicio_real": "2025-06-16T09:22:23.886Z",
    "fecha_inicio_planificada": "2025-06-16",
    "fecha_fin_real": "2025-06-16T09:22:38.903Z",
    "fecha_fin_planificada": "2025-06-16",
    "sector_asignado_op": 2,
    "notas": ""
  }
},
{
  "model": "App_LUMINOVA.ordenproduccion",
  "pk": 74,
  "fields": {
    "empresa": 1,
    "numero_op": "OP-00030",
    "tipo_orden": "MTO",
    "orden_venta_origen": 49,
    "producto_a_producir": 1,
    "cantidad_a_producir": 1,
    "estado_op": 5,
    "fecha_solicitud": "2025-06-16T09:21:52.717Z",
    "fecha_inicio_real": "2025-06-16T10:17:40.578Z",
    "fecha_inicio_planificada": "2025-06-16",
    "fecha_fin_real": "2025-06-16T10:45:49.035Z",
    "fecha_fin_planificada": "2025-06-16",
    "sector_asignado_op": 1,
    "notas": ""
  }
},
{
  "model": "App_LUMINOVA.ordenproduccion",
  "pk": 75,
  "fields": {
    "empresa": 1,
    "numero_op": "OP-00031",
    "tipo_orden": "MTO",
    "orden_venta_origen": 50,
    "producto_a_producir": 1,
    "cantidad_a_producir": 1,
    "estado_op": 5,
    "fecha_solicitud": "2025-06-16T11:37:09.262Z",
    "fecha_inicio_real": "2025-06-16T11:38:11.192Z",
    "fecha_inicio_planificada": "2025-06-16",
    "fecha_fin_real": "2025-06-16T11:40:27.634Z",
    "fecha_fin_planificada": "2025-06-16",
    "sector_asignado_op": 2,
    "notas": ""
  }
},
{
  "model": "App_LUMINOVA.ordenproduccion",
  "pk": 76,
  "fields": {
    "empresa": 1,
    "numero_op": "OP-00032",
    "tipo_orden": "MTO",
    "orden_venta_origen": 51,
    "producto_a_producir": 1,
    "cantidad_a_producir": 1,
    "estado_op": 6,
    "fecha_solicitud": "2025-06-16T12:46:13.106Z",
    "fecha_inicio_real": "2025-06-16T12:46:44.091Z",
    "fecha_inicio_planificada": "2025-06-16",
    "fecha_fin_real": null,
    "fecha_fin_planificada": "2025-06-16",
    "sector_asignado_op": 1,
    "notas": ""
  }
},
{
  "model": "App_LUMINOVA.ordenproduccion",
  "pk": 77,
  "fields": {
    "empresa": 1,
    "numero_op": "OP-00033",
    "tipo_orden": "MTO",
    "orden_venta_origen": 52,
    "producto_a_producir": 1,
    "cantidad_a_producir": 1,
    "estado_op": 5,
    "fecha_solicitud": "2025-06-16T12:48:32.810Z",
    "fecha_inicio_real": "2025-06-17T12:45:08.331Z",
    "fecha_inicio_planificada": "2025-06-16",
    "fecha_fin_real": "2025-06-17T12:47:52.620Z",
    "fecha_fin_planificada": "2025-06-16",
    "sector_asignado_op": 1,
    "notas": ""
  }
},
{
  "model": "App_LUMINOVA.ordenproduccion",
  "pk": 78,
  "fields": {
    "empresa": 1,
    "numero_op": "OP-00034",
    "tipo_orden": "MTO",
    "orden_venta_origen": 53,
    "producto_a_producir": 2,
    "cantidad_a_producir": 3,
    "estado_op": 5,
    "fecha_solicitud": "2025-06-18T20:49:00.541Z",
    "fecha_inicio_real": "2025-06-18T20:59:40.917Z",
    "fecha_inicio_planificada": "2025-06-18",
    "fecha_fin_real": "2025-06-18T21:09:48.603Z",
    "fecha_fin_planificada": "2025-06-26",
    "sector_asignado_op": 1,
    "notas": ""
  }
},
{
  "model": "App_LUMINOVA.ordenproduccion",
  "pk": 79,
  "fields": {
    "empresa": 1,
    "numero_op": "OP-00035",
    "tipo_orden": "MTO",
    "orden_venta_origen": 53,
    "producto_a_producir": 1,
    "cantidad_a_producir": 5,
    "estado_op": 5,
    "fecha_solicitud": "2025-06-18T20:49:00.543Z",
    "fecha_inicio_real": "2025-06-18T21:12:11.221Z",
    "fecha_inicio_planificada": "2025-06-18",
    "fecha_fin_real": "2025-06-18T21:13:22.662Z",
    "fecha_fin_planificada": "2025-06-19",
    "sector_asignado_op": 2,
    "notas": ""
  }
},
{
  "model": "App_LUMINOVA.ordenproduccion",
  "pk": 80,
  "fields": {
    "empresa": 1,
    "numero_op": "OP-00036",
    "tipo_orden": "MTO",
    "orden_venta_origen": 54,
    "producto_a_producir": 1,
    "cantidad_a_producir": 2,
    "estado_op": 5,
    "fecha_solicitud": "2025-06-18T21:34:35.754Z",
    "fecha_inicio_real": "2025-06-18T21:38:43.486Z",
    "fecha_inicio_planificada": "2025-06-18",
    "fecha_fin_real": "2025-06-18T21:39:29.302Z",
    "fecha_fin_planificada": "2025-06-21",
    "sector_asignado_op": 1,
    "notas": ""
  }
},
{
  "model": "App_LUMINOVA.ordenproduccion",
  "pk": 81,
  "fields": {
    "empresa": 1,
    "numero_op": "OP-00037",
    "tipo_orden": "MTO",
    "orden_venta_origen": 55,
    "producto_a_producir": 1,
    "cantidad_a_producir": 3,
    "estado_op": 5,
    "fecha_solicitud": "2025-06-18T21:44:08.711Z",
    "fecha_inicio_real": "2025-06-18T21:44:24.225Z",
    "fecha_inicio_planificada": null,
    "fecha_fin_real": "2025-06-18T21:44:32.208Z",
    "fecha_fin_planificada": null,
    "sector_asignado_op": 1,
    "notas": ""
  }
},
{
  "model": "App_LUMINOVA.ordenproduccion",
  "pk": 82,
  "fields": {
    "empresa": 1,
    "numero_op": "OP-00038",
    "tipo_orden": "MTO",
    "orden_venta_origen": 56,
    "producto_a_producir": 2,
    "cantidad_a_producir": 1,
    "estado_op": 5,
    "fecha_solicitud": "2025-06-18T22:46:34.819Z",
    "fecha_inicio_real": "2025-06-20T00:22:34.391Z",
    "fecha_inicio_planificada": "2025-06-18",
    "fecha_fin_real": "2025-06-20T00:27:21.455Z",
    "fecha_fin_planificada": "2025-06-18",
    "sector_asignado_op": 2,
    "notas": ""
  }
},
{
  "model": "App_LUMINOVA.ordenproduccion",
  "pk": 83,
  "fields": {
    "empresa": 1,
    "numero_op": "OP-00039",
    "tipo_orden": "MTO",
    "orden_venta_origen": 57,
    "producto_a_producir": 2,
    "cantidad_a_producir": 1,
    "estado_op": 5,
    "fecha_solicitud": "2025-06-18T23:18:35.236Z",
    "fecha_inicio_real": "2025-06-24T00:32:28.706Z",
    "fecha_inicio_planificada": "2025-06-18",
    "fecha_fin_real": "2025-06-24T00:32:38.133Z",
    "fecha_fin_planificada": "2025-06-18",
    "sector_asignado_op": 1,
    "notas": ""
  }
},
{
  "model": "App_LUMINOVA.ordenproduccion",
  "pk": 84,
  "fields": {
    "empresa": 1,
    "numero_op": "OP-00040",
    "tipo_orden": "MTO",
    "orden_venta_origen": 58,
    "producto_a_producir": 2,
    "cantidad_a_producir": 3,
    "estado_op": 5,
    "fecha_solicitud": "2025-06-20T00:31:42.470Z",
    "fecha_inicio_real": "2025-06-20T00:33:51.013Z",
    "fecha_inicio_planificada": "2025-06-19",
    "fecha_fin_real": "2025-06-24T00:31:54.448Z",
    "fecha_fin_planificada": "2025-06-20",
    "sector_asignado_op": 1,
    "notas": "bla3"
  }
},
{
  "model": "App_LUMINOVA.ordenproduccion",
  "pk": 85,
  "fields": {
    "empresa": 1,
    "numero_op": "OP-00041",
    "tipo_orden": "MTO",
    "orden_venta_origen": 59,
    "producto_a_producir": 1,
    "cantidad_a_producir": 5,
    "estado_op": 5,
    "fecha_solicitud": "2025-06-20T00:36:13.804Z",
    "fecha_inicio_real": "2025-06-24T00:32:30.365Z",
    "fecha_inicio_planificada": "2025-06-23",
    "fecha_fin_real": "2025-06-24T00:32:48.884Z",
    "fecha_fin_planificada": "2025-06-24",
    "sector_asignado_op": 1,
    "notas": ""
  }
},
{
  "model": "App_LUMINOVA.ordenproduccion",
  "pk": 86,
  "fields": {
    "empresa": 1,
    "numero_op": "OP-00042",
    "tipo_orden": "MTO",
    "orden_venta_origen": 60,
    "producto_a_producir": 1,
    "cantidad_a_producir": 3,
    "estado_op": 5,
    "fecha_solicitud": "2025-06-20T00:36:40.113Z",
    "fecha_inicio_real": "2025-06-20T00:37:22.580Z",
    "fecha_inicio_planificada": "2025-06-19",
    "fecha_fin_real": "2025-06-24T00:30:44.363Z",
    "fecha_fin_planificada": "2025-06-20",
    "sector_asignado_op": 1,
    "notas": ""
  }
},
{
  "model": "App_LUMINOVA.ordenproduccion",
  "pk": 87,
  "fields": {
    "empresa": 1,
    "numero_op": "OP-00043",
    "tipo_orden": "MTO",
    "orden_venta_origen": 61,
    "producto_a_producir": 2,
    "cantidad_a_producir": 1,
    "estado_op": 5,
    "fecha_solicitud": "2025-06-20T00:37:34.178Z",
    "fecha_inicio_real": "2025-06-20T10:34:49.115Z",
    "fecha_inicio_planificada": "2025-06-19",
    "fecha_fin_real": "2025-06-20T22:26:27.262Z",
    "fecha_fin_planificada": "2025-06-21",
    "sector_asignado_op": 2,
    "notas": ""
  }
},
{
  "model": "App_LUMINOVA.ordenproduccion",
  "pk": 88,
  "fields": {
    "empresa": 1,
    "numero_op": "OP-00044",
    "tipo_orden": "MTO",
    "orden_venta_origen": 62,
    "producto_a_producir": 2,
    "cantidad_a_producir": 5,
    "estado_op": 5,
    "fecha_solicitud": "2025-06-20T00:38:26.978Z",
    "fecha_inicio_real": "2025-06-20T00:38:57.038Z",
    "fecha_inicio_planificada": "2025-06-19",
    "fecha_fin_real": "2025-06-24T00:31:19.375Z",
    "fecha_fin_planificada": "2025-06-23",
    "sector_asignado_op": 1,
    "notas": ""
  }
},
{
  "model": "App_LUMINOVA.ordenproduccion",
  "pk": 89,
  "fields": {
    "empresa": 1,
    "numero_op": "OP-00045",
    "tipo_orden": "MTO",
    "orden_venta_origen": 63,
    "producto_a_producir": 2,
    "cantidad_a_producir": 3,
    "estado_op": 5,
    "fecha_solicitud": "2025-06-20T17:48:14.283Z",
    "fecha_inicio_real": "2025-06-20T17:49:45.223Z",
    "fecha_inicio_planificada": "2025-06-20",
    "fecha_fin_real": "2025-06-20T17:51:22.819Z",
    "fecha_fin_planificada": "2025-06-21",
    "sector_asignado_op": 1,
    "notas": ""
  }
},
{
  "model": "App_LUMINOVA.ordenproduccion",
  "pk": 90,
  "fields": {
    "empresa": 1,
    "numero_op": "OP-00046",
    "tipo_orden": "MTO",
    "orden_venta_origen": 63,
    "producto_a_producir": 1,
    "cantidad_a_producir": 2,
    "estado_op": 5,
    "fecha_solicitud": "2025-06-20T17:48:14.284Z",
    "fecha_inicio_real": "2025-06-20T17:51:58.724Z",
    "fecha_inicio_planificada": "2025-06-20",
    "fecha_fin_real": "2025-06-20T17:52:38.408Z",
    "fecha_fin_planificada": "2025-06-22",
    "sector_asignado_op": 2,
    "notas": ""
  }
},
{
  "model": "App_LUMINOVA.ordenproduccion",
  "pk": 91,
  "fields": {
    "empresa": 1,
    "numero_op": "OP-00047",
    "tipo_orden": "MTO",
    "orden_venta_origen": 64,
    "producto_a_producir": 1,
    "cantidad_a_producir": 4,
    "estado_op": 5,
    "fecha_solicitud": "2025-06-20T18:38:29.844Z",
    "fecha_inicio_real": "2025-06-20T18:41:06.832Z",
    "fecha_inicio_planificada": "2025-06-20",
    "fecha_fin_real": "2025-06-20T18:44:02.925Z",
    "fecha_fin_planificada": "2025-06-21",
    "sector_asignado_op": 1,
    "notas": ""
  }
},
{
  "model": "App_LUMINOVA.ordenproduccion",
  "pk": 92,
  "fields": {
    "empresa": 1,
    "numero_op": "OP-00048",
    "tipo_orden": "MTO",
    "orden_venta_origen": 64,
    "producto_a_producir": 2,
    "cantidad_a_producir": 3,
    "estado_op": 5,
    "fecha_solicitud": "2025-06-20T18:38:29.845Z",
    "fecha_inicio_real": "2025-06-20T18:45:41.189Z",
    "fecha_inicio_planificada": "2025-06-20",
    "fecha_fin_real": "2025-06-20T18:46:09.481Z",
    "fecha_fin_planificada": "2025-06-21",
    "sector_asignado_op": 2,
    "notas": ""
  }
},
{
  "model": "App_LUMINOVA.ordenproduccion",
  "pk": 93,
  "fields": {
    "empresa": 1,
    "numero_op": "OP-00049",
    "tipo_orden": "MTO",
    "orden_venta_origen": 65,
    "producto_a_producir": 1,
    "cantidad_a_producir": 3,
    "estado_op": 5,
    "fecha_solicitud": "2025-06-20T22:15:12.078Z",
    "fecha_inicio_real": "2025-06-20T22:24:14.229Z",
    "fecha_inicio_planificada": "2025-06-20",
    "fecha_fin_real": "2025-06-20T22:24:32.270Z",
    "fecha_fin_planificada": "2025-06-21",
    "sector_asignado_op": 1,
    "notas": ""
  }
},
{
  "model": "App_LUMINOVA.ordenproduccion",
  "pk": 94,
  "fields": {
    "empresa": 1,
    "numero_op": "OP-00050",
    "tipo_orden": "MTO",
    "orden_venta_origen": 66,
    "producto_a_producir": 2,
    "cantidad_a_producir": 3,
    "estado_op": 5,
    "fecha_solicitud": "2025-06-24T00:05:05.257Z",
    "fecha_inicio_real": "2025-06-24T00:07:11.419Z",
    "fecha_inicio_planificada": "2025-06-23",
    "fecha_fin_real": "2025-06-24T00:10:13.153Z",
    "fecha_fin_planificada": "2025-06-24",
    "sector_asignado_op": 1,
    "notas": ""
  }
},
{
  "model": "App_LUMINOVA.ordenproduccion",
  "pk": 95,
  "fields": {
    "empresa": 1,
    "numero_op": "OP-00051",
    "tipo_orden": "MTO",
    "orden_venta_origen": 67,
    "producto_a_producir": 2,
    "cantidad_a_producir": 1,
    "estado_op": 5,
    "fecha_solicitud": "2025-06-24T00:52:04.372Z",
    "fecha_inicio_real": "2025-06-24T00:52:34.132Z",
    "fecha_inicio_planificada": "2025-06-23",
    "fecha_fin_real": "2025-06-24T00:52:50.164Z",
    "fecha_fin_planificada": "2025-06-24",
    "sector_asignado_op": 1,
    "notas": ""
  }
},
{
  "model": "App_LUMINOVA.ordenproduccion",
  "pk": 96,
  "fields": {
    "empresa": 1,
    "numero_op": "OP-00052",
    "tipo_orden": "MTO",
    "orden_venta_origen": 68,
    "producto_a_producir": 4,
    "cantidad_a_producir": 2,
    "estado_op": 5,
    "fecha_solicitud": "2025-06-25T15:32:23.573Z",
    "fecha_inicio_real": "2025-06-25T15:34:02.030Z",
    "fecha_inicio_planificada": "2025-06-25",
    "fecha_fin_real": "2025-06-25T15:35:59.838Z",
    "fecha_fin_planificada": "2025-06-26",
    "sector_asignado_op": 1,
    "notas": ""
  }
},
{
  "model": "App_LUMINOVA.ordenproduccion",
  "pk": 97,
  "fields": {
    "empresa": 1,
    "numero_op": "OP-00053",
    "tipo_orden": "MTO",
    "orden_venta_origen": 68,
    "producto_a_producir": 5,
    "cantidad_a_producir": 3,
    "estado_op": 5,
    "fecha_solicitud": "2025-06-25T15:32:23.574Z",
    "fecha_inicio_real": "2025-06-25T15:34:04.528Z",
    "fecha_inicio_planificada": "2025-06-25",
    "fecha_fin_real": "2025-06-25T15:35:21.854Z",
    "fecha_fin_planificada": "2025-06-26",
    "sector_asignado_op": 3,
    "notas": ""
  }
},
{
  "model": "App_LUMINOVA.ordenproduccion",
  "pk": 98,
  "fields": {
    "empresa": 1,
    "numero_op": "OP-00054",
    "tipo_orden": "MTO",
    "orden_venta_origen": 69,
    "producto_a_producir": 5,
    "cantidad_a_producir": 1,
    "estado_op": 5,
    "fecha_solicitud": "2025-06-25T15:39:18.602Z",
    "fecha_inicio_real": "2025-06-25T15:39:53.618Z",
    "fecha_inicio_planificada": "2025-06-25",
    "fecha_fin_real": "2025-06-25T15:40:24.459Z",
    "fecha_fin_planificada": "2025-06-26",
    "sector_asignado_op": 3,
    "notas": ""
  }
},
{
  "model": "App_LUMINOVA.ordenproduccion",
  "pk": 99,
  "fields": {
    "empresa": 1,
    "numero_op": "OP-00055",
    "tipo_orden": "MTO",
    "orden_venta_origen": 70,
    "producto_a_producir": 4,
    "cantidad_a_producir": 2,
    "estado_op": 5,
    "fecha_solicitud": "2025-06-27T15:59:19.141Z",
    "fecha_inicio_real": "2025-06-27T16:00:42.111Z",
    "fecha_inicio_planificada": "2025-06-27",
    "fecha_fin_real": "2025-06-27T16:01:16.297Z",
    "fecha_fin_planificada": "2025-06-27",
    "sector_asignado_op": 4,
    "notas": ""
  }
},
{
  "model": "App_LUMINOVA.ordenproduccion",
  "pk": 100,
  "fields": {
    "empresa": 1,
    "numero_op": "OP-00056",
    "tipo_orden": "MTO",
    "orden_venta_origen": 71,
    "producto_a_producir": 2,
    "cantidad_a_producir": 1,
    "estado_op": 5,
    "fecha_solicitud": "2025-06-27T17:23:35.782Z",
    "fecha_inicio_real": "2025-06-27T17:24:58.999Z",
    "fecha_inicio_planificada": "2025-06-27",
    "fecha_fin_real": "2025-06-27T17:25:53.272Z",
    "fecha_fin_planificada": "2025-06-27",
    "sector_asignado_op": 1,
    "notas": ""
  }
},
{
  "model": "App_LUMINOVA.ordenproduccion",
  "pk": 101,
  "fields": {
    "empresa": 1,
    "numero_op": "OP-00057",
    "tipo_orden": "MTO",
    "orden_venta_origen": 71,
    "producto_a_producir": 3,
    "cantidad_a_producir": 1,
    "estado_op": 5,
    "fecha_solicitud": "2025-06-27T17:23:35.783Z",
    "fecha_inicio_real": "2025-06-27T17:28:09.858Z",
    "fecha_inicio_planificada": "2025-06-27",
    "fecha_fin_real": "2025-06-27T17:29:25.975Z",
    "fecha_fin_planificada": "2025-06-27",
    "sector_asignado_op": 4,
    "notas": ""
  }
},
{
  "model": "App_LUMINOVA.ordenproduccion",
  "pk": 103,
  "fields": {
    "empresa": 1,
    "numero_op": "OP-00058",
    "tipo_orden": "MTO",
    "orden_venta_origen": 72,
    "producto_a_producir": 1,
    "cantidad_a_producir": 1,
    "estado_op": 5,
    "fecha_solicitud": "2025-07-04T20:20:26.928Z",
    "fecha_inicio_real": "2025-07-04T20:21:48.655Z",
    "fecha_inicio_planificada": "2025-07-04",
    "fecha_fin_real": "2025-07-04T20:23:39.428Z",
    "fecha_fin_planificada": "2025-07-04",
    "sector_asignado_op": 1,
    "notas": ""
  }
},
{
  "model": "App_LUMINOVA.ordenproduccion",
  "pk": 104,
  "fields": {
    "empresa": 1,
    "numero_op": "OP-00059",
    "tipo_orden": "MTO",
    "orden_venta_origen": 73,
    "producto_a_producir": 4,
    "cantidad_a_producir": 1,
    "estado_op": 5,
    "fecha_solicitud": "2025-07-04T20:26:58.469Z",
    "fecha_inicio_real": "2025-07-04T20:30:49.269Z",
    "fecha_inicio_planificada": "2025-07-04",
    "fecha_fin_real": "2025-07-04T20:31:49.893Z",
    "fecha_fin_planificada": "2025-07-04",
    "sector_asignado_op": 3,
    "notas": ""
  }
},
{
  "model": "App_LUMINOVA.ordenproduccion",
  "pk": 105,
  "fields": {
    "empresa": 1,
    "numero_op": "OP-00105",
    "tipo_orden": "MTO",
    "orden_venta_origen": 74,
    "producto_a_producir": 5,
    "cantidad_a_producir": 1,
    "estado_op": 5,
    "fecha_solicitud": "2025-07-04T22:27:45.033Z",
    "fecha_inicio_real": "2025-08-03T19:34:40.568Z",
    "fecha_inicio_planificada": "2025-08-03",
    "fecha_fin_real": "2025-08-03T20:17:48.525Z",
    "fecha_fin_planificada": "2025-08-03",
    "sector_asignado_op": 1,
    "notas": ""
  }
},
{
  "model": "App_LUMINOVA.ordenproduccion",
  "pk": 106,
  "fields": {
    "empresa": 1,
    "numero_op": "OP-00106",
    "tipo_orden": "MTO",
    "orden_venta_origen": 75,
    "producto_a_producir": 9,
    "cantidad_a_producir": 1,
    "estado_op": 5,
    "fecha_solicitud": "2025-08-03T14:51:09.292Z",
    "fecha_inicio_real": "2025-08-03T20:51:24.026Z",
    "fecha_inicio_planificada": "2025-08-03",
    "fecha_fin_real": "2025-08-03T20:51:34.116Z",
    "fecha_fin_planificada": "2025-08-03",
    "sector_asignado_op": 2,
    "notas": ""
  }
},
{
  "model": "App_LUMINOVA.ordenproduccion",
  "pk": 108,
  "fields": {
    "empresa": 1,
    "numero_op": "OP-00107",
    "tipo_orden": "MTO",
    "orden_venta_origen": 76,
    "producto_a_producir": 2,
    "cantidad_a_producir": 1,
    "estado_op": 5,
    "fecha_solicitud": "2025-08-03T19:28:11.915Z",
    "fecha_inicio_real": "2025-08-03T20:34:53.826Z",
    "fecha_inicio_planificada": "2025-08-03",
    "fecha_fin_real": "2025-08-03T20:36:51.973Z",
    "fecha_fin_planificada": "2025-08-03",
    "sector_asignado_op": 4,
    "notas": ""
  }
},
{
  "model": "App_LUMINOVA.ordenproduccion",
  "pk": 109,
  "fields": {
    "empresa": 1,
    "numero_op": "OP-00108",
    "tipo_orden": "MTO",
    "orden_venta_origen": 77,
    "producto_a_producir": 2,
    "cantidad_a_producir": 1,
    "estado_op": 5,
    "fecha_solicitud": "2025-08-03T19:33:16.469Z",
    "fecha_inicio_real": null,
    "fecha_inicio_planificada": "2025-08-03",
    "fecha_fin_real": "2025-08-03T20:39:47.824Z",
    "fecha_fin_planificada": "2025-08-03",
    "sector_asignado_op": 2,
    "notas": ""
  }
},
{
  "model": "App_LUMINOVA.ordenproduccion",
  "pk": 110,
  "fields": {
    "empresa": 1,
    "numero_op": "OP-00109",
    "tipo_orden": "MTO",
    "orden_venta_origen": 77,
    "producto_a_producir": 1,
    "cantidad_a_producir": 1,
    "estado_op": 5,
    "fecha_solicitud": "2025-08-03T19:33:16.469Z",
    "fecha_inicio_real": "2025-08-03T20:47:45.025Z",
    "fecha_inicio_planificada": "2025-08-03",
    "fecha_fin_real": "2025-08-03T20:47:57.296Z",
    "fecha_fin_planificada": "2025-08-03",
    "sector_asignado_op": 2,
    "notas": ""
  }
},
{
  "model": "App_LUMINOVA.ordenproduccion",
  "pk": 111,
  "fields": {
    "empresa": 1,
    "numero_op": "OP-00110",
    "tipo_orden": "MTO",
    "orden_venta_origen": 78,
    "producto_a_producir": 7,
    "cantidad_a_producir": 1,
    "estado_op": 5,
    "fecha_solicitud": "2025-08-03T20:54:35.930Z",
    "fecha_inicio_real": "2025-08-03T20:55:26.237Z",
    "fecha_inicio_planificada": "2025-08-03",
    "fecha_fin_real": "2025-08-03T20:55:43.407Z",
    "fecha_fin_planificada": "2025-08-03",
    "sector_asignado_op": 2,
    "notas": ""
  }
},
{
  "model": "App_LUMINOVA.ordenproduccion",
  "pk": 112,
  "fields": {
    "empresa": 1,
    "numero_op": "OP-00111",
    "tipo_orden": "MTO",
    "orden_venta_origen": 78,
    "producto_a_producir": 1,
    "cantidad_a_producir": 1,
    "estado_op": 9,
    "fecha_solicitud": "2025-08-03T20:54:35.930Z",
    "fecha_inicio_real": null,
    "fecha_inicio_planificada": "2025-08-03",
    "fecha_fin_real": null,
    "fecha_fin_planificada": "2025-08-03",
    "sector_asignado_op": 3,
    "notas": ""
  }
},
{
  "model": "App_LUMINOVA.ordenproduccion",
  "pk": 113,
  "fields": {
    "empresa": 1,
    "numero_op": "OP-00112",
    "tipo_orden": "MTO",
    "orden_venta_origen": 79,
    "producto_a_producir": 2,
    "cantidad_a_producir": 1,
    "estado_op": 9,
    "fecha_solicitud": "2025-08-03T21:03:01.694Z",
    "fecha_inicio_real": null,
    "fecha_inicio_planificada": "2025-08-03",
    "fecha_fin_real": null,
    "fecha_fin_planificada": "2025-08-03",
    "sector_asignado_op": 2,
    "notas": ""
  }
},
{
  "model": "App_LUMINOVA.ordenproduccion",
  "pk": 114,
  "fields": {
    "empresa": 1,
    "numero_op": "OP-00113",
    "tipo_orden": "MTO",
    "orden_venta_origen": 80,
    "producto_a_producir": 9,
    "cantidad_a_producir": 1,
    "estado_op": 3,
    "fecha_solicitud": "2025-08-07T18:00:48.459Z",
    "fecha_inicio_real": null,
    "fecha_inicio_planificada": "2025-08-07",
    "fecha_fin_real": null,
    "fecha_fin_planificada": "2025-08-07",
    "sector_asignado_op": 2,
    "notas": ""
  }
},
{
  "model": "App_LUMINOVA.ordenproduccion",
  "pk": 115,
  "fields": {
    "empresa": 1,
    "numero_op": "OP-00114",
    "tipo_orden": "MTO",
    "orden_venta_origen": 81,
    "producto_a_producir": 2,
    "cantidad_a_producir": 1,
    "estado_op": 5,
    "fecha_solicitud": "2025-08-08T00:57:39.698Z",
    "fecha_inicio_real": "2025-08-08T00:58:37.311Z",
    "fecha_inicio_planificada": "2025-08-07",
    "fecha_fin_real": "2025-08-08T00:58:55.779Z",
    "fecha_fin_planificada": "2025-08-07",
    "sector_asignado_op": 1,
    "notas": ""
  }
},
{
  "model": "App_LUMINOVA.ordenproduccion",
  "pk": 116,
  "fields": {
    "empresa": 1,
    "numero_op": "OP-00115",
    "tipo_orden": "MTO",
    "orden_venta_origen": 82,
    "producto_a_producir": 5,
    "cantidad_a_producir": 1,
    "estado_op": 5,
    "fecha_solicitud": "2025-08-09T11:52:05.137Z",
    "fecha_inicio_real": "2025-08-09T11:53:08.565Z",
    "fecha_inicio_planificada": "2025-08-09",
    "fecha_fin_real": "2025-08-09T11:54:38.665Z",
    "fecha_fin_planificada": "2025-08-09",
    "sector_asignado_op": 4,
    "notas": ""
  }
},
{
  "model": "App_LUMINOVA.ordenproduccion",
  "pk": 117,
  "fields": {
    "empresa": 1,
    "numero_op": "OP-00116",
    "tipo_orden": "MTO",
    "orden_venta_origen": 83,
    "producto_a_producir": 9,
    "cantidad_a_producir": 1,
    "estado_op": 9,
    "fecha_solicitud": "2025-08-11T14:42:35.468Z",
    "fecha_inicio_real": null,
    "fecha_inicio_planificada": "2025-08-11",
    "fecha_fin_real": null,
    "fecha_fin_planificada": "2025-08-11",
    "sector_asignado_op": 1,
    "notas": ""
  }
},
{
  "model": "App_LUMINOVA.ordenproduccion",
  "pk": 118,
  "fields": {
    "empresa": 1,
    "numero_op": "OP-00117",
    "tipo_orden": "MTO",
    "orden_venta_origen": 84,
    "producto_a_producir": 6,
    "cantidad_a_producir": 1,
    "estado_op": 5,
    "fecha_solicitud": "2025-08-13T16:00:30.724Z",
    "fecha_inicio_real": "2025-08-13T16:00:50.599Z",
    "fecha_inicio_planificada": "2025-08-13",
    "fecha_fin_real": "2025-08-13T16:01:09.487Z",
    "fecha_fin_planificada": "2025-08-13",
    "sector_asignado_op": 2,
    "notas": ""
  }
},
{
  "model": "App_LUMINOVA.ordenproduccion",
  "pk": 119,
  "fields": {
    "empresa": 1,
    "numero_op": "OP-00119",
    "tipo_orden": "MTS",
    "orden_venta_origen": null,
    "producto_a_producir": 2,
    "cantidad_a_producir": 4,
    "estado_op": 12,
    "fecha_solicitud": "2025-08-13T21:30:06.934Z",
    "fecha_inicio_real": null,
    "fecha_inicio_planificada": "2025-08-13",
    "fecha_fin_real": null,
    "fecha_fin_planificada": "2025-08-13",
    "sector_asignado_op": 1,
    "notas": ""
  }
},
{
  "model": "App_LUMINOVA.reportes",
  "pk": 4,
  "fields": {
    "empresa": 1,
    "orden_produccion_asociada": 24,
    "n_reporte": "RP-00001",
    "fecha": "2025-05-29T21:23:04.182Z",
    "tipo_problema": "Falta de Insumos",
    "informe_reporte": "Me falta 1",
    "resuelto": true,
    "fecha_resolucion": "2025-06-16T15:47:16.393Z",
    "reportado_por": 1,
    "sector_reporta": 1
  }
},
{
  "model": "App_LUMINOVA.reportes",
  "pk": 5,
  "fields": {
    "empresa": 1,
    "orden_produccion_asociada": 26,
    "n_reporte": "RP-00002",
    "fecha": "2025-05-29T22:08:10.814Z",
    "tipo_problema": "Falta de Insumos",
    "informe_reporte": "El boludo de Fede no me mando un Insumo",
    "resuelto": true,
    "fecha_resolucion": "2025-06-16T15:47:16.398Z",
    "reportado_por": 1,
    "sector_reporta": 1
  }
},
{
  "model": "App_LUMINOVA.reportes",
  "pk": 6,
  "fields": {
    "empresa": 1,
    "orden_produccion_asociada": 27,
    "n_reporte": "RP-00003",
    "fecha": "2025-05-29T23:25:20.183Z",
    "tipo_problema": "Otro",
    "informe_reporte": "tengo los huevos inflados",
    "resuelto": true,
    "fecha_resolucion": "2025-06-16T15:47:16.401Z",
    "reportado_por": 1,
    "sector_reporta": null
  }
},
{
  "model": "App_LUMINOVA.reportes",
  "pk": 7,
  "fields": {
    "empresa": 1,
    "orden_produccion_asociada": 30,
    "n_reporte": "RP-00004",
    "fecha": "2025-05-31T01:00:13.144Z",
    "tipo_problema": "Falla de Maquinaria",
    "informe_reporte": "Error en maquinaria, se espera a mantenimiento",
    "resuelto": true,
    "fecha_resolucion": "2025-06-16T15:47:16.405Z",
    "reportado_por": 1,
    "sector_reporta": 1
  }
},
{
  "model": "App_LUMINOVA.reportes",
  "pk": 8,
  "fields": {
    "empresa": 1,
    "orden_produccion_asociada": 28,
    "n_reporte": "RP-00005",
    "fecha": "2025-05-31T21:06:45.292Z",
    "tipo_problema": "Falla de Maquinaria",
    "informe_reporte": "Prod Pausada",
    "resuelto": true,
    "fecha_resolucion": "2025-06-16T15:47:16.409Z",
    "reportado_por": 1,
    "sector_reporta": 2
  }
},
{
  "model": "App_LUMINOVA.reportes",
  "pk": 9,
  "fields": {
    "empresa": 1,
    "orden_produccion_asociada": 31,
    "n_reporte": "RP-00006",
    "fecha": "2025-06-01T00:30:32.928Z",
    "tipo_problema": "Falla de Maquinaria",
    "informe_reporte": "Prueba de reporte -> Reanudar.",
    "resuelto": true,
    "fecha_resolucion": "2025-06-16T15:47:16.413Z",
    "reportado_por": 1,
    "sector_reporta": 1
  }
},
{
  "model": "App_LUMINOVA.reportes",
  "pk": 10,
  "fields": {
    "empresa": 1,
    "orden_produccion_asociada": 32,
    "n_reporte": "RP-00007",
    "fecha": "2025-06-01T02:19:17.009Z",
    "tipo_problema": "Problema de Personal",
    "informe_reporte": "Se pelearon por el superclásico",
    "resuelto": true,
    "fecha_resolucion": "2025-06-16T15:47:16.416Z",
    "reportado_por": 1,
    "sector_reporta": 1
  }
},
{
  "model": "App_LUMINOVA.reportes",
  "pk": 11,
  "fields": {
    "empresa": 1,
    "orden_produccion_asociada": 33,
    "n_reporte": "RP-00008",
    "fecha": "2025-06-01T02:42:37.724Z",
    "tipo_problema": "Error de Calidad",
    "informe_reporte": "Falla en módulo led",
    "resuelto": true,
    "fecha_resolucion": "2025-06-16T15:47:16.419Z",
    "reportado_por": 1,
    "sector_reporta": 2
  }
},
{
  "model": "App_LUMINOVA.reportes",
  "pk": 12,
  "fields": {
    "empresa": 1,
    "orden_produccion_asociada": 34,
    "n_reporte": "RP-00009",
    "fecha": "2025-06-01T02:51:21.396Z",
    "tipo_problema": "Otro",
    "informe_reporte": "Estoy cansado jefe",
    "resuelto": true,
    "fecha_resolucion": "2025-06-16T15:47:16.423Z",
    "reportado_por": 1,
    "sector_reporta": 1
  }
},
{
  "model": "App_LUMINOVA.reportes",
  "pk": 13,
  "fields": {
    "empresa": 1,
    "orden_produccion_asociada": 36,
    "n_reporte": "RP-00010",
    "fecha": "2025-06-02T16:42:53.096Z",
    "tipo_problema": "Problema de Personal",
    "informe_reporte": "blabla",
    "resuelto": true,
    "fecha_resolucion": "2025-06-16T15:47:16.427Z",
    "reportado_por": 1,
    "sector_reporta": 1
  }
},
{
  "model": "App_LUMINOVA.reportes",
  "pk": 14,
  "fields": {
    "empresa": 1,
    "orden_produccion_asociada": 38,
    "n_reporte": "RP-00011",
    "fecha": "2025-06-02T23:53:03.492Z",
    "tipo_problema": "Problema de Personal",
    "informe_reporte": "Se pelearon pro el superclasico",
    "resuelto": true,
    "fecha_resolucion": "2025-06-16T15:47:16.430Z",
    "reportado_por": 1,
    "sector_reporta": 1
  }
},
{
  "model": "App_LUMINOVA.reportes",
  "pk": 15,
  "fields": {
    "empresa": 1,
    "orden_produccion_asociada": 74,
    "n_reporte": "RP-00012",
    "fecha": "2025-06-16T10:19:06.907Z",
    "tipo_problema": "Falla de Maquinaria",
    "informe_reporte": "Se espera a mantenimiento para resolción de problema",
    "resuelto": true,
    "fecha_resolucion": "2025-06-16T15:47:16.434Z",
    "reportado_por": 1,
    "sector_reporta": 1
  }
},
{
  "model": "App_LUMINOVA.reportes",
  "pk": 16,
  "fields": {
    "empresa": 1,
    "orden_produccion_asociada": 74,
    "n_reporte": "RP-00013",
    "fecha": "2025-06-16T10:44:38.978Z",
    "tipo_problema": "Falta de Insumos",
    "informe_reporte": "Se espera a depósito",
    "resuelto": true,
    "fecha_resolucion": "2025-06-16T15:47:16.438Z",
    "reportado_por": 1,
    "sector_reporta": 1
  }
},
{
  "model": "App_LUMINOVA.reportes",
  "pk": 17,
  "fields": {
    "empresa": 1,
    "orden_produccion_asociada": 75,
    "n_reporte": "RP-00014",
    "fecha": "2025-06-16T11:39:37.254Z",
    "tipo_problema": "Falla de Maquinaria",
    "informe_reporte": "Se espera por mantenimiento",
    "resuelto": true,
    "fecha_resolucion": "2025-06-16T15:47:16.441Z",
    "reportado_por": 1,
    "sector_reporta": 2
  }
},
{
  "model": "App_LUMINOVA.reportes",
  "pk": 18,
  "fields": {
    "empresa": 1,
    "orden_produccion_asociada": 76,
    "n_reporte": "RP-00015",
    "fecha": "2025-06-16T12:47:11.035Z",
    "tipo_problema": "Falta de Insumos",
    "informe_reporte": "Esperando Insumos faltantes",
    "resuelto": true,
    "fecha_resolucion": "2025-06-20T00:25:23.823Z",
    "reportado_por": 1,
    "sector_reporta": 1
  }
},
{
  "model": "App_LUMINOVA.reportes",
  "pk": 19,
  "fields": {
    "empresa": 1,
    "orden_produccion_asociada": 78,
    "n_reporte": "RP-00016",
    "fecha": "2025-06-18T21:03:29.787Z",
    "tipo_problema": "Falla de Maquinaria",
    "informe_reporte": "Falla la maquina X",
    "resuelto": true,
    "fecha_resolucion": "2025-06-18T21:08:26.375Z",
    "reportado_por": 1,
    "sector_reporta": 1
  }
},
{
  "model": "App_LUMINOVA.reportes",
  "pk": 20,
  "fields": {
    "empresa": 1,
    "orden_produccion_asociada": 79,
    "n_reporte": "RP-00017",
    "fecha": "2025-06-18T21:12:57.009Z",
    "tipo_problema": "Problema de Personal",
    "informe_reporte": "Se cagaron a palos",
    "resuelto": true,
    "fecha_resolucion": "2025-06-18T21:13:00.840Z",
    "reportado_por": 1,
    "sector_reporta": 2
  }
},
{
  "model": "App_LUMINOVA.reportes",
  "pk": 21,
  "fields": {
    "empresa": 1,
    "orden_produccion_asociada": 82,
    "n_reporte": "RP-00018",
    "fecha": "2025-06-20T00:23:15.695Z",
    "tipo_problema": "Falla de Maquinaria",
    "informe_reporte": "Falla",
    "resuelto": true,
    "fecha_resolucion": "2025-06-20T00:23:40.536Z",
    "reportado_por": 1,
    "sector_reporta": 2
  }
},
{
  "model": "App_LUMINOVA.reportes",
  "pk": 22,
  "fields": {
    "empresa": 1,
    "orden_produccion_asociada": 84,
    "n_reporte": "RP-00019",
    "fecha": "2025-06-20T00:34:24.174Z",
    "tipo_problema": "Problema de Personal",
    "informe_reporte": "No se",
    "resuelto": true,
    "fecha_resolucion": "2025-06-24T00:42:02.455Z",
    "reportado_por": 1,
    "sector_reporta": 1
  }
},
{
  "model": "App_LUMINOVA.reportes",
  "pk": 23,
  "fields": {
    "empresa": 1,
    "orden_produccion_asociada": 89,
    "n_reporte": "RP-00020",
    "fecha": "2025-06-20T17:50:35.043Z",
    "tipo_problema": "Falla de Maquinaria",
    "informe_reporte": "Falla tal",
    "resuelto": true,
    "fecha_resolucion": "2025-06-20T17:50:56.675Z",
    "reportado_por": 1,
    "sector_reporta": 1
  }
},
{
  "model": "App_LUMINOVA.reportes",
  "pk": 24,
  "fields": {
    "empresa": 1,
    "orden_produccion_asociada": 91,
    "n_reporte": "RP-00021",
    "fecha": "2025-06-20T18:42:34.289Z",
    "tipo_problema": "Falla de Maquinaria",
    "informe_reporte": "Falla de maquina",
    "resuelto": true,
    "fecha_resolucion": "2025-06-20T18:43:37.575Z",
    "reportado_por": 1,
    "sector_reporta": 1
  }
},
{
  "model": "App_LUMINOVA.reportes",
  "pk": 25,
  "fields": {
    "empresa": 1,
    "orden_produccion_asociada": 94,
    "n_reporte": "RP-00022",
    "fecha": "2025-06-24T00:08:09.274Z",
    "tipo_problema": "Falla de Maquinaria",
    "informe_reporte": "Fallo",
    "resuelto": true,
    "fecha_resolucion": "2025-06-24T00:09:50.048Z",
    "reportado_por": 1,
    "sector_reporta": 1
  }
},
{
  "model": "App_LUMINOVA.reportes",
  "pk": 26,
  "fields": {
    "empresa": 1,
    "orden_produccion_asociada": 97,
    "n_reporte": "RP-00023",
    "fecha": "2025-06-25T15:33:51.028Z",
    "tipo_problema": "Problema de Personal",
    "informe_reporte": "Fue a enfermeria",
    "resuelto": true,
    "fecha_resolucion": "2025-06-25T15:34:22.030Z",
    "reportado_por": 1,
    "sector_reporta": 3
  }
},
{
  "model": "App_LUMINOVA.reportes",
  "pk": 27,
  "fields": {
    "empresa": 1,
    "orden_produccion_asociada": 97,
    "n_reporte": "RP-00024",
    "fecha": "2025-06-25T15:34:59.723Z",
    "tipo_problema": "Falla de Maquinaria",
    "informe_reporte": "Falla maquina x",
    "resuelto": true,
    "fecha_resolucion": "2025-06-25T15:35:02.404Z",
    "reportado_por": 1,
    "sector_reporta": 3
  }
},
{
  "model": "App_LUMINOVA.reportes",
  "pk": 28,
  "fields": {
    "empresa": 1,
    "orden_produccion_asociada": 101,
    "n_reporte": "RP-00025",
    "fecha": "2025-06-27T17:29:02.113Z",
    "tipo_problema": "Otro",
    "informe_reporte": "Se prueba la creación de un Reporte",
    "resuelto": true,
    "fecha_resolucion": "2025-06-27T17:29:12.730Z",
    "reportado_por": 1,
    "sector_reporta": 4
  }
},
{
  "model": "App_LUMINOVA.reportes",
  "pk": 29,
  "fields": {
    "empresa": 1,
    "orden_produccion_asociada": 104,
    "n_reporte": "RP-00026",
    "fecha": "2025-07-04T20:29:19.900Z",
    "tipo_problema": "Falta de Insumos",
    "informe_reporte": "Se espera por insumos",
    "resuelto": true,
    "fecha_resolucion": "2025-07-04T20:30:25.159Z",
    "reportado_por": 1,
    "sector_reporta": 3
  }
},
{
  "model": "App_LUMINOVA.reportes",
  "pk": 30,
  "fields": {
    "empresa": 1,
    "orden_produccion_asociada": 104,
    "n_reporte": "RP-00027",
    "fecha": "2025-07-04T20:31:32.843Z",
    "tipo_problema": "Otro",
    "informe_reporte": "Falla Eléctrica",
    "resuelto": true,
    "fecha_resolucion": "2025-07-04T20:31:37.306Z",
    "reportado_por": 1,
    "sector_reporta": 3
  }
},
{
  "model": "App_LUMINOVA.reportes",
  "pk": 31,
  "fields": {
    "empresa": 1,
    "orden_produccion_asociada": 108,
    "n_reporte": "RP-00031",
    "fecha": "2025-08-03T20:36:38.532Z",
    "tipo_problema": "Falla de Maquinaria",
    "informe_reporte": "",
    "resuelto": true,
    "fecha_resolucion": "2025-08-03T20:36:42.480Z",
    "reportado_por": 1,
    "sector_reporta": 4
  }
},
{
  "model": "App_LUMINOVA.reportes",
  "pk": 32,
  "fields": {
    "empresa": 1,
    "orden_produccion_asociada": 116,
    "n_reporte": "RP-00032",
    "fecha": "2025-08-09T11:53:57.420Z",
    "tipo_problema": "Falla de Maquinaria",
    "informe_reporte": "",
    "resuelto": true,
    "fecha_resolucion": "2025-08-09T11:54:08.595Z",
    "reportado_por": 1,
    "sector_reporta": 4
  }
},
{
  "model": "App_LUMINOVA.factura",
  "pk": 7,
  "fields": {
    "empresa": 1,
    "numero_factura": "FACT-00001",
    "orden_venta": 24,
    "fecha_emision": "2025-05-29T22:10:25.275Z",
    "total_facturado": "0.02"
  }
},
{
  "model": "App_LUMINOVA.factura",
  "pk": 8,
  "fields": {
    "empresa": 1,
    "numero_factura": "FACT-00008",
    "orden_venta": 28,
    "fecha_emision": "2025-05-31T00:23:30.096Z",
    "total_facturado": "0.02"
  }
},
{
  "model": "App_LUMINOVA.factura",
  "pk": 9,
  "fields": {
    "empresa": 1,
    "numero_factura": "FACT-00009",
    "orden_venta": 29,
    "fecha_emision": "2025-05-31T01:01:18.732Z",
    "total_facturado": "0.02"
  }
},
{
  "model": "App_LUMINOVA.factura",
  "pk": 10,
  "fields": {
    "empresa": 1,
    "numero_factura": "FACT-00010",
    "orden_venta": 27,
    "fecha_emision": "2025-05-31T21:08:25.336Z",
    "total_facturado": "0.02"
  }
},
{
  "model": "App_LUMINOVA.factura",
  "pk": 11,
  "fields": {
    "empresa": 1,
    "numero_factura": "FACT-00011",
    "orden_venta": 30,
    "fecha_emision": "2025-06-01T00:32:53.396Z",
    "total_facturado": "0.02"
  }
},
{
  "model": "App_LUMINOVA.factura",
  "pk": 12,
  "fields": {
    "empresa": 1,
    "numero_factura": "FACT-00012",
    "orden_venta": 22,
    "fecha_emision": "2025-06-01T01:25:06.569Z",
    "total_facturado": "0.04"
  }
},
{
  "model": "App_LUMINOVA.factura",
  "pk": 13,
  "fields": {
    "empresa": 1,
    "numero_factura": "FACT-00013",
    "orden_venta": 32,
    "fecha_emision": "2025-06-01T02:52:40.120Z",
    "total_facturado": "0.02"
  }
},
{
  "model": "App_LUMINOVA.factura",
  "pk": 14,
  "fields": {
    "empresa": 1,
    "numero_factura": "FACT-00014",
    "orden_venta": 33,
    "fecha_emision": "2025-06-01T02:53:51.197Z",
    "total_facturado": "0.02"
  }
},
{
  "model": "App_LUMINOVA.factura",
  "pk": 15,
  "fields": {
    "empresa": 1,
    "numero_factura": "FACT-00015",
    "orden_venta": 34,
    "fecha_emision": "2025-06-01T02:55:11.380Z",
    "total_facturado": "0.02"
  }
},
{
  "model": "App_LUMINOVA.factura",
  "pk": 16,
  "fields": {
    "empresa": 1,
    "numero_factura": "FACT-00016",
    "orden_venta": 36,
    "fecha_emision": "2025-06-02T16:41:43.804Z",
    "total_facturado": "0.02"
  }
},
{
  "model": "App_LUMINOVA.factura",
  "pk": 17,
  "fields": {
    "empresa": 1,
    "numero_factura": "FACT-00017",
    "orden_venta": 35,
    "fecha_emision": "2025-06-02T16:43:35.660Z",
    "total_facturado": "0.02"
  }
},
{
  "model": "App_LUMINOVA.factura",
  "pk": 18,
  "fields": {
    "empresa": 1,
    "numero_factura": "FACT-00018",
    "orden_venta": 37,
    "fecha_emision": "2025-06-02T23:55:05.342Z",
    "total_facturado": "0.02"
  }
},
{
  "model": "App_LUMINOVA.factura",
  "pk": 19,
  "fields": {
    "empresa": 1,
    "numero_factura": "FACT-00019",
    "orden_venta": 39,
    "fecha_emision": "2025-06-15T13:50:35.733Z",
    "total_facturado": "0.02"
  }
},
{
  "model": "App_LUMINOVA.factura",
  "pk": 20,
  "fields": {
    "empresa": 1,
    "numero_factura": "FACT-00020",
    "orden_venta": 40,
    "fecha_emision": "2025-06-15T13:53:05.581Z",
    "total_facturado": "0.02"
  }
},
{
  "model": "App_LUMINOVA.factura",
  "pk": 21,
  "fields": {
    "empresa": 1,
    "numero_factura": "FACT-00021",
    "orden_venta": 41,
    "fecha_emision": "2025-06-15T14:15:25.523Z",
    "total_facturado": "20.00"
  }
},
{
  "model": "App_LUMINOVA.factura",
  "pk": 22,
  "fields": {
    "empresa": 1,
    "numero_factura": "FACT-00022",
    "orden_venta": 42,
    "fecha_emision": "2025-06-15T14:18:34.014Z",
    "total_facturado": "0.02"
  }
},
{
  "model": "App_LUMINOVA.factura",
  "pk": 23,
  "fields": {
    "empresa": 1,
    "numero_factura": "FACT-00023",
    "orden_venta": 43,
    "fecha_emision": "2025-06-15T14:44:39.521Z",
    "total_facturado": "0.20"
  }
},
{
  "model": "App_LUMINOVA.factura",
  "pk": 24,
  "fields": {
    "empresa": 1,
    "numero_factura": "FACT-00024",
    "orden_venta": 44,
    "fecha_emision": "2025-06-15T14:44:57.654Z",
    "total_facturado": "0.02"
  }
},
{
  "model": "App_LUMINOVA.factura",
  "pk": 25,
  "fields": {
    "empresa": 1,
    "numero_factura": "FACT-00025",
    "orden_venta": 45,
    "fecha_emision": "2025-06-15T14:50:58.122Z",
    "total_facturado": "2.00"
  }
},
{
  "model": "App_LUMINOVA.factura",
  "pk": 26,
  "fields": {
    "empresa": 1,
    "numero_factura": "FACT-00026",
    "orden_venta": 46,
    "fecha_emision": "2025-06-16T09:00:26.804Z",
    "total_facturado": "2.20"
  }
},
{
  "model": "App_LUMINOVA.factura",
  "pk": 27,
  "fields": {
    "empresa": 1,
    "numero_factura": "FACT-00027",
    "orden_venta": 47,
    "fecha_emision": "2025-06-16T09:09:31.430Z",
    "total_facturado": "2.02"
  }
},
{
  "model": "App_LUMINOVA.factura",
  "pk": 28,
  "fields": {
    "empresa": 1,
    "numero_factura": "FACT-00028",
    "orden_venta": 48,
    "fecha_emision": "2025-06-16T09:22:47.920Z",
    "total_facturado": "0.02"
  }
},
{
  "model": "App_LUMINOVA.factura",
  "pk": 29,
  "fields": {
    "empresa": 1,
    "numero_factura": "FACT-00029",
    "orden_venta": 49,
    "fecha_emision": "2025-06-16T10:46:19.696Z",
    "total_facturado": "0.02"
  }
},
{
  "model": "App_LUMINOVA.factura",
  "pk": 30,
  "fields": {
    "empresa": 1,
    "numero_factura": "FACT-00030",
    "orden_venta": 50,
    "fecha_emision": "2025-06-16T11:40:41.347Z",
    "total_facturado": "0.02"
  }
},
{
  "model": "App_LUMINOVA.factura",
  "pk": 31,
  "fields": {
    "empresa": 1,
    "numero_factura": "FACT-00031",
    "orden_venta": 52,
    "fecha_emision": "2025-06-17T12:48:05.066Z",
    "total_facturado": "0.02"
  }
},
{
  "model": "App_LUMINOVA.factura",
  "pk": 32,
  "fields": {
    "empresa": 1,
    "numero_factura": "FACT-00032",
    "orden_venta": 53,
    "fecha_emision": "2025-06-18T21:21:09.399Z",
    "total_facturado": "90.10"
  }
},
{
  "model": "App_LUMINOVA.factura",
  "pk": 33,
  "fields": {
    "empresa": 1,
    "numero_factura": "FACT-00034",
    "orden_venta": 54,
    "fecha_emision": "2025-06-18T21:41:49.421Z",
    "total_facturado": "0.04"
  }
},
{
  "model": "App_LUMINOVA.factura",
  "pk": 35,
  "fields": {
    "empresa": 1,
    "numero_factura": "FACT-00035",
    "orden_venta": 56,
    "fecha_emision": "2025-06-20T00:29:28.520Z",
    "total_facturado": "30.00"
  }
},
{
  "model": "App_LUMINOVA.factura",
  "pk": 36,
  "fields": {
    "empresa": 1,
    "numero_factura": "FACT-00036",
    "orden_venta": 63,
    "fecha_emision": "2025-06-20T17:53:17.494Z",
    "total_facturado": "90.04"
  }
},
{
  "model": "App_LUMINOVA.factura",
  "pk": 37,
  "fields": {
    "empresa": 1,
    "numero_factura": "FACT-00037",
    "orden_venta": 64,
    "fecha_emision": "2025-06-20T18:46:58.926Z",
    "total_facturado": "90.08"
  }
},
{
  "model": "App_LUMINOVA.factura",
  "pk": 38,
  "fields": {
    "empresa": 1,
    "numero_factura": "FACT-00038",
    "orden_venta": 66,
    "fecha_emision": "2025-06-24T00:11:21.976Z",
    "total_facturado": "90.00"
  }
},
{
  "model": "App_LUMINOVA.factura",
  "pk": 39,
  "fields": {
    "empresa": 1,
    "numero_factura": "FACT-00039",
    "orden_venta": 60,
    "fecha_emision": "2025-06-24T00:33:22.764Z",
    "total_facturado": "0.06"
  }
},
{
  "model": "App_LUMINOVA.factura",
  "pk": 40,
  "fields": {
    "empresa": 1,
    "numero_factura": "FACT-00040",
    "orden_venta": 61,
    "fecha_emision": "2025-06-24T00:34:17.017Z",
    "total_facturado": "30.00"
  }
},
{
  "model": "App_LUMINOVA.factura",
  "pk": 41,
  "fields": {
    "empresa": 1,
    "numero_factura": "FACT-00041",
    "orden_venta": 68,
    "fecha_emision": "2025-06-25T15:36:36.470Z",
    "total_facturado": "2430.00"
  }
},
{
  "model": "App_LUMINOVA.factura",
  "pk": 42,
  "fields": {
    "empresa": 1,
    "numero_factura": "FACT-00042",
    "orden_venta": 69,
    "fecha_emision": "2025-06-25T15:40:31.474Z",
    "total_facturado": "530.00"
  }
},
{
  "model": "App_LUMINOVA.factura",
  "pk": 43,
  "fields": {
    "empresa": 1,
    "numero_factura": "FACT-00043",
    "orden_venta": 70,
    "fecha_emision": "2025-06-27T16:02:08.941Z",
    "total_facturado": "840.00"
  }
},
{
  "model": "App_LUMINOVA.factura",
  "pk": 44,
  "fields": {
    "empresa": 1,
    "numero_factura": "FACT-00044",
    "orden_venta": 71,
    "fecha_emision": "2025-06-27T17:29:42.040Z",
    "total_facturado": "550.00"
  }
},
{
  "model": "App_LUMINOVA.factura",
  "pk": 45,
  "fields": {
    "empresa": 1,
    "numero_factura": "FACT-00045",
    "orden_venta": 72,
    "fecha_emision": "2025-07-04T20:23:52.994Z",
    "total_facturado": "0.02"
  }
},
{
  "model": "App_LUMINOVA.factura",
  "pk": 46,
  "fields": {
    "empresa": 1,
    "numero_factura": "FACT-00046",
    "orden_venta": 73,
    "fecha_emision": "2025-07-04T23:55:51.748Z",
    "total_facturado": "420.00"
  }
},
{
  "model": "App_LUMINOVA.factura",
  "pk": 47,
  "fields": {
    "empresa": 1,
    "numero_factura": "FACT-00047",
    "orden_venta": 81,
    "fecha_emision": "2025-08-08T00:59:28.461Z",
    "total_facturado": "30.00"
  }
},
{
  "model": "App_LUMINOVA.factura",
  "pk": 48,
  "fields": {
    "empresa": 1,
    "numero_factura": "FACT-00048",
    "orden_venta": 84,
    "fecha_emision": "2025-08-13T16:01:25.411Z",
    "total_facturado": "700.00"
  }
},
{
  "model": "App_LUMINOVA.roldescripcion",
  "pk": 1,
  "fields": {
    "group": 1,
    "descripcion": "Este rol está encargado de interactuar con los proveedores y generar órdenes de compra. Tiene acceso a los módulos de Compras y Proveedores. Su nivel de acceso también es intermedio."
  }
},
{
  "model": "App_LUMINOVA.roldescripcion",
  "pk": 2,
  "fields": {
    "group": 2,
    "descripcion": "Creación y seguimiento de las órdenes de producción, por lo que tiene acceso al módulo de Ventas. Su nivel de acceso es intermedio, ya que puede crear y modificar información específica."
  }
},
{
  "model": "App_LUMINOVA.roldescripcion",
  "pk": 3,
  "fields": {
    "group": 3,
    "descripcion": "Este rol tiene acceso a todos los módulos y funciones del sistema, incluyendo la gestión de usuarios, roles y la configuración general. Su nivel de acceso es el más alto."
  }
},
{
  "model": "App_LUMINOVA.roldescripcion",
  "pk": 4,
  "fields": {
    "group": 4,
    "descripcion": "Este rol necesita ver las órdenes de producción para saber qué ensamblar y también debe tener visibilidad del stock de componentes en el Depósito. Su nivel de acceso es básico, ya que principalmente consume información."
  }
},
{
  "model": "App_LUMINOVA.roldescripcion",
  "pk": 6,
  "fields": {
    "group": 6,
    "descripcion": "Este rol gestiona el inventario de componentes y se encarga de preparar los envíos, lo que lo relaciona con el módulo de Depósito y podría necesitar información de las órdenes de compra (Compras). Su nivel de acceso es intermedio debido a la gestión de inventario."
  }
},
{
  "model": "App_LUMINOVA.auditoriaacceso",
  "pk": 1,
  "fields": {
    "usuario": 1,
    "empresa": 1,
    "accion": "Inicio de sesión",
    "fecha_hora": "2025-05-24T11:11:02.050Z",
    "ip_address": null,
    "user_agent": null
  }
},
{
  "model": "App_LUMINOVA.auditoriaacceso",
  "pk": 2,
  "fields": {
    "usuario": null,
    "empresa": 1,
    "accion": "Inicio de sesión",
    "fecha_hora": "2025-05-24T11:43:26.417Z",
    "ip_address": null,
    "user_agent": null
  }
},
{
  "model": "App_LUMINOVA.auditoriaacceso",
  "pk": 3,
  "fields": {
    "usuario": 1,
    "empresa": 1,
    "accion": "Inicio de sesión",
    "fecha_hora": "2025-05-24T13:42:47.453Z",
    "ip_address": null,
    "user_agent": null
  }
},
{
  "model": "App_LUMINOVA.auditoriaacceso",
  "pk": 4,
  "fields": {
    "usuario": 1,
    "empresa": 1,
    "accion": "Inicio de sesión",
    "fecha_hora": "2025-05-24T22:31:57.021Z",
    "ip_address": null,
    "user_agent": null
  }
},
{
  "model": "App_LUMINOVA.auditoriaacceso",
  "pk": 5,
  "fields": {
    "usuario": 1,
    "empresa": 1,
    "accion": "Inicio de sesión",
    "fecha_hora": "2025-05-26T21:21:34.801Z",
    "ip_address": null,
    "user_agent": null
  }
},
{
  "model": "App_LUMINOVA.auditoriaacceso",
  "pk": 6,
  "fields": {
    "usuario": 1,
    "empresa": 1,
    "accion": "Inicio de sesión",
    "fecha_hora": "2025-05-27T15:42:23.736Z",
    "ip_address": null,
    "user_agent": null
  }
},
{
  "model": "App_LUMINOVA.auditoriaacceso",
  "pk": 7,
  "fields": {
    "usuario": 1,
    "empresa": 1,
    "accion": "Inicio de sesión",
    "fecha_hora": "2025-05-27T15:55:13.982Z",
    "ip_address": null,
    "user_agent": null
  }
},
{
  "model": "App_LUMINOVA.auditoriaacceso",
  "pk": 8,
  "fields": {
    "usuario": 1,
    "empresa": 1,
    "accion": "Inicio de sesión",
    "fecha_hora": "2025-05-27T16:56:53.180Z",
    "ip_address": null,
    "user_agent": null
  }
},
{
  "model": "App_LUMINOVA.auditoriaacceso",
  "pk": 9,
  "fields": {
    "usuario": 1,
    "empresa": 1,
    "accion": "Inicio de sesión",
    "fecha_hora": "2025-05-27T19:13:41.503Z",
    "ip_address": null,
    "user_agent": null
  }
},
{
  "model": "App_LUMINOVA.auditoriaacceso",
  "pk": 10,
  "fields": {
    "usuario": 1,
    "empresa": 1,
    "accion": "Inicio de sesión",
    "fecha_hora": "2025-05-27T20:22:46.813Z",
    "ip_address": null,
    "user_agent": null
  }
},
{
  "model": "App_LUMINOVA.auditoriaacceso",
  "pk": 11,
  "fields": {
    "usuario": 1,
    "empresa": 1,
    "accion": "Inicio de sesión",
    "fecha_hora": "2025-06-01T00:25:25.029Z",
    "ip_address": null,
    "user_agent": null
  }
},
{
  "model": "App_LUMINOVA.auditoriaacceso",
  "pk": 12,
  "fields": {
    "usuario": 1,
    "empresa": 1,
    "accion": "Inicio de sesión",
    "fecha_hora": "2025-06-03T00:20:02.514Z",
    "ip_address": null,
    "user_agent": null
  }
},
{
  "model": "App_LUMINOVA.auditoriaacceso",
  "pk": 13,
  "fields": {
    "usuario": 1,
    "empresa": 1,
    "accion": "Inicio de sesión",
    "fecha_hora": "2025-06-13T21:21:05.815Z",
    "ip_address": null,
    "user_agent": null
  }
},
{
  "model": "App_LUMINOVA.auditoriaacceso",
  "pk": 14,
  "fields": {
    "usuario": 1,
    "empresa": 1,
    "accion": "Inicio de sesión",
    "fecha_hora": "2025-06-14T20:26:55.551Z",
    "ip_address": null,
    "user_agent": null
  }
},
{
  "model": "App_LUMINOVA.auditoriaacceso",
  "pk": 15,
  "fields": {
    "usuario": 1,
    "empresa": 1,
    "accion": "Inicio de sesión",
    "fecha_hora": "2025-06-14T21:36:35.476Z",
    "ip_address": null,
    "user_agent": null
  }
},
{
  "model": "App_LUMINOVA.auditoriaacceso",
  "pk": 16,
  "fields": {
    "usuario": 1,
    "empresa": 1,
    "accion": "Inicio de sesión",
    "fecha_hora": "2025-06-16T17:09:53.692Z",
    "ip_address": null,
    "user_agent": null
  }
},
{
  "model": "App_LUMINOVA.auditoriaacceso",
  "pk": 17,
  "fields": {
    "usuario": 1,
    "empresa": 1,
    "accion": "Inicio de sesión",
    "fecha_hora": "2025-06-16T17:10:21.571Z",
    "ip_address": null,
    "user_agent": null
  }
},
{
  "model": "App_LUMINOVA.auditoriaacceso",
  "pk": 18,
  "fields": {
    "usuario": 1,
    "empresa": 1,
    "accion": "Inicio de sesión",
    "fecha_hora": "2025-06-17T06:04:44.799Z",
    "ip_address": null,
    "user_agent": null
  }
},
{
  "model": "App_LUMINOVA.auditoriaacceso",
  "pk": 19,
  "fields": {
    "usuario": 1,
    "empresa": 1,
    "accion": "Inicio de sesión",
    "fecha_hora": "2025-06-17T06:04:59.652Z",
    "ip_address": null,
    "user_agent": null
  }
},
{
  "model": "App_LUMINOVA.auditoriaacceso",
  "pk": 20,
  "fields": {
    "usuario": 1,
    "empresa": 1,
    "accion": "Inicio de sesión",
    "fecha_hora": "2025-06-17T23:39:53.510Z",
    "ip_address": null,
    "user_agent": null
  }
},
{
  "model": "App_LUMINOVA.auditoriaacceso",
  "pk": 21,
  "fields": {
    "usuario": null,
    "empresa": 1,
    "accion": "Inicio de sesión",
    "fecha_hora": "2025-06-18T01:16:57.907Z",
    "ip_address": null,
    "user_agent": null
  }
},
{
  "model": "App_LUMINOVA.auditoriaacceso",
  "pk": 22,
  "fields": {
    "usuario": 1,
    "empresa": 1,
    "accion": "Inicio de sesión",
    "fecha_hora": "2025-06-18T01:25:45.490Z",
    "ip_address": null,
    "user_agent": null
  }
},
{
  "model": "App_LUMINOVA.auditoriaacceso",
  "pk": 23,
  "fields": {
    "usuario": 8,
    "empresa": 1,
    "accion": "Inicio de sesión",
    "fecha_hora": "2025-06-18T01:27:03.030Z",
    "ip_address": null,
    "user_agent": null
  }
},
{
  "model": "App_LUMINOVA.auditoriaacceso",
  "pk": 24,
  "fields": {
    "usuario": 1,
    "empresa": 1,
    "accion": "Inicio de sesión",
    "fecha_hora": "2025-06-18T14:11:55.409Z",
    "ip_address": null,
    "user_agent": null
  }
},
{
  "model": "App_LUMINOVA.auditoriaacceso",
  "pk": 25,
  "fields": {
    "usuario": 8,
    "empresa": 1,
    "accion": "Inicio de sesión",
    "fecha_hora": "2025-06-18T14:16:43.670Z",
    "ip_address": null,
    "user_agent": null
  }
},
{
  "model": "App_LUMINOVA.auditoriaacceso",
  "pk": 26,
  "fields": {
    "usuario": 1,
    "empresa": 1,
    "accion": "Inicio de sesión",
    "fecha_hora": "2025-06-18T14:16:56.403Z",
    "ip_address": null,
    "user_agent": null
  }
},
{
  "model": "App_LUMINOVA.auditoriaacceso",
  "pk": 27,
  "fields": {
    "usuario": 1,
    "empresa": 1,
    "accion": "Inicio de sesión",
    "fecha_hora": "2025-06-18T14:17:11.812Z",
    "ip_address": null,
    "user_agent": null
  }
},
{
  "model": "App_LUMINOVA.auditoriaacceso",
  "pk": 28,
  "fields": {
    "usuario": 8,
    "empresa": 1,
    "accion": "Inicio de sesión",
    "fecha_hora": "2025-06-18T14:23:40.030Z",
    "ip_address": null,
    "user_agent": null
  }
},
{
  "model": "App_LUMINOVA.auditoriaacceso",
  "pk": 29,
  "fields": {
    "usuario": 1,
    "empresa": 1,
    "accion": "Inicio de sesión",
    "fecha_hora": "2025-06-18T14:23:51.269Z",
    "ip_address": null,
    "user_agent": null
  }
},
{
  "model": "App_LUMINOVA.auditoriaacceso",
  "pk": 30,
  "fields": {
    "usuario": 1,
    "empresa": 1,
    "accion": "Inicio de sesión",
    "fecha_hora": "2025-06-18T14:25:24.474Z",
    "ip_address": null,
    "user_agent": null
  }
},
{
  "model": "App_LUMINOVA.auditoriaacceso",
  "pk": 31,
  "fields": {
    "usuario": 8,
    "empresa": 1,
    "accion": "Inicio de sesión",
    "fecha_hora": "2025-06-18T14:25:30.408Z",
    "ip_address": null,
    "user_agent": null
  }
},
{
  "model": "App_LUMINOVA.auditoriaacceso",
  "pk": 32,
  "fields": {
    "usuario": 1,
    "empresa": 1,
    "accion": "Inicio de sesión",
    "fecha_hora": "2025-06-18T14:25:35.552Z",
    "ip_address": null,
    "user_agent": null
  }
},
{
  "model": "App_LUMINOVA.auditoriaacceso",
  "pk": 33,
  "fields": {
    "usuario": 1,
    "empresa": 1,
    "accion": "Cierre de sesión",
    "fecha_hora": "2025-06-18T14:28:00.787Z",
    "ip_address": "127.0.0.1",
    "user_agent": "Mozilla/5.0 (X11; Ubuntu; Linux x86_64; rv:139.0) Gecko/20100101 Firefox/139.0"
  }
},
{
  "model": "App_LUMINOVA.auditoriaacceso",
  "pk": 34,
  "fields": {
    "usuario": 8,
    "empresa": 1,
    "accion": "Inicio de sesión",
    "fecha_hora": "2025-06-18T14:28:05.501Z",
    "ip_address": null,
    "user_agent": null
  }
},
{
  "model": "App_LUMINOVA.auditoriaacceso",
  "pk": 35,
  "fields": {
    "usuario": 8,
    "empresa": 1,
    "accion": "Cierre de sesión",
    "fecha_hora": "2025-06-18T14:28:14.756Z",
    "ip_address": "127.0.0.1",
    "user_agent": "Mozilla/5.0 (X11; Ubuntu; Linux x86_64; rv:139.0) Gecko/20100101 Firefox/139.0"
  }
},
{
  "model": "App_LUMINOVA.auditoriaacceso",
  "pk": 36,
  "fields": {
    "usuario": 1,
    "empresa": 1,
    "accion": "Inicio de sesión",
    "fecha_hora": "2025-06-18T14:28:17.376Z",
    "ip_address": null,
    "user_agent": null
  }
},
{
  "model": "App_LUMINOVA.auditoriaacceso",
  "pk": 37,
  "fields": {
    "usuario": 1,
    "empresa": 1,
    "accion": "Cierre de sesión",
    "fecha_hora": "2025-06-18T14:31:15.700Z",
    "ip_address": "127.0.0.1",
    "user_agent": "Mozilla/5.0 (X11; Ubuntu; Linux x86_64; rv:139.0) Gecko/20100101 Firefox/139.0"
  }
},
{
  "model": "App_LUMINOVA.auditoriaacceso",
  "pk": 38,
  "fields": {
    "usuario": 1,
    "empresa": 1,
    "accion": "Inicio de sesión",
    "fecha_hora": "2025-06-18T14:31:18.731Z",
    "ip_address": "127.0.0.1",
    "user_agent": "Mozilla/5.0 (X11; Ubuntu; Linux x86_64; rv:139.0) Gecko/20100101 Firefox/139.0"
  }
},
{
  "model": "App_LUMINOVA.auditoriaacceso",
  "pk": 39,
  "fields": {
    "usuario": 1,
    "empresa": 1,
    "accion": "Cierre de sesión",
    "fecha_hora": "2025-06-18T14:31:23.345Z",
    "ip_address": "127.0.0.1",
    "user_agent": "Mozilla/5.0 (X11; Ubuntu; Linux x86_64; rv:139.0) Gecko/20100101 Firefox/139.0"
  }
},
{
  "model": "App_LUMINOVA.auditoriaacceso",
  "pk": 40,
  "fields": {
    "usuario": 8,
    "empresa": 1,
    "accion": "Inicio de sesión",
    "fecha_hora": "2025-06-18T14:31:26.079Z",
    "ip_address": "127.0.0.1",
    "user_agent": "Mozilla/5.0 (X11; Ubuntu; Linux x86_64; rv:139.0) Gecko/20100101 Firefox/139.0"
  }
},
{
  "model": "App_LUMINOVA.auditoriaacceso",
  "pk": 41,
  "fields": {
    "usuario": 8,
    "empresa": 1,
    "accion": "Cierre de sesión",
    "fecha_hora": "2025-06-18T14:31:38.728Z",
    "ip_address": "127.0.0.1",
    "user_agent": "Mozilla/5.0 (X11; Ubuntu; Linux x86_64; rv:139.0) Gecko/20100101 Firefox/139.0"
  }
},
{
  "model": "App_LUMINOVA.auditoriaacceso",
  "pk": 42,
  "fields": {
    "usuario": 1,
    "empresa": 1,
    "accion": "Inicio de sesión",
    "fecha_hora": "2025-06-18T14:31:41.899Z",
    "ip_address": "127.0.0.1",
    "user_agent": "Mozilla/5.0 (X11; Ubuntu; Linux x86_64; rv:139.0) Gecko/20100101 Firefox/139.0"
  }
},
{
  "model": "App_LUMINOVA.auditoriaacceso",
  "pk": 43,
  "fields": {
    "usuario": 1,
    "empresa": 1,
    "accion": "Inicio de sesión",
    "fecha_hora": "2025-06-18T15:12:48.202Z",
    "ip_address": "127.0.0.1",
    "user_agent": "Mozilla/5.0 (X11; Ubuntu; Linux x86_64; rv:139.0) Gecko/20100101 Firefox/139.0"
  }
},
{
  "model": "App_LUMINOVA.auditoriaacceso",
  "pk": 44,
  "fields": {
    "usuario": 1,
    "empresa": 1,
    "accion": "Inicio de sesión",
    "fecha_hora": "2025-06-18T20:09:28.901Z",
    "ip_address": "127.0.0.1",
    "user_agent": "Mozilla/5.0 (Windows NT 10.0; Win64; x64) AppleWebKit/537.36 (KHTML, like Gecko) Chrome/134.0.0.0 Safari/537.36 OPR/119.0.0.0"
  }
},
{
  "model": "App_LUMINOVA.auditoriaacceso",
  "pk": 45,
  "fields": {
    "usuario": 1,
    "empresa": 1,
    "accion": "Cierre de sesión",
    "fecha_hora": "2025-06-18T20:11:21.644Z",
    "ip_address": "127.0.0.1",
    "user_agent": "Mozilla/5.0 (Windows NT 10.0; Win64; x64) AppleWebKit/537.36 (KHTML, like Gecko) Chrome/134.0.0.0 Safari/537.36 OPR/119.0.0.0"
  }
},
{
  "model": "App_LUMINOVA.auditoriaacceso",
  "pk": 46,
  "fields": {
    "usuario": 1,
    "empresa": 1,
    "accion": "Inicio de sesión",
    "fecha_hora": "2025-06-18T20:11:50.221Z",
    "ip_address": "127.0.0.1",
    "user_agent": "Mozilla/5.0 (Windows NT 10.0; Win64; x64) AppleWebKit/537.36 (KHTML, like Gecko) Chrome/134.0.0.0 Safari/537.36 OPR/119.0.0.0"
  }
},
{
  "model": "App_LUMINOVA.auditoriaacceso",
  "pk": 47,
  "fields": {
    "usuario": 1,
    "empresa": 1,
    "accion": "Inicio de sesión",
    "fecha_hora": "2025-06-18T20:14:44.692Z",
    "ip_address": "127.0.0.1",
    "user_agent": "Mozilla/5.0 (Windows NT 10.0; Win64; x64) AppleWebKit/537.36 (KHTML, like Gecko) Chrome/137.0.0.0 Safari/537.36"
  }
},
{
  "model": "App_LUMINOVA.auditoriaacceso",
  "pk": 48,
  "fields": {
    "usuario": 1,
    "empresa": 1,
    "accion": "Cierre de sesión",
    "fecha_hora": "2025-06-18T20:14:54.928Z",
    "ip_address": "127.0.0.1",
    "user_agent": "Mozilla/5.0 (Windows NT 10.0; Win64; x64) AppleWebKit/537.36 (KHTML, like Gecko) Chrome/137.0.0.0 Safari/537.36"
  }
},
{
  "model": "App_LUMINOVA.auditoriaacceso",
  "pk": 49,
  "fields": {
    "usuario": 1,
    "empresa": 1,
    "accion": "Cierre de sesión",
    "fecha_hora": "2025-06-18T20:24:34.211Z",
    "ip_address": "127.0.0.1",
    "user_agent": "Mozilla/5.0 (Windows NT 10.0; Win64; x64) AppleWebKit/537.36 (KHTML, like Gecko) Chrome/134.0.0.0 Safari/537.36 OPR/119.0.0.0"
  }
},
{
  "model": "App_LUMINOVA.auditoriaacceso",
  "pk": 50,
  "fields": {
    "usuario": 9,
    "empresa": 1,
    "accion": "Inicio de sesión",
    "fecha_hora": "2025-06-18T20:24:54.166Z",
    "ip_address": "127.0.0.1",
    "user_agent": "Mozilla/5.0 (Windows NT 10.0; Win64; x64) AppleWebKit/537.36 (KHTML, like Gecko) Chrome/134.0.0.0 Safari/537.36 OPR/119.0.0.0"
  }
},
{
  "model": "App_LUMINOVA.auditoriaacceso",
  "pk": 51,
  "fields": {
    "usuario": 1,
    "empresa": 1,
    "accion": "Cierre de sesión",
    "fecha_hora": "2025-06-18T22:21:22.723Z",
    "ip_address": "127.0.0.1",
    "user_agent": "Mozilla/5.0 (X11; Ubuntu; Linux x86_64; rv:139.0) Gecko/20100101 Firefox/139.0"
  }
},
{
  "model": "App_LUMINOVA.auditoriaacceso",
  "pk": 52,
  "fields": {
    "usuario": 1,
    "empresa": 1,
    "accion": "Inicio de sesión",
    "fecha_hora": "2025-06-18T22:21:25.556Z",
    "ip_address": "127.0.0.1",
    "user_agent": "Mozilla/5.0 (X11; Ubuntu; Linux x86_64; rv:139.0) Gecko/20100101 Firefox/139.0"
  }
},
{
  "model": "App_LUMINOVA.auditoriaacceso",
  "pk": 53,
  "fields": {
    "usuario": 1,
    "empresa": 1,
    "accion": "Inicio de sesión",
    "fecha_hora": "2025-06-19T23:52:56.441Z",
    "ip_address": "127.0.0.1",
    "user_agent": "Mozilla/5.0 (Windows NT 10.0; Win64; x64) AppleWebKit/537.36 (KHTML, like Gecko) Chrome/134.0.0.0 Safari/537.36 OPR/119.0.0.0"
  }
},
{
  "model": "App_LUMINOVA.auditoriaacceso",
  "pk": 54,
  "fields": {
    "usuario": 1,
    "empresa": 1,
    "accion": "Inicio de sesión",
    "fecha_hora": "2025-06-20T00:06:44.338Z",
    "ip_address": "127.0.0.1",
    "user_agent": "Mozilla/5.0 (X11; Ubuntu; Linux x86_64; rv:139.0) Gecko/20100101 Firefox/139.0"
  }
},
{
  "model": "App_LUMINOVA.auditoriaacceso",
  "pk": 55,
  "fields": {
    "usuario": 1,
    "empresa": 1,
    "accion": "Cierre de sesión",
    "fecha_hora": "2025-06-20T00:46:44.495Z",
    "ip_address": "127.0.0.1",
    "user_agent": "Mozilla/5.0 (Windows NT 10.0; Win64; x64) AppleWebKit/537.36 (KHTML, like Gecko) Chrome/134.0.0.0 Safari/537.36 OPR/119.0.0.0"
  }
},
{
  "model": "App_LUMINOVA.auditoriaacceso",
  "pk": 56,
  "fields": {
    "usuario": 1,
    "empresa": 1,
    "accion": "Inicio de sesión",
    "fecha_hora": "2025-06-20T00:46:47.469Z",
    "ip_address": "127.0.0.1",
    "user_agent": "Mozilla/5.0 (Windows NT 10.0; Win64; x64) AppleWebKit/537.36 (KHTML, like Gecko) Chrome/134.0.0.0 Safari/537.36 OPR/119.0.0.0"
  }
},
{
  "model": "App_LUMINOVA.auditoriaacceso",
  "pk": 57,
  "fields": {
    "usuario": 1,
    "empresa": 1,
    "accion": "Cierre de sesión",
    "fecha_hora": "2025-06-20T10:52:09.429Z",
    "ip_address": "127.0.0.1",
    "user_agent": "Mozilla/5.0 (X11; Ubuntu; Linux x86_64; rv:139.0) Gecko/20100101 Firefox/139.0"
  }
},
{
  "model": "App_LUMINOVA.auditoriaacceso",
  "pk": 58,
  "fields": {
    "usuario": 8,
    "empresa": 1,
    "accion": "Inicio de sesión",
    "fecha_hora": "2025-06-20T10:52:12.452Z",
    "ip_address": "127.0.0.1",
    "user_agent": "Mozilla/5.0 (X11; Ubuntu; Linux x86_64; rv:139.0) Gecko/20100101 Firefox/139.0"
  }
},
{
  "model": "App_LUMINOVA.auditoriaacceso",
  "pk": 59,
  "fields": {
    "usuario": 8,
    "empresa": 1,
    "accion": "Cierre de sesión",
    "fecha_hora": "2025-06-20T10:52:21.645Z",
    "ip_address": "127.0.0.1",
    "user_agent": "Mozilla/5.0 (X11; Ubuntu; Linux x86_64; rv:139.0) Gecko/20100101 Firefox/139.0"
  }
},
{
  "model": "App_LUMINOVA.auditoriaacceso",
  "pk": 60,
  "fields": {
    "usuario": 1,
    "empresa": 1,
    "accion": "Inicio de sesión",
    "fecha_hora": "2025-06-20T10:52:24.223Z",
    "ip_address": "127.0.0.1",
    "user_agent": "Mozilla/5.0 (X11; Ubuntu; Linux x86_64; rv:139.0) Gecko/20100101 Firefox/139.0"
  }
},
{
  "model": "App_LUMINOVA.auditoriaacceso",
  "pk": 61,
  "fields": {
    "usuario": 1,
    "empresa": 1,
    "accion": "Inicio de sesión",
    "fecha_hora": "2025-06-20T12:14:41.211Z",
    "ip_address": "127.0.0.1",
    "user_agent": "Mozilla/5.0 (X11; Ubuntu; Linux x86_64; rv:139.0) Gecko/20100101 Firefox/139.0"
  }
},
{
  "model": "App_LUMINOVA.auditoriaacceso",
  "pk": 62,
  "fields": {
    "usuario": 1,
    "empresa": 1,
    "accion": "Cierre de sesión",
    "fecha_hora": "2025-06-20T12:23:21.247Z",
    "ip_address": "127.0.0.1",
    "user_agent": "Mozilla/5.0 (X11; Ubuntu; Linux x86_64; rv:139.0) Gecko/20100101 Firefox/139.0"
  }
},
{
  "model": "App_LUMINOVA.auditoriaacceso",
  "pk": 63,
  "fields": {
    "usuario": 8,
    "empresa": 1,
    "accion": "Inicio de sesión",
    "fecha_hora": "2025-06-20T12:23:24.856Z",
    "ip_address": "127.0.0.1",
    "user_agent": "Mozilla/5.0 (X11; Ubuntu; Linux x86_64; rv:139.0) Gecko/20100101 Firefox/139.0"
  }
},
{
  "model": "App_LUMINOVA.auditoriaacceso",
  "pk": 64,
  "fields": {
    "usuario": 8,
    "empresa": 1,
    "accion": "Cierre de sesión",
    "fecha_hora": "2025-06-20T12:23:38.016Z",
    "ip_address": "127.0.0.1",
    "user_agent": "Mozilla/5.0 (X11; Ubuntu; Linux x86_64; rv:139.0) Gecko/20100101 Firefox/139.0"
  }
},
{
  "model": "App_LUMINOVA.auditoriaacceso",
  "pk": 65,
  "fields": {
    "usuario": 1,
    "empresa": 1,
    "accion": "Inicio de sesión",
    "fecha_hora": "2025-06-20T12:23:40.605Z",
    "ip_address": "127.0.0.1",
    "user_agent": "Mozilla/5.0 (X11; Ubuntu; Linux x86_64; rv:139.0) Gecko/20100101 Firefox/139.0"
  }
},
{
  "model": "App_LUMINOVA.auditoriaacceso",
  "pk": 66,
  "fields": {
    "usuario": 1,
    "empresa": 1,
    "accion": "Cierre de sesión",
    "fecha_hora": "2025-06-20T18:28:05.983Z",
    "ip_address": "127.0.0.1",
    "user_agent": "Mozilla/5.0 (Windows NT 10.0; Win64; x64) AppleWebKit/537.36 (KHTML, like Gecko) Chrome/134.0.0.0 Safari/537.36 OPR/119.0.0.0"
  }
},
{
  "model": "App_LUMINOVA.auditoriaacceso",
  "pk": 67,
  "fields": {
    "usuario": 1,
    "empresa": 1,
    "accion": "Inicio de sesión",
    "fecha_hora": "2025-06-20T18:28:37.717Z",
    "ip_address": "127.0.0.1",
    "user_agent": "Mozilla/5.0 (Windows NT 10.0; Win64; x64) AppleWebKit/537.36 (KHTML, like Gecko) Chrome/134.0.0.0 Safari/537.36 OPR/119.0.0.0"
  }
},
{
  "model": "App_LUMINOVA.auditoriaacceso",
  "pk": 68,
  "fields": {
    "usuario": 1,
    "empresa": 1,
    "accion": "Inicio de sesión",
    "fecha_hora": "2025-06-20T22:05:18.513Z",
    "ip_address": "127.0.0.1",
    "user_agent": "Mozilla/5.0 (Windows NT 10.0; Win64; x64) AppleWebKit/537.36 (KHTML, like Gecko) Chrome/134.0.0.0 Safari/537.36 OPR/119.0.0.0"
  }
},
{
  "model": "App_LUMINOVA.auditoriaacceso",
  "pk": 69,
  "fields": {
    "usuario": 1,
    "empresa": 1,
    "accion": "Inicio de sesión",
    "fecha_hora": "2025-06-20T22:27:11.578Z",
    "ip_address": "127.0.0.1",
    "user_agent": "Mozilla/5.0 (Windows NT 10.0; Win64; x64) AppleWebKit/537.36 (KHTML, like Gecko) Chrome/137.0.0.0 Safari/537.36"
  }
},
{
  "model": "App_LUMINOVA.auditoriaacceso",
  "pk": 70,
  "fields": {
    "usuario": 1,
    "empresa": 1,
    "accion": "Inicio de sesión",
    "fecha_hora": "2025-06-25T23:53:29.330Z",
    "ip_address": "127.0.0.1",
    "user_agent": "Mozilla/5.0 (X11; Ubuntu; Linux x86_64; rv:139.0) Gecko/20100101 Firefox/139.0"
  }
},
{
  "model": "App_LUMINOVA.auditoriaacceso",
  "pk": 71,
  "fields": {
    "usuario": 1,
    "empresa": 1,
    "accion": "Cierre de sesión",
    "fecha_hora": "2025-07-04T20:13:54.398Z",
    "ip_address": "127.0.0.1",
    "user_agent": "Mozilla/5.0 (X11; Ubuntu; Linux x86_64; rv:140.0) Gecko/20100101 Firefox/140.0"
  }
},
{
  "model": "App_LUMINOVA.auditoriaacceso",
  "pk": 72,
  "fields": {
    "usuario": 1,
    "empresa": 1,
    "accion": "Inicio de sesión",
    "fecha_hora": "2025-07-04T20:14:03.413Z",
    "ip_address": "127.0.0.1",
    "user_agent": "Mozilla/5.0 (X11; Ubuntu; Linux x86_64; rv:140.0) Gecko/20100101 Firefox/140.0"
  }
},
{
  "model": "App_LUMINOVA.auditoriaacceso",
  "pk": 73,
  "fields": {
    "usuario": 1,
    "empresa": 1,
    "accion": "Inicio de sesión",
    "fecha_hora": "2025-07-29T10:40:08.685Z",
    "ip_address": "127.0.0.1",
    "user_agent": "Mozilla/5.0 (X11; Linux x86_64) AppleWebKit/537.36 (KHTML, like Gecko) Chrome/135.0.0.0 Safari/537.36 OPR/120.0.0.0"
  }
},
{
  "model": "App_LUMINOVA.auditoriaacceso",
  "pk": 74,
  "fields": {
    "usuario": 1,
    "empresa": 1,
    "accion": "Cierre de sesión",
    "fecha_hora": "2025-07-29T14:33:22.438Z",
    "ip_address": "127.0.0.1",
    "user_agent": "Mozilla/5.0 (X11; Linux x86_64) AppleWebKit/537.36 (KHTML, like Gecko) Chrome/135.0.0.0 Safari/537.36 OPR/120.0.0.0"
  }
},
{
  "model": "App_LUMINOVA.auditoriaacceso",
  "pk": 75,
  "fields": {
    "usuario": 1,
    "empresa": 1,
    "accion": "Inicio de sesión",
    "fecha_hora": "2025-07-29T14:33:29.565Z",
    "ip_address": "127.0.0.1",
    "user_agent": "Mozilla/5.0 (X11; Linux x86_64) AppleWebKit/537.36 (KHTML, like Gecko) Chrome/135.0.0.0 Safari/537.36 OPR/120.0.0.0"
  }
},
{
  "model": "App_LUMINOVA.auditoriaacceso",
  "pk": 76,
  "fields": {
    "usuario": 1,
    "empresa": 1,
    "accion": "Inicio de sesión",
    "fecha_hora": "2025-07-30T13:03:59.548Z",
    "ip_address": "127.0.0.1",
    "user_agent": "Mozilla/5.0 (X11; Linux x86_64) AppleWebKit/537.36 (KHTML, like Gecko) Chrome/135.0.0.0 Safari/537.36 OPR/120.0.0.0"
  }
},
{
  "model": "App_LUMINOVA.auditoriaacceso",
  "pk": 77,
  "fields": {
    "usuario": 1,
    "empresa": 1,
    "accion": "Inicio de sesión",
    "fecha_hora": "2025-07-31T15:59:32.035Z",
    "ip_address": "127.0.0.1",
    "user_agent": "Mozilla/5.0 (X11; Linux x86_64) AppleWebKit/537.36 (KHTML, like Gecko) Chrome/138.0.0.0 Safari/537.36"
  }
},
{
  "model": "App_LUMINOVA.auditoriaacceso",
  "pk": 78,
  "fields": {
    "usuario": 1,
    "empresa": 1,
    "accion": "Inicio de sesión",
    "fecha_hora": "2025-08-01T10:34:17.743Z",
    "ip_address": "127.0.0.1",
    "user_agent": "Mozilla/5.0 (X11; Linux x86_64) AppleWebKit/537.36 (KHTML, like Gecko) Chrome/138.0.0.0 Safari/537.36"
  }
},
{
  "model": "App_LUMINOVA.auditoriaacceso",
  "pk": 79,
  "fields": {
    "usuario": 1,
    "empresa": 1,
    "accion": "Cierre de sesión",
    "fecha_hora": "2025-08-01T13:30:35.410Z",
    "ip_address": "127.0.0.1",
    "user_agent": "Mozilla/5.0 (X11; Linux x86_64) AppleWebKit/537.36 (KHTML, like Gecko) Chrome/138.0.0.0 Safari/537.36"
  }
},
{
  "model": "App_LUMINOVA.auditoriaacceso",
  "pk": 80,
  "fields": {
    "usuario": 1,
    "empresa": 1,
    "accion": "Inicio de sesión",
    "fecha_hora": "2025-08-01T13:30:43.410Z",
    "ip_address": "127.0.0.1",
    "user_agent": "Mozilla/5.0 (X11; Linux x86_64) AppleWebKit/537.36 (KHTML, like Gecko) Chrome/138.0.0.0 Safari/537.36"
  }
},
{
  "model": "App_LUMINOVA.auditoriaacceso",
  "pk": 81,
  "fields": {
    "usuario": 1,
    "empresa": 1,
    "accion": "Cierre de sesión",
    "fecha_hora": "2025-08-01T13:31:48.394Z",
    "ip_address": "127.0.0.1",
    "user_agent": "Mozilla/5.0 (X11; Linux x86_64) AppleWebKit/537.36 (KHTML, like Gecko) Chrome/138.0.0.0 Safari/537.36"
  }
},
{
  "model": "App_LUMINOVA.auditoriaacceso",
  "pk": 82,
  "fields": {
    "usuario": 8,
    "empresa": 1,
    "accion": "Inicio de sesión",
    "fecha_hora": "2025-08-01T13:31:55.607Z",
    "ip_address": "127.0.0.1",
    "user_agent": "Mozilla/5.0 (X11; Linux x86_64) AppleWebKit/537.36 (KHTML, like Gecko) Chrome/138.0.0.0 Safari/537.36"
  }
},
{
  "model": "App_LUMINOVA.auditoriaacceso",
  "pk": 83,
  "fields": {
    "usuario": 8,
    "empresa": 1,
    "accion": "Cierre de sesión",
    "fecha_hora": "2025-08-01T13:45:29.026Z",
    "ip_address": "127.0.0.1",
    "user_agent": "Mozilla/5.0 (X11; Linux x86_64) AppleWebKit/537.36 (KHTML, like Gecko) Chrome/138.0.0.0 Safari/537.36"
  }
},
{
  "model": "App_LUMINOVA.auditoriaacceso",
  "pk": 84,
  "fields": {
    "usuario": 1,
    "empresa": 1,
    "accion": "Inicio de sesión",
    "fecha_hora": "2025-08-01T13:45:32.376Z",
    "ip_address": "127.0.0.1",
    "user_agent": "Mozilla/5.0 (X11; Linux x86_64) AppleWebKit/537.36 (KHTML, like Gecko) Chrome/138.0.0.0 Safari/537.36"
  }
},
{
  "model": "App_LUMINOVA.auditoriaacceso",
  "pk": 85,
  "fields": {
    "usuario": 1,
    "empresa": 1,
    "accion": "Cierre de sesión",
    "fecha_hora": "2025-08-01T13:51:37.617Z",
    "ip_address": "127.0.0.1",
    "user_agent": "Mozilla/5.0 (X11; Linux x86_64) AppleWebKit/537.36 (KHTML, like Gecko) Chrome/138.0.0.0 Safari/537.36"
  }
},
{
  "model": "App_LUMINOVA.auditoriaacceso",
  "pk": 86,
  "fields": {
    "usuario": 8,
    "empresa": 1,
    "accion": "Inicio de sesión",
    "fecha_hora": "2025-08-01T13:51:43.050Z",
    "ip_address": "127.0.0.1",
    "user_agent": "Mozilla/5.0 (X11; Linux x86_64) AppleWebKit/537.36 (KHTML, like Gecko) Chrome/138.0.0.0 Safari/537.36"
  }
},
{
  "model": "App_LUMINOVA.auditoriaacceso",
  "pk": 87,
  "fields": {
    "usuario": 8,
    "empresa": 1,
    "accion": "Cierre de sesión",
    "fecha_hora": "2025-08-01T13:52:02.777Z",
    "ip_address": "127.0.0.1",
    "user_agent": "Mozilla/5.0 (X11; Linux x86_64) AppleWebKit/537.36 (KHTML, like Gecko) Chrome/138.0.0.0 Safari/537.36"
  }
},
{
  "model": "App_LUMINOVA.auditoriaacceso",
  "pk": 88,
  "fields": {
    "usuario": 1,
    "empresa": 1,
    "accion": "Inicio de sesión",
    "fecha_hora": "2025-08-01T13:52:06.932Z",
    "ip_address": "127.0.0.1",
    "user_agent": "Mozilla/5.0 (X11; Linux x86_64) AppleWebKit/537.36 (KHTML, like Gecko) Chrome/138.0.0.0 Safari/537.36"
  }
},
{
  "model": "App_LUMINOVA.auditoriaacceso",
  "pk": 89,
  "fields": {
    "usuario": 1,
    "empresa": 1,
    "accion": "Cierre de sesión",
    "fecha_hora": "2025-08-01T13:53:20.440Z",
    "ip_address": "127.0.0.1",
    "user_agent": "Mozilla/5.0 (X11; Linux x86_64) AppleWebKit/537.36 (KHTML, like Gecko) Chrome/138.0.0.0 Safari/537.36"
  }
},
{
  "model": "App_LUMINOVA.auditoriaacceso",
  "pk": 90,
  "fields": {
    "usuario": 1,
    "empresa": 1,
    "accion": "Inicio de sesión",
    "fecha_hora": "2025-08-01T13:53:28.759Z",
    "ip_address": "127.0.0.1",
    "user_agent": "Mozilla/5.0 (X11; Linux x86_64) AppleWebKit/537.36 (KHTML, like Gecko) Chrome/138.0.0.0 Safari/537.36"
  }
},
{
  "model": "App_LUMINOVA.auditoriaacceso",
  "pk": 91,
  "fields": {
    "usuario": 1,
    "empresa": 1,
    "accion": "Cierre de sesión",
    "fecha_hora": "2025-08-01T13:53:45.003Z",
    "ip_address": "127.0.0.1",
    "user_agent": "Mozilla/5.0 (X11; Linux x86_64) AppleWebKit/537.36 (KHTML, like Gecko) Chrome/138.0.0.0 Safari/537.36"
  }
},
{
  "model": "App_LUMINOVA.auditoriaacceso",
  "pk": 92,
  "fields": {
    "usuario": 1,
    "empresa": 1,
    "accion": "Cierre de sesión",
    "fecha_hora": "2025-08-01T13:54:51.123Z",
    "ip_address": "127.0.0.1",
    "user_agent": "Mozilla/5.0 (X11; Linux x86_64) AppleWebKit/537.36 (KHTML, like Gecko) Chrome/138.0.0.0 Safari/537.36"
  }
},
{
  "model": "App_LUMINOVA.auditoriaacceso",
  "pk": 93,
  "fields": {
    "usuario": null,
    "empresa": 1,
    "accion": "Inicio de sesión",
    "fecha_hora": "2025-08-01T13:54:59.127Z",
    "ip_address": "127.0.0.1",
    "user_agent": "Mozilla/5.0 (X11; Linux x86_64) AppleWebKit/537.36 (KHTML, like Gecko) Chrome/138.0.0.0 Safari/537.36"
  }
},
{
  "model": "App_LUMINOVA.auditoriaacceso",
  "pk": 94,
  "fields": {
    "usuario": null,
    "empresa": 1,
    "accion": "Cierre de sesión",
    "fecha_hora": "2025-08-01T13:55:10.851Z",
    "ip_address": "127.0.0.1",
    "user_agent": "Mozilla/5.0 (X11; Linux x86_64) AppleWebKit/537.36 (KHTML, like Gecko) Chrome/138.0.0.0 Safari/537.36"
  }
},
{
  "model": "App_LUMINOVA.auditoriaacceso",
  "pk": 95,
  "fields": {
    "usuario": 1,
    "empresa": 1,
    "accion": "Inicio de sesión",
    "fecha_hora": "2025-08-01T13:55:14.819Z",
    "ip_address": "127.0.0.1",
    "user_agent": "Mozilla/5.0 (X11; Linux x86_64) AppleWebKit/537.36 (KHTML, like Gecko) Chrome/138.0.0.0 Safari/537.36"
  }
},
{
  "model": "App_LUMINOVA.auditoriaacceso",
  "pk": 96,
  "fields": {
    "usuario": 1,
    "empresa": 1,
    "accion": "Cierre de sesión",
    "fecha_hora": "2025-08-01T14:01:20.856Z",
    "ip_address": "127.0.0.1",
    "user_agent": "Mozilla/5.0 (X11; Linux x86_64) AppleWebKit/537.36 (KHTML, like Gecko) Chrome/138.0.0.0 Safari/537.36"
  }
},
{
  "model": "App_LUMINOVA.auditoriaacceso",
  "pk": 97,
  "fields": {
    "usuario": 1,
    "empresa": 1,
    "accion": "Inicio de sesión",
    "fecha_hora": "2025-08-01T14:01:24.280Z",
    "ip_address": "127.0.0.1",
    "user_agent": "Mozilla/5.0 (X11; Linux x86_64) AppleWebKit/537.36 (KHTML, like Gecko) Chrome/138.0.0.0 Safari/537.36"
  }
},
{
  "model": "App_LUMINOVA.auditoriaacceso",
  "pk": 98,
  "fields": {
    "usuario": 1,
    "empresa": 1,
    "accion": "Cierre de sesión",
    "fecha_hora": "2025-08-01T14:08:49.171Z",
    "ip_address": "127.0.0.1",
    "user_agent": "Mozilla/5.0 (X11; Linux x86_64) AppleWebKit/537.36 (KHTML, like Gecko) Chrome/138.0.0.0 Safari/537.36"
  }
},
{
  "model": "App_LUMINOVA.auditoriaacceso",
  "pk": 99,
  "fields": {
    "usuario": null,
    "empresa": 1,
    "accion": "Inicio de sesión",
    "fecha_hora": "2025-08-01T14:08:53.405Z",
    "ip_address": "127.0.0.1",
    "user_agent": "Mozilla/5.0 (X11; Linux x86_64) AppleWebKit/537.36 (KHTML, like Gecko) Chrome/138.0.0.0 Safari/537.36"
  }
},
{
  "model": "App_LUMINOVA.auditoriaacceso",
  "pk": 100,
  "fields": {
    "usuario": 1,
    "empresa": 1,
    "accion": "Cierre de sesión",
    "fecha_hora": "2025-08-01T14:17:31.591Z",
    "ip_address": "127.0.0.1",
    "user_agent": "Mozilla/5.0 (X11; Linux x86_64) AppleWebKit/537.36 (KHTML, like Gecko) Chrome/138.0.0.0 Safari/537.36"
  }
},
{
  "model": "App_LUMINOVA.auditoriaacceso",
  "pk": 101,
  "fields": {
    "usuario": null,
    "empresa": 1,
    "accion": "Inicio de sesión",
    "fecha_hora": "2025-08-01T14:17:35.156Z",
    "ip_address": "127.0.0.1",
    "user_agent": "Mozilla/5.0 (X11; Linux x86_64) AppleWebKit/537.36 (KHTML, like Gecko) Chrome/138.0.0.0 Safari/537.36"
  }
},
{
  "model": "App_LUMINOVA.auditoriaacceso",
  "pk": 102,
  "fields": {
    "usuario": null,
    "empresa": 1,
    "accion": "Cierre de sesión",
    "fecha_hora": "2025-08-01T14:20:00.666Z",
    "ip_address": "127.0.0.1",
    "user_agent": "Mozilla/5.0 (X11; Linux x86_64) AppleWebKit/537.36 (KHTML, like Gecko) Chrome/138.0.0.0 Safari/537.36"
  }
},
{
  "model": "App_LUMINOVA.auditoriaacceso",
  "pk": 103,
  "fields": {
    "usuario": 1,
    "empresa": 1,
    "accion": "Inicio de sesión",
    "fecha_hora": "2025-08-01T14:20:04.752Z",
    "ip_address": "127.0.0.1",
    "user_agent": "Mozilla/5.0 (X11; Linux x86_64) AppleWebKit/537.36 (KHTML, like Gecko) Chrome/138.0.0.0 Safari/537.36"
  }
},
{
  "model": "App_LUMINOVA.auditoriaacceso",
  "pk": 104,
  "fields": {
    "usuario": 1,
    "empresa": 1,
    "accion": "Cierre de sesión",
    "fecha_hora": "2025-08-01T14:20:30.282Z",
    "ip_address": "127.0.0.1",
    "user_agent": "Mozilla/5.0 (X11; Linux x86_64) AppleWebKit/537.36 (KHTML, like Gecko) Chrome/138.0.0.0 Safari/537.36"
  }
},
{
  "model": "App_LUMINOVA.auditoriaacceso",
  "pk": 105,
  "fields": {
    "usuario": 11,
    "empresa": 1,
    "accion": "Inicio de sesión",
    "fecha_hora": "2025-08-01T14:20:40.075Z",
    "ip_address": "127.0.0.1",
    "user_agent": "Mozilla/5.0 (X11; Linux x86_64) AppleWebKit/537.36 (KHTML, like Gecko) Chrome/138.0.0.0 Safari/537.36"
  }
},
{
  "model": "App_LUMINOVA.auditoriaacceso",
  "pk": 106,
  "fields": {
    "usuario": 11,
    "empresa": 1,
    "accion": "Cierre de sesión",
    "fecha_hora": "2025-08-01T14:21:43.487Z",
    "ip_address": "127.0.0.1",
    "user_agent": "Mozilla/5.0 (X11; Linux x86_64) AppleWebKit/537.36 (KHTML, like Gecko) Chrome/138.0.0.0 Safari/537.36"
  }
},
{
  "model": "App_LUMINOVA.auditoriaacceso",
  "pk": 107,
  "fields": {
    "usuario": 8,
    "empresa": 1,
    "accion": "Inicio de sesión",
    "fecha_hora": "2025-08-01T14:21:47.206Z",
    "ip_address": "127.0.0.1",
    "user_agent": "Mozilla/5.0 (X11; Linux x86_64) AppleWebKit/537.36 (KHTML, like Gecko) Chrome/138.0.0.0 Safari/537.36"
  }
},
{
  "model": "App_LUMINOVA.auditoriaacceso",
  "pk": 108,
  "fields": {
    "usuario": 8,
    "empresa": 1,
    "accion": "Cierre de sesión",
    "fecha_hora": "2025-08-01T14:25:32.492Z",
    "ip_address": "127.0.0.1",
    "user_agent": "Mozilla/5.0 (X11; Linux x86_64) AppleWebKit/537.36 (KHTML, like Gecko) Chrome/138.0.0.0 Safari/537.36"
  }
},
{
  "model": "App_LUMINOVA.auditoriaacceso",
  "pk": 109,
  "fields": {
    "usuario": 1,
    "empresa": 1,
    "accion": "Inicio de sesión",
    "fecha_hora": "2025-08-01T14:25:36.811Z",
    "ip_address": "127.0.0.1",
    "user_agent": "Mozilla/5.0 (X11; Linux x86_64) AppleWebKit/537.36 (KHTML, like Gecko) Chrome/138.0.0.0 Safari/537.36"
  }
},
{
  "model": "App_LUMINOVA.auditoriaacceso",
  "pk": 110,
  "fields": {
    "usuario": 1,
    "empresa": 1,
    "accion": "Cierre de sesión",
    "fecha_hora": "2025-08-02T01:30:40.046Z",
    "ip_address": "127.0.0.1",
    "user_agent": "Mozilla/5.0 (X11; Linux x86_64) AppleWebKit/537.36 (KHTML, like Gecko) Chrome/138.0.0.0 Safari/537.36"
  }
},
{
  "model": "App_LUMINOVA.auditoriaacceso",
  "pk": 111,
  "fields": {
    "usuario": 1,
    "empresa": 1,
    "accion": "Inicio de sesión",
    "fecha_hora": "2025-08-02T01:30:44.234Z",
    "ip_address": "127.0.0.1",
    "user_agent": "Mozilla/5.0 (X11; Linux x86_64) AppleWebKit/537.36 (KHTML, like Gecko) Chrome/138.0.0.0 Safari/537.36"
  }
},
{
  "model": "App_LUMINOVA.auditoriaacceso",
  "pk": 112,
  "fields": {
    "usuario": 1,
    "empresa": 1,
    "accion": "Cierre de sesión",
    "fecha_hora": "2025-08-02T03:09:52.259Z",
    "ip_address": "127.0.0.1",
    "user_agent": "Mozilla/5.0 (X11; Linux x86_64) AppleWebKit/537.36 (KHTML, like Gecko) Chrome/138.0.0.0 Safari/537.36"
  }
},
{
  "model": "App_LUMINOVA.auditoriaacceso",
  "pk": 113,
  "fields": {
    "usuario": 8,
    "empresa": 1,
    "accion": "Inicio de sesión",
    "fecha_hora": "2025-08-02T03:09:56.328Z",
    "ip_address": "127.0.0.1",
    "user_agent": "Mozilla/5.0 (X11; Linux x86_64) AppleWebKit/537.36 (KHTML, like Gecko) Chrome/138.0.0.0 Safari/537.36"
  }
},
{
  "model": "App_LUMINOVA.auditoriaacceso",
  "pk": 114,
  "fields": {
    "usuario": 1,
    "empresa": 1,
    "accion": "Cierre de sesión",
    "fecha_hora": "2025-08-02T03:45:09.037Z",
    "ip_address": "127.0.0.1",
    "user_agent": "Mozilla/5.0 (X11; Linux x86_64) AppleWebKit/537.36 (KHTML, like Gecko) Chrome/138.0.0.0 Safari/537.36"
  }
},
{
  "model": "App_LUMINOVA.auditoriaacceso",
  "pk": 115,
  "fields": {
    "usuario": 8,
    "empresa": 1,
    "accion": "Inicio de sesión",
    "fecha_hora": "2025-08-02T03:45:14.777Z",
    "ip_address": "127.0.0.1",
    "user_agent": "Mozilla/5.0 (X11; Linux x86_64) AppleWebKit/537.36 (KHTML, like Gecko) Chrome/138.0.0.0 Safari/537.36"
  }
},
{
  "model": "App_LUMINOVA.auditoriaacceso",
  "pk": 116,
  "fields": {
    "usuario": 8,
    "empresa": 1,
    "accion": "Cierre de sesión",
    "fecha_hora": "2025-08-02T04:11:08.145Z",
    "ip_address": "127.0.0.1",
    "user_agent": "Mozilla/5.0 (X11; Linux x86_64) AppleWebKit/537.36 (KHTML, like Gecko) Chrome/138.0.0.0 Safari/537.36"
  }
},
{
  "model": "App_LUMINOVA.auditoriaacceso",
  "pk": 117,
  "fields": {
    "usuario": 1,
    "empresa": 1,
    "accion": "Inicio de sesión",
    "fecha_hora": "2025-08-02T04:11:13.029Z",
    "ip_address": "127.0.0.1",
    "user_agent": "Mozilla/5.0 (X11; Linux x86_64) AppleWebKit/537.36 (KHTML, like Gecko) Chrome/138.0.0.0 Safari/537.36"
  }
},
{
  "model": "App_LUMINOVA.auditoriaacceso",
  "pk": 118,
  "fields": {
    "usuario": 1,
    "empresa": 1,
    "accion": "Cierre de sesión",
    "fecha_hora": "2025-08-02T04:14:29.252Z",
    "ip_address": "127.0.0.1",
    "user_agent": "Mozilla/5.0 (X11; Linux x86_64) AppleWebKit/537.36 (KHTML, like Gecko) Chrome/138.0.0.0 Safari/537.36"
  }
},
{
  "model": "App_LUMINOVA.auditoriaacceso",
  "pk": 119,
  "fields": {
    "usuario": 8,
    "empresa": 1,
    "accion": "Inicio de sesión",
    "fecha_hora": "2025-08-02T04:14:33.890Z",
    "ip_address": "127.0.0.1",
    "user_agent": "Mozilla/5.0 (X11; Linux x86_64) AppleWebKit/537.36 (KHTML, like Gecko) Chrome/138.0.0.0 Safari/537.36"
  }
},
{
  "model": "App_LUMINOVA.auditoriaacceso",
  "pk": 120,
  "fields": {
    "usuario": 8,
    "empresa": 1,
    "accion": "Cierre de sesión",
    "fecha_hora": "2025-08-02T04:16:43.275Z",
    "ip_address": "127.0.0.1",
    "user_agent": "Mozilla/5.0 (X11; Linux x86_64) AppleWebKit/537.36 (KHTML, like Gecko) Chrome/138.0.0.0 Safari/537.36"
  }
},
{
  "model": "App_LUMINOVA.auditoriaacceso",
  "pk": 121,
  "fields": {
    "usuario": 1,
    "empresa": 1,
    "accion": "Inicio de sesión",
    "fecha_hora": "2025-08-02T04:16:47.860Z",
    "ip_address": "127.0.0.1",
    "user_agent": "Mozilla/5.0 (X11; Linux x86_64) AppleWebKit/537.36 (KHTML, like Gecko) Chrome/138.0.0.0 Safari/537.36"
  }
},
{
  "model": "App_LUMINOVA.auditoriaacceso",
  "pk": 122,
  "fields": {
    "usuario": 1,
    "empresa": 1,
    "accion": "Cierre de sesión",
    "fecha_hora": "2025-08-02T04:24:53.329Z",
    "ip_address": "127.0.0.1",
    "user_agent": "Mozilla/5.0 (X11; Linux x86_64) AppleWebKit/537.36 (KHTML, like Gecko) Chrome/138.0.0.0 Safari/537.36"
  }
},
{
  "model": "App_LUMINOVA.auditoriaacceso",
  "pk": 123,
  "fields": {
    "usuario": 8,
    "empresa": 1,
    "accion": "Inicio de sesión",
    "fecha_hora": "2025-08-02T04:24:58.429Z",
    "ip_address": "127.0.0.1",
    "user_agent": "Mozilla/5.0 (X11; Linux x86_64) AppleWebKit/537.36 (KHTML, like Gecko) Chrome/138.0.0.0 Safari/537.36"
  }
},
{
  "model": "App_LUMINOVA.auditoriaacceso",
  "pk": 124,
  "fields": {
    "usuario": 8,
    "empresa": 1,
    "accion": "Cierre de sesión",
    "fecha_hora": "2025-08-02T11:26:15.664Z",
    "ip_address": "127.0.0.1",
    "user_agent": "Mozilla/5.0 (X11; Linux x86_64) AppleWebKit/537.36 (KHTML, like Gecko) Chrome/138.0.0.0 Safari/537.36"
  }
},
{
  "model": "App_LUMINOVA.auditoriaacceso",
  "pk": 125,
  "fields": {
    "usuario": 1,
    "empresa": 1,
    "accion": "Inicio de sesión",
    "fecha_hora": "2025-08-02T11:26:20.250Z",
    "ip_address": "127.0.0.1",
    "user_agent": "Mozilla/5.0 (X11; Linux x86_64) AppleWebKit/537.36 (KHTML, like Gecko) Chrome/138.0.0.0 Safari/537.36"
  }
},
{
  "model": "App_LUMINOVA.auditoriaacceso",
  "pk": 126,
  "fields": {
    "usuario": 1,
    "empresa": 1,
    "accion": "Cierre de sesión",
    "fecha_hora": "2025-08-02T11:26:41.180Z",
    "ip_address": "127.0.0.1",
    "user_agent": "Mozilla/5.0 (X11; Linux x86_64) AppleWebKit/537.36 (KHTML, like Gecko) Chrome/138.0.0.0 Safari/537.36"
  }
},
{
  "model": "App_LUMINOVA.auditoriaacceso",
  "pk": 127,
  "fields": {
    "usuario": 8,
    "empresa": 1,
    "accion": "Inicio de sesión",
    "fecha_hora": "2025-08-02T11:32:30.267Z",
    "ip_address": "127.0.0.1",
    "user_agent": "Mozilla/5.0 (X11; Linux x86_64) AppleWebKit/537.36 (KHTML, like Gecko) Chrome/138.0.0.0 Safari/537.36"
  }
},
{
  "model": "App_LUMINOVA.auditoriaacceso",
  "pk": 128,
  "fields": {
    "usuario": 8,
    "empresa": 1,
    "accion": "Cierre de sesión",
    "fecha_hora": "2025-08-02T11:34:07.699Z",
    "ip_address": "127.0.0.1",
    "user_agent": "Mozilla/5.0 (X11; Linux x86_64) AppleWebKit/537.36 (KHTML, like Gecko) Chrome/138.0.0.0 Safari/537.36"
  }
},
{
  "model": "App_LUMINOVA.auditoriaacceso",
  "pk": 129,
  "fields": {
    "usuario": 1,
    "empresa": 1,
    "accion": "Inicio de sesión",
    "fecha_hora": "2025-08-02T11:34:11.234Z",
    "ip_address": "127.0.0.1",
    "user_agent": "Mozilla/5.0 (X11; Linux x86_64) AppleWebKit/537.36 (KHTML, like Gecko) Chrome/138.0.0.0 Safari/537.36"
  }
},
{
  "model": "App_LUMINOVA.auditoriaacceso",
  "pk": 130,
  "fields": {
    "usuario": 1,
    "empresa": 1,
    "accion": "Cierre de sesión",
    "fecha_hora": "2025-08-02T11:34:34.009Z",
    "ip_address": "127.0.0.1",
    "user_agent": "Mozilla/5.0 (X11; Linux x86_64) AppleWebKit/537.36 (KHTML, like Gecko) Chrome/138.0.0.0 Safari/537.36"
  }
},
{
  "model": "App_LUMINOVA.auditoriaacceso",
  "pk": 131,
  "fields": {
    "usuario": 8,
    "empresa": 1,
    "accion": "Inicio de sesión",
    "fecha_hora": "2025-08-02T11:38:33.372Z",
    "ip_address": "127.0.0.1",
    "user_agent": "Mozilla/5.0 (X11; Linux x86_64) AppleWebKit/537.36 (KHTML, like Gecko) Chrome/138.0.0.0 Safari/537.36"
  }
},
{
  "model": "App_LUMINOVA.auditoriaacceso",
  "pk": 132,
  "fields": {
    "usuario": 8,
    "empresa": 1,
    "accion": "Cierre de sesión",
    "fecha_hora": "2025-08-02T11:43:32.634Z",
    "ip_address": "127.0.0.1",
    "user_agent": "Mozilla/5.0 (X11; Linux x86_64) AppleWebKit/537.36 (KHTML, like Gecko) Chrome/138.0.0.0 Safari/537.36"
  }
},
{
  "model": "App_LUMINOVA.auditoriaacceso",
  "pk": 133,
  "fields": {
    "usuario": 1,
    "empresa": 1,
    "accion": "Inicio de sesión",
    "fecha_hora": "2025-08-02T11:43:35.773Z",
    "ip_address": "127.0.0.1",
    "user_agent": "Mozilla/5.0 (X11; Linux x86_64) AppleWebKit/537.36 (KHTML, like Gecko) Chrome/138.0.0.0 Safari/537.36"
  }
},
{
  "model": "App_LUMINOVA.auditoriaacceso",
  "pk": 134,
  "fields": {
    "usuario": 1,
    "empresa": 1,
    "accion": "Cierre de sesión",
    "fecha_hora": "2025-08-02T11:44:09.922Z",
    "ip_address": "127.0.0.1",
    "user_agent": "Mozilla/5.0 (X11; Linux x86_64) AppleWebKit/537.36 (KHTML, like Gecko) Chrome/138.0.0.0 Safari/537.36"
  }
},
{
  "model": "App_LUMINOVA.auditoriaacceso",
  "pk": 135,
  "fields": {
    "usuario": 8,
    "empresa": 1,
    "accion": "Inicio de sesión",
    "fecha_hora": "2025-08-02T11:44:27.286Z",
    "ip_address": "127.0.0.1",
    "user_agent": "Mozilla/5.0 (X11; Linux x86_64) AppleWebKit/537.36 (KHTML, like Gecko) Chrome/138.0.0.0 Safari/537.36"
  }
},
{
  "model": "App_LUMINOVA.auditoriaacceso",
  "pk": 136,
  "fields": {
    "usuario": 1,
    "empresa": 1,
    "accion": "Cierre de sesión",
    "fecha_hora": "2025-08-02T12:24:00.774Z",
    "ip_address": "127.0.0.1",
    "user_agent": "Mozilla/5.0 (X11; Linux x86_64) AppleWebKit/537.36 (KHTML, like Gecko) Chrome/138.0.0.0 Safari/537.36"
  }
},
{
  "model": "App_LUMINOVA.auditoriaacceso",
  "pk": 137,
  "fields": {
    "usuario": 8,
    "empresa": 1,
    "accion": "Inicio de sesión",
    "fecha_hora": "2025-08-02T12:24:04.647Z",
    "ip_address": "127.0.0.1",
    "user_agent": "Mozilla/5.0 (X11; Linux x86_64) AppleWebKit/537.36 (KHTML, like Gecko) Chrome/138.0.0.0 Safari/537.36"
  }
},
{
  "model": "App_LUMINOVA.auditoriaacceso",
  "pk": 138,
  "fields": {
    "usuario": 8,
    "empresa": 1,
    "accion": "Cierre de sesión",
    "fecha_hora": "2025-08-02T12:28:25.411Z",
    "ip_address": "127.0.0.1",
    "user_agent": "Mozilla/5.0 (X11; Linux x86_64) AppleWebKit/537.36 (KHTML, like Gecko) Chrome/138.0.0.0 Safari/537.36"
  }
},
{
  "model": "App_LUMINOVA.auditoriaacceso",
  "pk": 139,
  "fields": {
    "usuario": 1,
    "empresa": 1,
    "accion": "Inicio de sesión",
    "fecha_hora": "2025-08-02T12:28:30.909Z",
    "ip_address": "127.0.0.1",
    "user_agent": "Mozilla/5.0 (X11; Linux x86_64) AppleWebKit/537.36 (KHTML, like Gecko) Chrome/138.0.0.0 Safari/537.36"
  }
},
{
  "model": "App_LUMINOVA.auditoriaacceso",
  "pk": 140,
  "fields": {
    "usuario": 1,
    "empresa": 1,
    "accion": "Cierre de sesión",
    "fecha_hora": "2025-08-02T12:56:10.911Z",
    "ip_address": "127.0.0.1",
    "user_agent": "Mozilla/5.0 (X11; Linux x86_64) AppleWebKit/537.36 (KHTML, like Gecko) Chrome/138.0.0.0 Safari/537.36"
  }
},
{
  "model": "App_LUMINOVA.auditoriaacceso",
  "pk": 141,
  "fields": {
    "usuario": 1,
    "empresa": 1,
    "accion": "Inicio de sesión",
    "fecha_hora": "2025-08-02T12:56:17.330Z",
    "ip_address": "127.0.0.1",
    "user_agent": "Mozilla/5.0 (X11; Linux x86_64) AppleWebKit/537.36 (KHTML, like Gecko) Chrome/138.0.0.0 Safari/537.36"
  }
},
{
  "model": "App_LUMINOVA.auditoriaacceso",
  "pk": 142,
  "fields": {
    "usuario": 1,
    "empresa": 1,
    "accion": "Cierre de sesión",
    "fecha_hora": "2025-08-02T12:56:29.576Z",
    "ip_address": "127.0.0.1",
    "user_agent": "Mozilla/5.0 (X11; Linux x86_64) AppleWebKit/537.36 (KHTML, like Gecko) Chrome/138.0.0.0 Safari/537.36"
  }
},
{
  "model": "App_LUMINOVA.auditoriaacceso",
  "pk": 143,
  "fields": {
    "usuario": 8,
    "empresa": 1,
    "accion": "Inicio de sesión",
    "fecha_hora": "2025-08-02T12:56:34.515Z",
    "ip_address": "127.0.0.1",
    "user_agent": "Mozilla/5.0 (X11; Linux x86_64) AppleWebKit/537.36 (KHTML, like Gecko) Chrome/138.0.0.0 Safari/537.36"
  }
},
{
  "model": "App_LUMINOVA.auditoriaacceso",
  "pk": 144,
  "fields": {
    "usuario": 8,
    "empresa": 1,
    "accion": "Cierre de sesión",
    "fecha_hora": "2025-08-02T12:56:44.806Z",
    "ip_address": "127.0.0.1",
    "user_agent": "Mozilla/5.0 (X11; Linux x86_64) AppleWebKit/537.36 (KHTML, like Gecko) Chrome/138.0.0.0 Safari/537.36"
  }
},
{
  "model": "App_LUMINOVA.auditoriaacceso",
  "pk": 145,
  "fields": {
    "usuario": 1,
    "empresa": 1,
    "accion": "Inicio de sesión",
    "fecha_hora": "2025-08-02T12:56:51.812Z",
    "ip_address": "127.0.0.1",
    "user_agent": "Mozilla/5.0 (X11; Linux x86_64) AppleWebKit/537.36 (KHTML, like Gecko) Chrome/138.0.0.0 Safari/537.36"
  }
},
{
  "model": "App_LUMINOVA.auditoriaacceso",
  "pk": 146,
  "fields": {
    "usuario": 1,
    "empresa": 1,
    "accion": "Cierre de sesión",
    "fecha_hora": "2025-08-02T12:57:08.799Z",
    "ip_address": "127.0.0.1",
    "user_agent": "Mozilla/5.0 (X11; Linux x86_64) AppleWebKit/537.36 (KHTML, like Gecko) Chrome/138.0.0.0 Safari/537.36"
  }
},
{
  "model": "App_LUMINOVA.auditoriaacceso",
  "pk": 147,
  "fields": {
    "usuario": 8,
    "empresa": 1,
    "accion": "Inicio de sesión",
    "fecha_hora": "2025-08-02T12:57:12.845Z",
    "ip_address": "127.0.0.1",
    "user_agent": "Mozilla/5.0 (X11; Linux x86_64) AppleWebKit/537.36 (KHTML, like Gecko) Chrome/138.0.0.0 Safari/537.36"
  }
},
{
  "model": "App_LUMINOVA.auditoriaacceso",
  "pk": 148,
  "fields": {
    "usuario": 8,
    "empresa": 1,
    "accion": "Cierre de sesión",
    "fecha_hora": "2025-08-02T13:00:23.399Z",
    "ip_address": "127.0.0.1",
    "user_agent": "Mozilla/5.0 (X11; Linux x86_64) AppleWebKit/537.36 (KHTML, like Gecko) Chrome/138.0.0.0 Safari/537.36"
  }
},
{
  "model": "App_LUMINOVA.auditoriaacceso",
  "pk": 149,
  "fields": {
    "usuario": 8,
    "empresa": 1,
    "accion": "Inicio de sesión",
    "fecha_hora": "2025-08-02T13:00:27.328Z",
    "ip_address": "127.0.0.1",
    "user_agent": "Mozilla/5.0 (X11; Linux x86_64) AppleWebKit/537.36 (KHTML, like Gecko) Chrome/138.0.0.0 Safari/537.36"
  }
},
{
  "model": "App_LUMINOVA.auditoriaacceso",
  "pk": 150,
  "fields": {
    "usuario": 8,
    "empresa": 1,
    "accion": "Inicio de sesión",
    "fecha_hora": "2025-08-02T13:04:19.492Z",
    "ip_address": "127.0.0.1",
    "user_agent": "Mozilla/5.0 (X11; Ubuntu; Linux x86_64; rv:141.0) Gecko/20100101 Firefox/141.0"
  }
},
{
  "model": "App_LUMINOVA.auditoriaacceso",
  "pk": 151,
  "fields": {
    "usuario": 1,
    "empresa": 1,
    "accion": "Cierre de sesión",
    "fecha_hora": "2025-08-02T13:19:43.108Z",
    "ip_address": "127.0.0.1",
    "user_agent": "Mozilla/5.0 (X11; Linux x86_64) AppleWebKit/537.36 (KHTML, like Gecko) Chrome/138.0.0.0 Safari/537.36"
  }
},
{
  "model": "App_LUMINOVA.auditoriaacceso",
  "pk": 152,
  "fields": {
    "usuario": 8,
    "empresa": 1,
    "accion": "Inicio de sesión",
    "fecha_hora": "2025-08-02T13:19:56.553Z",
    "ip_address": "127.0.0.1",
    "user_agent": "Mozilla/5.0 (X11; Linux x86_64) AppleWebKit/537.36 (KHTML, like Gecko) Chrome/138.0.0.0 Safari/537.36"
  }
},
{
  "model": "App_LUMINOVA.auditoriaacceso",
  "pk": 153,
  "fields": {
    "usuario": 8,
    "empresa": 1,
    "accion": "Cierre de sesión",
    "fecha_hora": "2025-08-02T14:03:01.495Z",
    "ip_address": "127.0.0.1",
    "user_agent": "Mozilla/5.0 (X11; Linux x86_64) AppleWebKit/537.36 (KHTML, like Gecko) Chrome/138.0.0.0 Safari/537.36"
  }
},
{
  "model": "App_LUMINOVA.auditoriaacceso",
  "pk": 154,
  "fields": {
    "usuario": 1,
    "empresa": 1,
    "accion": "Inicio de sesión",
    "fecha_hora": "2025-08-02T14:03:06.145Z",
    "ip_address": "127.0.0.1",
    "user_agent": "Mozilla/5.0 (X11; Linux x86_64) AppleWebKit/537.36 (KHTML, like Gecko) Chrome/138.0.0.0 Safari/537.36"
  }
},
{
  "model": "App_LUMINOVA.auditoriaacceso",
  "pk": 155,
  "fields": {
    "usuario": 1,
    "empresa": 1,
    "accion": "Inicio de sesión",
    "fecha_hora": "2025-08-02T21:14:54.099Z",
    "ip_address": "127.0.0.1",
    "user_agent": "Mozilla/5.0 (X11; Linux x86_64) AppleWebKit/537.36 (KHTML, like Gecko) Chrome/138.0.0.0 Safari/537.36"
  }
},
{
  "model": "App_LUMINOVA.auditoriaacceso",
  "pk": 156,
  "fields": {
    "usuario": 1,
    "empresa": 1,
    "accion": "Cierre de sesión",
    "fecha_hora": "2025-08-03T09:02:05.540Z",
    "ip_address": "127.0.0.1",
    "user_agent": "Mozilla/5.0 (X11; Linux x86_64) AppleWebKit/537.36 (KHTML, like Gecko) Chrome/138.0.0.0 Safari/537.36"
  }
},
{
  "model": "App_LUMINOVA.auditoriaacceso",
  "pk": 157,
  "fields": {
    "usuario": 8,
    "empresa": 1,
    "accion": "Inicio de sesión",
    "fecha_hora": "2025-08-03T09:02:10.205Z",
    "ip_address": "127.0.0.1",
    "user_agent": "Mozilla/5.0 (X11; Linux x86_64) AppleWebKit/537.36 (KHTML, like Gecko) Chrome/138.0.0.0 Safari/537.36"
  }
},
{
  "model": "App_LUMINOVA.auditoriaacceso",
  "pk": 158,
  "fields": {
    "usuario": 8,
    "empresa": 1,
    "accion": "Cierre de sesión",
    "fecha_hora": "2025-08-03T09:21:25.438Z",
    "ip_address": "127.0.0.1",
    "user_agent": "Mozilla/5.0 (X11; Linux x86_64) AppleWebKit/537.36 (KHTML, like Gecko) Chrome/138.0.0.0 Safari/537.36"
  }
},
{
  "model": "App_LUMINOVA.auditoriaacceso",
  "pk": 159,
  "fields": {
    "usuario": 1,
    "empresa": 1,
    "accion": "Inicio de sesión",
    "fecha_hora": "2025-08-03T09:21:31.082Z",
    "ip_address": "127.0.0.1",
    "user_agent": "Mozilla/5.0 (X11; Linux x86_64) AppleWebKit/537.36 (KHTML, like Gecko) Chrome/138.0.0.0 Safari/537.36"
  }
},
{
  "model": "App_LUMINOVA.auditoriaacceso",
  "pk": 160,
  "fields": {
    "usuario": 1,
    "empresa": 1,
    "accion": "Inicio de sesión",
    "fecha_hora": "2025-08-03T13:17:46.925Z",
    "ip_address": "127.0.0.1",
    "user_agent": "Mozilla/5.0 (X11; Linux x86_64) AppleWebKit/537.36 (KHTML, like Gecko) Chrome/138.0.0.0 Safari/537.36"
  }
},
{
  "model": "App_LUMINOVA.auditoriaacceso",
  "pk": 161,
  "fields": {
    "usuario": 1,
    "empresa": 1,
    "accion": "Cierre de sesión",
    "fecha_hora": "2025-08-03T13:34:40.180Z",
    "ip_address": "127.0.0.1",
    "user_agent": "Mozilla/5.0 (X11; Linux x86_64) AppleWebKit/537.36 (KHTML, like Gecko) Chrome/138.0.0.0 Safari/537.36"
  }
},
{
  "model": "App_LUMINOVA.auditoriaacceso",
  "pk": 162,
  "fields": {
    "usuario": 8,
    "empresa": 1,
    "accion": "Inicio de sesión",
    "fecha_hora": "2025-08-03T13:34:43.464Z",
    "ip_address": "127.0.0.1",
    "user_agent": "Mozilla/5.0 (X11; Linux x86_64) AppleWebKit/537.36 (KHTML, like Gecko) Chrome/138.0.0.0 Safari/537.36"
  }
},
{
  "model": "App_LUMINOVA.auditoriaacceso",
  "pk": 163,
  "fields": {
    "usuario": 8,
    "empresa": 1,
    "accion": "Cierre de sesión",
    "fecha_hora": "2025-08-03T13:34:48.416Z",
    "ip_address": "127.0.0.1",
    "user_agent": "Mozilla/5.0 (X11; Linux x86_64) AppleWebKit/537.36 (KHTML, like Gecko) Chrome/138.0.0.0 Safari/537.36"
  }
},
{
  "model": "App_LUMINOVA.auditoriaacceso",
  "pk": 164,
  "fields": {
    "usuario": 1,
    "empresa": 1,
    "accion": "Inicio de sesión",
    "fecha_hora": "2025-08-03T13:34:52.139Z",
    "ip_address": "127.0.0.1",
    "user_agent": "Mozilla/5.0 (X11; Linux x86_64) AppleWebKit/537.36 (KHTML, like Gecko) Chrome/138.0.0.0 Safari/537.36"
  }
},
{
  "model": "App_LUMINOVA.auditoriaacceso",
  "pk": 165,
  "fields": {
    "usuario": 1,
    "empresa": 1,
    "accion": "Cierre de sesión",
    "fecha_hora": "2025-08-03T14:43:03.022Z",
    "ip_address": "127.0.0.1",
    "user_agent": "Mozilla/5.0 (X11; Linux x86_64) AppleWebKit/537.36 (KHTML, like Gecko) Chrome/138.0.0.0 Safari/537.36"
  }
},
{
  "model": "App_LUMINOVA.auditoriaacceso",
  "pk": 166,
  "fields": {
    "usuario": 11,
    "empresa": 1,
    "accion": "Inicio de sesión",
    "fecha_hora": "2025-08-03T14:43:39.702Z",
    "ip_address": "127.0.0.1",
    "user_agent": "Mozilla/5.0 (X11; Linux x86_64) AppleWebKit/537.36 (KHTML, like Gecko) Chrome/138.0.0.0 Safari/537.36"
  }
},
{
  "model": "App_LUMINOVA.auditoriaacceso",
  "pk": 167,
  "fields": {
    "usuario": 11,
    "empresa": 1,
    "accion": "Cierre de sesión",
    "fecha_hora": "2025-08-03T14:44:27.638Z",
    "ip_address": "127.0.0.1",
    "user_agent": "Mozilla/5.0 (X11; Linux x86_64) AppleWebKit/537.36 (KHTML, like Gecko) Chrome/138.0.0.0 Safari/537.36"
  }
},
{
  "model": "App_LUMINOVA.auditoriaacceso",
  "pk": 168,
  "fields": {
    "usuario": 1,
    "empresa": 1,
    "accion": "Inicio de sesión",
    "fecha_hora": "2025-08-03T14:44:30.991Z",
    "ip_address": "127.0.0.1",
    "user_agent": "Mozilla/5.0 (X11; Linux x86_64) AppleWebKit/537.36 (KHTML, like Gecko) Chrome/138.0.0.0 Safari/537.36"
  }
},
{
  "model": "App_LUMINOVA.auditoriaacceso",
  "pk": 169,
  "fields": {
    "usuario": 1,
    "empresa": 1,
    "accion": "Cierre de sesión",
    "fecha_hora": "2025-08-03T14:45:21.053Z",
    "ip_address": "127.0.0.1",
    "user_agent": "Mozilla/5.0 (X11; Linux x86_64) AppleWebKit/537.36 (KHTML, like Gecko) Chrome/138.0.0.0 Safari/537.36"
  }
},
{
  "model": "App_LUMINOVA.auditoriaacceso",
  "pk": 170,
  "fields": {
    "usuario": 13,
    "empresa": 1,
    "accion": "Inicio de sesión",
    "fecha_hora": "2025-08-03T14:45:30.313Z",
    "ip_address": "127.0.0.1",
    "user_agent": "Mozilla/5.0 (X11; Linux x86_64) AppleWebKit/537.36 (KHTML, like Gecko) Chrome/138.0.0.0 Safari/537.36"
  }
},
{
  "model": "App_LUMINOVA.auditoriaacceso",
  "pk": 171,
  "fields": {
    "usuario": 13,
    "empresa": 1,
    "accion": "Cierre de sesión",
    "fecha_hora": "2025-08-03T14:46:58.725Z",
    "ip_address": "127.0.0.1",
    "user_agent": "Mozilla/5.0 (X11; Linux x86_64) AppleWebKit/537.36 (KHTML, like Gecko) Chrome/138.0.0.0 Safari/537.36"
  }
},
{
  "model": "App_LUMINOVA.auditoriaacceso",
  "pk": 172,
  "fields": {
    "usuario": 1,
    "empresa": 1,
    "accion": "Inicio de sesión",
    "fecha_hora": "2025-08-03T14:47:09.562Z",
    "ip_address": "127.0.0.1",
    "user_agent": "Mozilla/5.0 (X11; Linux x86_64) AppleWebKit/537.36 (KHTML, like Gecko) Chrome/138.0.0.0 Safari/537.36"
  }
},
{
  "model": "App_LUMINOVA.auditoriaacceso",
  "pk": 173,
  "fields": {
    "usuario": 1,
    "empresa": 1,
    "accion": "Cierre de sesión",
    "fecha_hora": "2025-08-03T14:47:41.264Z",
    "ip_address": "127.0.0.1",
    "user_agent": "Mozilla/5.0 (X11; Linux x86_64) AppleWebKit/537.36 (KHTML, like Gecko) Chrome/138.0.0.0 Safari/537.36"
  }
},
{
  "model": "App_LUMINOVA.auditoriaacceso",
  "pk": 174,
  "fields": {
    "usuario": 13,
    "empresa": 1,
    "accion": "Inicio de sesión",
    "fecha_hora": "2025-08-03T14:47:49.235Z",
    "ip_address": "127.0.0.1",
    "user_agent": "Mozilla/5.0 (X11; Linux x86_64) AppleWebKit/537.36 (KHTML, like Gecko) Chrome/138.0.0.0 Safari/537.36"
  }
},
{
  "model": "App_LUMINOVA.auditoriaacceso",
  "pk": 175,
  "fields": {
    "usuario": 13,
    "empresa": 1,
    "accion": "Cierre de sesión",
    "fecha_hora": "2025-08-03T14:50:10.528Z",
    "ip_address": "127.0.0.1",
    "user_agent": "Mozilla/5.0 (X11; Linux x86_64) AppleWebKit/537.36 (KHTML, like Gecko) Chrome/138.0.0.0 Safari/537.36"
  }
},
{
  "model": "App_LUMINOVA.auditoriaacceso",
  "pk": 176,
  "fields": {
    "usuario": 1,
    "empresa": 1,
    "accion": "Inicio de sesión",
    "fecha_hora": "2025-08-03T14:50:14.522Z",
    "ip_address": "127.0.0.1",
    "user_agent": "Mozilla/5.0 (X11; Linux x86_64) AppleWebKit/537.36 (KHTML, like Gecko) Chrome/138.0.0.0 Safari/537.36"
  }
},
{
  "model": "App_LUMINOVA.auditoriaacceso",
  "pk": 177,
  "fields": {
    "usuario": 1,
    "empresa": 1,
    "accion": "Cierre de sesión",
    "fecha_hora": "2025-08-03T14:51:33.015Z",
    "ip_address": "127.0.0.1",
    "user_agent": "Mozilla/5.0 (X11; Linux x86_64) AppleWebKit/537.36 (KHTML, like Gecko) Chrome/138.0.0.0 Safari/537.36"
  }
},
{
  "model": "App_LUMINOVA.auditoriaacceso",
  "pk": 178,
  "fields": {
    "usuario": 13,
    "empresa": 1,
    "accion": "Inicio de sesión",
    "fecha_hora": "2025-08-03T14:51:36.800Z",
    "ip_address": "127.0.0.1",
    "user_agent": "Mozilla/5.0 (X11; Linux x86_64) AppleWebKit/537.36 (KHTML, like Gecko) Chrome/138.0.0.0 Safari/537.36"
  }
},
{
  "model": "App_LUMINOVA.auditoriaacceso",
  "pk": 179,
  "fields": {
    "usuario": 1,
    "empresa": 1,
    "accion": "Cierre de sesión",
    "fecha_hora": "2025-08-03T15:13:53.407Z",
    "ip_address": "127.0.0.1",
    "user_agent": "Mozilla/5.0 (X11; Linux x86_64) AppleWebKit/537.36 (KHTML, like Gecko) Chrome/138.0.0.0 Safari/537.36"
  }
},
{
  "model": "App_LUMINOVA.auditoriaacceso",
  "pk": 180,
  "fields": {
    "usuario": 13,
    "empresa": 1,
    "accion": "Inicio de sesión",
    "fecha_hora": "2025-08-03T15:13:57.208Z",
    "ip_address": "127.0.0.1",
    "user_agent": "Mozilla/5.0 (X11; Linux x86_64) AppleWebKit/537.36 (KHTML, like Gecko) Chrome/138.0.0.0 Safari/537.36"
  }
},
{
  "model": "App_LUMINOVA.auditoriaacceso",
  "pk": 181,
  "fields": {
    "usuario": 13,
    "empresa": 1,
    "accion": "Cierre de sesión",
    "fecha_hora": "2025-08-03T15:33:19.665Z",
    "ip_address": "127.0.0.1",
    "user_agent": "Mozilla/5.0 (X11; Linux x86_64) AppleWebKit/537.36 (KHTML, like Gecko) Chrome/138.0.0.0 Safari/537.36"
  }
},
{
  "model": "App_LUMINOVA.auditoriaacceso",
  "pk": 182,
  "fields": {
    "usuario": 11,
    "empresa": 1,
    "accion": "Inicio de sesión",
    "fecha_hora": "2025-08-03T15:33:24.386Z",
    "ip_address": "127.0.0.1",
    "user_agent": "Mozilla/5.0 (X11; Linux x86_64) AppleWebKit/537.36 (KHTML, like Gecko) Chrome/138.0.0.0 Safari/537.36"
  }
},
{
  "model": "App_LUMINOVA.auditoriaacceso",
  "pk": 183,
  "fields": {
    "usuario": 1,
    "empresa": 1,
    "accion": "Cierre de sesión",
    "fecha_hora": "2025-08-03T16:17:07.528Z",
    "ip_address": "127.0.0.1",
    "user_agent": "Mozilla/5.0 (X11; Linux x86_64) AppleWebKit/537.36 (KHTML, like Gecko) Chrome/138.0.0.0 Safari/537.36"
  }
},
{
  "model": "App_LUMINOVA.auditoriaacceso",
  "pk": 184,
  "fields": {
    "usuario": 13,
    "empresa": 1,
    "accion": "Inicio de sesión",
    "fecha_hora": "2025-08-03T16:17:12.451Z",
    "ip_address": "127.0.0.1",
    "user_agent": "Mozilla/5.0 (X11; Linux x86_64) AppleWebKit/537.36 (KHTML, like Gecko) Chrome/138.0.0.0 Safari/537.36"
  }
},
{
  "model": "App_LUMINOVA.auditoriaacceso",
  "pk": 185,
  "fields": {
    "usuario": 13,
    "empresa": 1,
    "accion": "Cierre de sesión",
    "fecha_hora": "2025-08-03T16:17:41.307Z",
    "ip_address": "127.0.0.1",
    "user_agent": "Mozilla/5.0 (X11; Linux x86_64) AppleWebKit/537.36 (KHTML, like Gecko) Chrome/138.0.0.0 Safari/537.36"
  }
},
{
  "model": "App_LUMINOVA.auditoriaacceso",
  "pk": 186,
  "fields": {
    "usuario": 1,
    "empresa": 1,
    "accion": "Inicio de sesión",
    "fecha_hora": "2025-08-03T16:17:44.922Z",
    "ip_address": "127.0.0.1",
    "user_agent": "Mozilla/5.0 (X11; Linux x86_64) AppleWebKit/537.36 (KHTML, like Gecko) Chrome/138.0.0.0 Safari/537.36"
  }
},
{
  "model": "App_LUMINOVA.auditoriaacceso",
  "pk": 187,
  "fields": {
    "usuario": 1,
    "empresa": 1,
    "accion": "Inicio de sesión",
    "fecha_hora": "2025-08-03T16:40:57.345Z",
    "ip_address": "127.0.0.1",
    "user_agent": "Mozilla/5.0 (X11; Linux x86_64) AppleWebKit/537.36 (KHTML, like Gecko) Chrome/138.0.0.0 Safari/537.36"
  }
},
{
  "model": "App_LUMINOVA.auditoriaacceso",
  "pk": 188,
  "fields": {
    "usuario": 1,
    "empresa": 1,
    "accion": "Cierre de sesión",
    "fecha_hora": "2025-08-03T16:44:59.055Z",
    "ip_address": "127.0.0.1",
    "user_agent": "Mozilla/5.0 (X11; Linux x86_64) AppleWebKit/537.36 (KHTML, like Gecko) Chrome/138.0.0.0 Safari/537.36"
  }
},
{
  "model": "App_LUMINOVA.auditoriaacceso",
  "pk": 189,
  "fields": {
    "usuario": 11,
    "empresa": 1,
    "accion": "Inicio de sesión",
    "fecha_hora": "2025-08-03T16:45:03.791Z",
    "ip_address": "127.0.0.1",
    "user_agent": "Mozilla/5.0 (X11; Linux x86_64) AppleWebKit/537.36 (KHTML, like Gecko) Chrome/138.0.0.0 Safari/537.36"
  }
},
{
  "model": "App_LUMINOVA.auditoriaacceso",
  "pk": 190,
  "fields": {
    "usuario": 11,
    "empresa": 1,
    "accion": "Cierre de sesión",
    "fecha_hora": "2025-08-03T16:45:09.511Z",
    "ip_address": "127.0.0.1",
    "user_agent": "Mozilla/5.0 (X11; Linux x86_64) AppleWebKit/537.36 (KHTML, like Gecko) Chrome/138.0.0.0 Safari/537.36"
  }
},
{
  "model": "App_LUMINOVA.auditoriaacceso",
  "pk": 191,
  "fields": {
    "usuario": 1,
    "empresa": 1,
    "accion": "Inicio de sesión",
    "fecha_hora": "2025-08-03T16:45:13.792Z",
    "ip_address": "127.0.0.1",
    "user_agent": "Mozilla/5.0 (X11; Linux x86_64) AppleWebKit/537.36 (KHTML, like Gecko) Chrome/138.0.0.0 Safari/537.36"
  }
},
{
  "model": "App_LUMINOVA.auditoriaacceso",
  "pk": 192,
  "fields": {
    "usuario": 1,
    "empresa": 1,
    "accion": "Inicio de sesión",
    "fecha_hora": "2025-08-04T10:42:34.486Z",
    "ip_address": "127.0.0.1",
    "user_agent": "Mozilla/5.0 (X11; Linux x86_64) AppleWebKit/537.36 (KHTML, like Gecko) Chrome/138.0.0.0 Safari/537.36"
  }
},
{
  "model": "App_LUMINOVA.auditoriaacceso",
  "pk": 193,
  "fields": {
    "usuario": 1,
    "empresa": 1,
    "accion": "Cierre de sesión",
    "fecha_hora": "2025-08-08T00:17:41.447Z",
    "ip_address": "127.0.0.1",
    "user_agent": "Mozilla/5.0 (X11; Linux x86_64) AppleWebKit/537.36 (KHTML, like Gecko) Chrome/138.0.0.0 Safari/537.36"
  }
},
{
  "model": "App_LUMINOVA.auditoriaacceso",
  "pk": 194,
  "fields": {
    "usuario": 1,
    "empresa": 1,
    "accion": "Inicio de sesión",
    "fecha_hora": "2025-08-08T00:17:56.462Z",
    "ip_address": "127.0.0.1",
    "user_agent": "Mozilla/5.0 (X11; Linux x86_64) AppleWebKit/537.36 (KHTML, like Gecko) Chrome/138.0.0.0 Safari/537.36"
  }
},
{
  "model": "App_LUMINOVA.auditoriaacceso",
  "pk": 195,
  "fields": {
    "usuario": 1,
    "empresa": 1,
    "accion": "Cierre de sesión",
    "fecha_hora": "2025-08-08T00:53:55.384Z",
    "ip_address": "127.0.0.1",
    "user_agent": "Mozilla/5.0 (X11; Linux x86_64) AppleWebKit/537.36 (KHTML, like Gecko) Chrome/138.0.0.0 Safari/537.36"
  }
},
{
  "model": "App_LUMINOVA.auditoriaacceso",
  "pk": 196,
  "fields": {
    "usuario": 1,
    "empresa": 1,
    "accion": "Inicio de sesión",
    "fecha_hora": "2025-08-08T00:54:16.041Z",
    "ip_address": "127.0.0.1",
    "user_agent": "Mozilla/5.0 (X11; Linux x86_64) AppleWebKit/537.36 (KHTML, like Gecko) Chrome/138.0.0.0 Safari/537.36"
  }
},
{
  "model": "App_LUMINOVA.auditoriaacceso",
  "pk": 197,
  "fields": {
    "usuario": 1,
    "empresa": 1,
    "accion": "Cierre de sesión",
    "fecha_hora": "2025-08-08T03:07:47.813Z",
    "ip_address": "127.0.0.1",
    "user_agent": "Mozilla/5.0 (X11; Linux x86_64) AppleWebKit/537.36 (KHTML, like Gecko) Chrome/138.0.0.0 Safari/537.36"
  }
},
{
  "model": "App_LUMINOVA.auditoriaacceso",
  "pk": 198,
  "fields": {
    "usuario": 13,
    "empresa": 1,
    "accion": "Inicio de sesión",
    "fecha_hora": "2025-08-08T03:07:51.687Z",
    "ip_address": "127.0.0.1",
    "user_agent": "Mozilla/5.0 (X11; Linux x86_64) AppleWebKit/537.36 (KHTML, like Gecko) Chrome/138.0.0.0 Safari/537.36"
  }
},
{
  "model": "App_LUMINOVA.auditoriaacceso",
  "pk": 199,
  "fields": {
    "usuario": 13,
    "empresa": 1,
    "accion": "Cierre de sesión",
    "fecha_hora": "2025-08-08T03:08:21.069Z",
    "ip_address": "127.0.0.1",
    "user_agent": "Mozilla/5.0 (X11; Linux x86_64) AppleWebKit/537.36 (KHTML, like Gecko) Chrome/138.0.0.0 Safari/537.36"
  }
},
{
  "model": "App_LUMINOVA.auditoriaacceso",
  "pk": 200,
  "fields": {
    "usuario": 1,
    "empresa": 1,
    "accion": "Inicio de sesión",
    "fecha_hora": "2025-08-08T03:08:25.495Z",
    "ip_address": "127.0.0.1",
    "user_agent": "Mozilla/5.0 (X11; Linux x86_64) AppleWebKit/537.36 (KHTML, like Gecko) Chrome/138.0.0.0 Safari/537.36"
  }
},
{
  "model": "App_LUMINOVA.auditoriaacceso",
  "pk": 201,
  "fields": {
    "usuario": 1,
    "empresa": 1,
    "accion": "Cierre de sesión",
    "fecha_hora": "2025-08-08T03:09:08.930Z",
    "ip_address": "127.0.0.1",
    "user_agent": "Mozilla/5.0 (X11; Linux x86_64) AppleWebKit/537.36 (KHTML, like Gecko) Chrome/138.0.0.0 Safari/537.36"
  }
},
{
  "model": "App_LUMINOVA.auditoriaacceso",
  "pk": 202,
  "fields": {
    "usuario": 13,
    "empresa": 1,
    "accion": "Inicio de sesión",
    "fecha_hora": "2025-08-08T03:09:13.377Z",
    "ip_address": "127.0.0.1",
    "user_agent": "Mozilla/5.0 (X11; Linux x86_64) AppleWebKit/537.36 (KHTML, like Gecko) Chrome/138.0.0.0 Safari/537.36"
  }
},
{
  "model": "App_LUMINOVA.auditoriaacceso",
  "pk": 203,
  "fields": {
    "usuario": 1,
    "empresa": 1,
    "accion": "Cierre de sesión",
    "fecha_hora": "2025-08-09T12:07:38.240Z",
    "ip_address": "127.0.0.1",
    "user_agent": "Mozilla/5.0 (X11; Linux x86_64) AppleWebKit/537.36 (KHTML, like Gecko) Chrome/138.0.0.0 Safari/537.36"
  }
},
{
  "model": "App_LUMINOVA.auditoriaacceso",
  "pk": 204,
  "fields": {
    "usuario": 1,
    "empresa": 1,
    "accion": "Inicio de sesión",
    "fecha_hora": "2025-08-09T12:07:42.141Z",
    "ip_address": "127.0.0.1",
    "user_agent": "Mozilla/5.0 (X11; Linux x86_64) AppleWebKit/537.36 (KHTML, like Gecko) Chrome/138.0.0.0 Safari/537.36"
  }
},
{
  "model": "App_LUMINOVA.auditoriaacceso",
  "pk": 205,
  "fields": {
    "usuario": 1,
    "empresa": 1,
    "accion": "Cierre de sesión",
    "fecha_hora": "2025-08-09T12:07:58.425Z",
    "ip_address": "127.0.0.1",
    "user_agent": "Mozilla/5.0 (X11; Linux x86_64) AppleWebKit/537.36 (KHTML, like Gecko) Chrome/138.0.0.0 Safari/537.36"
  }
},
{
  "model": "App_LUMINOVA.auditoriaacceso",
  "pk": 206,
  "fields": {
    "usuario": 11,
    "empresa": 1,
    "accion": "Inicio de sesión",
    "fecha_hora": "2025-08-09T12:08:06.987Z",
    "ip_address": "127.0.0.1",
    "user_agent": "Mozilla/5.0 (X11; Linux x86_64) AppleWebKit/537.36 (KHTML, like Gecko) Chrome/138.0.0.0 Safari/537.36"
  }
},
{
  "model": "App_LUMINOVA.auditoriaacceso",
  "pk": 207,
  "fields": {
    "usuario": 11,
    "empresa": 1,
    "accion": "Cierre de sesión",
    "fecha_hora": "2025-08-09T12:11:20.689Z",
    "ip_address": "127.0.0.1",
    "user_agent": "Mozilla/5.0 (X11; Linux x86_64) AppleWebKit/537.36 (KHTML, like Gecko) Chrome/138.0.0.0 Safari/537.36"
  }
},
{
  "model": "App_LUMINOVA.auditoriaacceso",
  "pk": 208,
  "fields": {
    "usuario": 1,
    "empresa": 1,
    "accion": "Inicio de sesión",
    "fecha_hora": "2025-08-09T12:11:24.903Z",
    "ip_address": "127.0.0.1",
    "user_agent": "Mozilla/5.0 (X11; Linux x86_64) AppleWebKit/537.36 (KHTML, like Gecko) Chrome/138.0.0.0 Safari/537.36"
  }
},
{
  "model": "App_LUMINOVA.auditoriaacceso",
  "pk": 209,
  "fields": {
    "usuario": null,
    "empresa": 1,
    "accion": "Cierre de sesión",
    "fecha_hora": "2025-08-11T11:27:10.653Z",
    "ip_address": "127.0.0.1",
    "user_agent": "Mozilla/5.0 (X11; Linux x86_64) AppleWebKit/537.36 (KHTML, like Gecko) Chrome/138.0.0.0 Safari/537.36"
  }
},
{
  "model": "App_LUMINOVA.auditoriaacceso",
  "pk": 210,
  "fields": {
    "usuario": 1,
    "empresa": 1,
    "accion": "Inicio de sesión",
    "fecha_hora": "2025-08-11T11:27:20.205Z",
    "ip_address": "127.0.0.1",
    "user_agent": "Mozilla/5.0 (X11; Linux x86_64) AppleWebKit/537.36 (KHTML, like Gecko) Chrome/138.0.0.0 Safari/537.36"
  }
},
{
  "model": "App_LUMINOVA.auditoriaacceso",
  "pk": 211,
  "fields": {
    "usuario": 1,
    "empresa": 1,
    "accion": "Cierre de sesión",
    "fecha_hora": "2025-08-11T11:27:24.074Z",
    "ip_address": "127.0.0.1",
    "user_agent": "Mozilla/5.0 (X11; Linux x86_64) AppleWebKit/537.36 (KHTML, like Gecko) Chrome/138.0.0.0 Safari/537.36"
  }
},
{
  "model": "App_LUMINOVA.auditoriaacceso",
  "pk": 212,
  "fields": {
    "usuario": 1,
    "empresa": 1,
    "accion": "Inicio de sesión",
    "fecha_hora": "2025-08-11T14:12:22.845Z",
    "ip_address": "127.0.0.1",
    "user_agent": "Mozilla/5.0 (X11; Linux x86_64) AppleWebKit/537.36 (KHTML, like Gecko) Chrome/138.0.0.0 Safari/537.36"
  }
},
{
  "model": "App_LUMINOVA.auditoriaacceso",
  "pk": 213,
  "fields": {
    "usuario": 1,
    "empresa": 1,
    "accion": "Cierre de sesión",
    "fecha_hora": "2025-08-13T15:57:33.682Z",
    "ip_address": "127.0.0.1",
    "user_agent": "Mozilla/5.0 (X11; Linux x86_64) AppleWebKit/537.36 (KHTML, like Gecko) Chrome/138.0.0.0 Safari/537.36"
  }
},
{
  "model": "App_LUMINOVA.auditoriaacceso",
  "pk": 214,
  "fields": {
    "usuario": 1,
    "empresa": 1,
    "accion": "Inicio de sesión",
    "fecha_hora": "2025-08-13T15:57:42.986Z",
    "ip_address": "127.0.0.1",
    "user_agent": "Mozilla/5.0 (X11; Linux x86_64) AppleWebKit/537.36 (KHTML, like Gecko) Chrome/138.0.0.0 Safari/537.36"
  }
},
{
  "model": "App_LUMINOVA.auditoriaacceso",
  "pk": 215,
  "fields": {
    "usuario": 1,
    "empresa": 1,
    "accion": "Cierre de sesión",
    "fecha_hora": "2025-08-13T15:57:48.133Z",
    "ip_address": "127.0.0.1",
    "user_agent": "Mozilla/5.0 (X11; Linux x86_64) AppleWebKit/537.36 (KHTML, like Gecko) Chrome/138.0.0.0 Safari/537.36"
  }
},
{
  "model": "App_LUMINOVA.auditoriaacceso",
  "pk": 216,
  "fields": {
    "usuario": 1,
    "empresa": 1,
    "accion": "Inicio de sesión",
    "fecha_hora": "2025-08-13T16:00:12.839Z",
    "ip_address": "127.0.0.1",
    "user_agent": "Mozilla/5.0 (X11; Linux x86_64) AppleWebKit/537.36 (KHTML, like Gecko) Chrome/138.0.0.0 Safari/537.36"
  }
},
{
  "model": "App_LUMINOVA.auditoriaacceso",
  "pk": 217,
  "fields": {
    "usuario": 1,
    "empresa": 1,
    "accion": "Cierre de sesión",
    "fecha_hora": "2025-08-13T16:57:50.583Z",
    "ip_address": "127.0.0.1",
    "user_agent": "Mozilla/5.0 (X11; Linux x86_64) AppleWebKit/537.36 (KHTML, like Gecko) Chrome/138.0.0.0 Safari/537.36"
  }
},
{
  "model": "App_LUMINOVA.auditoriaacceso",
  "pk": 218,
  "fields": {
    "usuario": 1,
    "empresa": 1,
    "accion": "Inicio de sesión",
    "fecha_hora": "2025-08-13T17:19:56.687Z",
    "ip_address": "127.0.0.1",
    "user_agent": "Mozilla/5.0 (X11; Linux x86_64) AppleWebKit/537.36 (KHTML, like Gecko) Chrome/138.0.0.0 Safari/537.36"
  }
},
{
  "model": "App_LUMINOVA.auditoriaacceso",
  "pk": 219,
  "fields": {
    "usuario": null,
    "empresa": 1,
    "accion": "Cierre de sesión",
    "fecha_hora": "2025-10-02T12:32:38.889Z",
    "ip_address": "127.0.0.1",
    "user_agent": "Mozilla/5.0 (X11; Ubuntu; Linux x86_64; rv:143.0) Gecko/20100101 Firefox/143.0"
  }
},
{
  "model": "App_LUMINOVA.auditoriaacceso",
  "pk": 220,
  "fields": {
    "usuario": 1,
    "empresa": 1,
    "accion": "Inicio de sesión",
    "fecha_hora": "2025-10-02T12:32:45.034Z",
    "ip_address": "127.0.0.1",
    "user_agent": "Mozilla/5.0 (X11; Ubuntu; Linux x86_64; rv:143.0) Gecko/20100101 Firefox/143.0"
  }
},
{
  "model": "App_LUMINOVA.auditoriaacceso",
  "pk": 221,
  "fields": {
    "usuario": 1,
    "empresa": 1,
    "accion": "Cierre de sesión",
    "fecha_hora": "2025-10-02T12:32:51.178Z",
    "ip_address": "127.0.0.1",
    "user_agent": "Mozilla/5.0 (X11; Ubuntu; Linux x86_64; rv:143.0) Gecko/20100101 Firefox/143.0"
  }
},
{
  "model": "App_LUMINOVA.auditoriaacceso",
  "pk": 222,
  "fields": {
    "usuario": 8,
    "empresa": 1,
    "accion": "Inicio de sesión",
    "fecha_hora": "2025-10-02T14:09:52.600Z",
    "ip_address": "127.0.0.1",
    "user_agent": "Mozilla/5.0 (X11; Ubuntu; Linux x86_64; rv:143.0) Gecko/20100101 Firefox/143.0"
  }
},
{
  "model": "App_LUMINOVA.auditoriaacceso",
  "pk": 223,
  "fields": {
    "usuario": 8,
    "empresa": 1,
    "accion": "Cierre de sesión",
    "fecha_hora": "2025-10-02T14:10:16.420Z",
    "ip_address": "127.0.0.1",
    "user_agent": "Mozilla/5.0 (X11; Ubuntu; Linux x86_64; rv:143.0) Gecko/20100101 Firefox/143.0"
  }
},
{
  "model": "App_LUMINOVA.auditoriaacceso",
  "pk": 224,
  "fields": {
    "usuario": 1,
    "empresa": 1,
    "accion": "Inicio de sesión",
    "fecha_hora": "2025-10-02T14:10:20.021Z",
    "ip_address": "127.0.0.1",
    "user_agent": "Mozilla/5.0 (X11; Ubuntu; Linux x86_64; rv:143.0) Gecko/20100101 Firefox/143.0"
  }
},
{
  "model": "App_LUMINOVA.auditoriaacceso",
  "pk": 225,
  "fields": {
    "usuario": 1,
    "empresa": 1,
    "accion": "Inicio de sesión",
    "fecha_hora": "2025-11-27T15:31:32.625Z",
    "ip_address": "127.0.0.1",
    "user_agent": "Mozilla/5.0 (X11; Ubuntu; Linux x86_64; rv:145.0) Gecko/20100101 Firefox/145.0"
  }
},
{
  "model": "App_LUMINOVA.auditoriaacceso",
  "pk": 226,
  "fields": {
    "usuario": 1,
    "empresa": 1,
    "accion": "Cierre de sesión",
    "fecha_hora": "2025-11-27T15:58:30.617Z",
    "ip_address": "127.0.0.1",
    "user_agent": "Mozilla/5.0 (X11; Ubuntu; Linux x86_64; rv:145.0) Gecko/20100101 Firefox/145.0"
  }
},
{
  "model": "App_LUMINOVA.auditoriaacceso",
  "pk": 227,
  "fields": {
    "usuario": 8,
    "empresa": 1,
    "accion": "Inicio de sesión",
    "fecha_hora": "2025-11-27T15:58:34.155Z",
    "ip_address": "127.0.0.1",
    "user_agent": "Mozilla/5.0 (X11; Ubuntu; Linux x86_64; rv:145.0) Gecko/20100101 Firefox/145.0"
  }
},
{
  "model": "App_LUMINOVA.auditoriaacceso",
  "pk": 228,
  "fields": {
    "usuario": 8,
    "empresa": 1,
    "accion": "Cierre de sesión",
    "fecha_hora": "2025-11-27T15:58:39.545Z",
    "ip_address": "127.0.0.1",
    "user_agent": "Mozilla/5.0 (X11; Ubuntu; Linux x86_64; rv:145.0) Gecko/20100101 Firefox/145.0"
  }
},
{
  "model": "App_LUMINOVA.auditoriaacceso",
  "pk": 229,
  "fields": {
    "usuario": 1,
    "empresa": 1,
    "accion": "Inicio de sesión",
    "fecha_hora": "2025-11-27T15:58:42.777Z",
    "ip_address": "127.0.0.1",
    "user_agent": "Mozilla/5.0 (X11; Ubuntu; Linux x86_64; rv:145.0) Gecko/20100101 Firefox/145.0"
  }
},
{
  "model": "App_LUMINOVA.auditoriaacceso",
  "pk": 230,
  "fields": {
    "usuario": 1,
    "empresa": 1,
    "accion": "Cierre de sesión",
    "fecha_hora": "2025-11-27T20:42:04.834Z",
    "ip_address": "127.0.0.1",
    "user_agent": "Mozilla/5.0 (X11; Ubuntu; Linux x86_64; rv:145.0) Gecko/20100101 Firefox/145.0"
  }
},
{
  "model": "App_LUMINOVA.auditoriaacceso",
  "pk": 231,
  "fields": {
    "usuario": 1,
    "empresa": 1,
    "accion": "Cierre de sesión",
    "fecha_hora": "2025-11-27T20:44:29.248Z",
    "ip_address": "127.0.0.1",
    "user_agent": "Mozilla/5.0 (X11; Ubuntu; Linux x86_64; rv:145.0) Gecko/20100101 Firefox/145.0"
  }
},
{
  "model": "App_LUMINOVA.auditoriaacceso",
  "pk": 232,
  "fields": {
    "usuario": 16,
    "empresa": 2,
    "accion": "Inicio de sesión",
    "fecha_hora": "2025-11-27T20:44:32.460Z",
    "ip_address": "127.0.0.1",
    "user_agent": "Mozilla/5.0 (X11; Ubuntu; Linux x86_64; rv:145.0) Gecko/20100101 Firefox/145.0"
  }
},
{
  "model": "App_LUMINOVA.auditoriaacceso",
  "pk": 233,
  "fields": {
    "usuario": 1,
    "empresa": 1,
    "accion": "Inicio de sesión",
    "fecha_hora": "2025-11-27T22:09:30.940Z",
    "ip_address": "127.0.0.1",
    "user_agent": "Mozilla/5.0 (X11; Ubuntu; Linux x86_64; rv:145.0) Gecko/20100101 Firefox/145.0"
  }
},
{
  "model": "App_LUMINOVA.auditoriaacceso",
  "pk": 234,
  "fields": {
    "usuario": 1,
    "empresa": 1,
    "accion": "Cierre de sesión",
    "fecha_hora": "2025-11-27T22:22:08.727Z",
    "ip_address": "127.0.0.1",
    "user_agent": "Mozilla/5.0 (X11; Ubuntu; Linux x86_64; rv:145.0) Gecko/20100101 Firefox/145.0"
  }
},
{
  "model": "App_LUMINOVA.auditoriaacceso",
  "pk": 235,
  "fields": {
    "usuario": 16,
    "empresa": 2,
    "accion": "Inicio de sesión",
    "fecha_hora": "2025-11-27T22:22:14.181Z",
    "ip_address": "127.0.0.1",
    "user_agent": "Mozilla/5.0 (X11; Ubuntu; Linux x86_64; rv:145.0) Gecko/20100101 Firefox/145.0"
  }
},
{
  "model": "App_LUMINOVA.auditoriaacceso",
  "pk": 236,
  "fields": {
    "usuario": 1,
    "empresa": 1,
    "accion": "Inicio de sesión",
    "fecha_hora": "2025-11-29T12:51:52.828Z",
    "ip_address": "127.0.0.1",
    "user_agent": "Mozilla/5.0 (X11; Ubuntu; Linux x86_64; rv:145.0) Gecko/20100101 Firefox/145.0"
  }
},
{
  "model": "App_LUMINOVA.auditoriaacceso",
  "pk": 237,
  "fields": {
    "usuario": 1,
    "empresa": 1,
    "accion": "Inicio de sesión",
    "fecha_hora": "2025-11-29T12:52:30.533Z",
    "ip_address": "127.0.0.1",
    "user_agent": "Mozilla/5.0 (X11; Ubuntu; Linux x86_64; rv:145.0) Gecko/20100101 Firefox/145.0"
  }
},
{
  "model": "App_LUMINOVA.auditoriaacceso",
  "pk": 238,
  "fields": {
    "usuario": 16,
    "empresa": 2,
    "accion": "Inicio de sesión",
    "fecha_hora": "2025-11-29T12:56:15.216Z",
    "ip_address": "127.0.0.1",
    "user_agent": "Mozilla/5.0 (X11; Ubuntu; Linux x86_64; rv:145.0) Gecko/20100101 Firefox/145.0"
  }
},
{
  "model": "App_LUMINOVA.auditoriaacceso",
  "pk": 239,
  "fields": {
    "usuario": 1,
    "empresa": 1,
    "accion": "Inicio de sesión",
    "fecha_hora": "2025-11-29T13:22:55.928Z",
    "ip_address": "127.0.0.1",
    "user_agent": "Mozilla/5.0 (X11; Ubuntu; Linux x86_64; rv:145.0) Gecko/20100101 Firefox/145.0"
  }
},
{
  "model": "App_LUMINOVA.auditoriaacceso",
  "pk": 240,
  "fields": {
    "usuario": 1,
    "empresa": 1,
    "accion": "Cierre de sesión",
    "fecha_hora": "2025-11-29T13:31:48.260Z",
    "ip_address": "127.0.0.1",
    "user_agent": "Mozilla/5.0 (X11; Ubuntu; Linux x86_64; rv:145.0) Gecko/20100101 Firefox/145.0"
  }
},
{
  "model": "App_LUMINOVA.auditoriaacceso",
  "pk": 241,
  "fields": {
    "usuario": 16,
    "empresa": 2,
    "accion": "Inicio de sesión",
    "fecha_hora": "2025-11-29T13:31:52.853Z",
    "ip_address": "127.0.0.1",
    "user_agent": "Mozilla/5.0 (X11; Ubuntu; Linux x86_64; rv:145.0) Gecko/20100101 Firefox/145.0"
  }
},
{
  "model": "App_LUMINOVA.auditoriaacceso",
  "pk": 242,
  "fields": {
    "usuario": 16,
    "empresa": 2,
    "accion": "Cierre de sesión",
    "fecha_hora": "2025-11-29T14:35:31.573Z",
    "ip_address": "127.0.0.1",
    "user_agent": "Mozilla/5.0 (X11; Ubuntu; Linux x86_64; rv:145.0) Gecko/20100101 Firefox/145.0"
  }
},
{
  "model": "App_LUMINOVA.auditoriaacceso",
  "pk": 243,
  "fields": {
    "usuario": 16,
    "empresa": 2,
    "accion": "Inicio de sesión",
    "fecha_hora": "2025-11-29T14:36:49.769Z",
    "ip_address": "127.0.0.1",
    "user_agent": "Mozilla/5.0 (X11; Ubuntu; Linux x86_64; rv:145.0) Gecko/20100101 Firefox/145.0"
  }
},
{
  "model": "App_LUMINOVA.auditoriaacceso",
  "pk": 244,
  "fields": {
    "usuario": 16,
    "empresa": 2,
    "accion": "Cierre de sesión",
    "fecha_hora": "2025-11-29T15:10:38.228Z",
    "ip_address": "127.0.0.1",
    "user_agent": "Mozilla/5.0 (X11; Ubuntu; Linux x86_64; rv:145.0) Gecko/20100101 Firefox/145.0"
  }
},
{
  "model": "App_LUMINOVA.auditoriaacceso",
  "pk": 245,
  "fields": {
    "usuario": 1,
    "empresa": 1,
    "accion": "Inicio de sesión",
    "fecha_hora": "2025-11-29T15:10:41.017Z",
    "ip_address": "127.0.0.1",
    "user_agent": "Mozilla/5.0 (X11; Ubuntu; Linux x86_64; rv:145.0) Gecko/20100101 Firefox/145.0"
  }
},
{
  "model": "App_LUMINOVA.auditoriaacceso",
  "pk": 246,
  "fields": {
    "usuario": 16,
    "empresa": 2,
    "accion": "Inicio de sesión",
    "fecha_hora": "2025-11-29T15:17:57.518Z",
    "ip_address": "127.0.0.1",
    "user_agent": "Mozilla/5.0 (X11; Ubuntu; Linux x86_64; rv:145.0) Gecko/20100101 Firefox/145.0"
  }
},
{
  "model": "App_LUMINOVA.auditoriaacceso",
  "pk": 247,
  "fields": {
    "usuario": 16,
    "empresa": 2,
    "accion": "Cierre de sesión",
    "fecha_hora": "2025-11-29T15:26:38.055Z",
    "ip_address": "127.0.0.1",
    "user_agent": "Mozilla/5.0 (X11; Ubuntu; Linux x86_64; rv:145.0) Gecko/20100101 Firefox/145.0"
  }
},
{
  "model": "App_LUMINOVA.auditoriaacceso",
  "pk": 248,
  "fields": {
    "usuario": 1,
    "empresa": 1,
    "accion": "Inicio de sesión",
    "fecha_hora": "2025-11-29T15:26:41.367Z",
    "ip_address": "127.0.0.1",
    "user_agent": "Mozilla/5.0 (X11; Ubuntu; Linux x86_64; rv:145.0) Gecko/20100101 Firefox/145.0"
  }
},
{
  "model": "App_LUMINOVA.auditoriaacceso",
  "pk": 249,
  "fields": {
    "usuario": 16,
    "empresa": 2,
    "accion": "Inicio de sesión",
    "fecha_hora": "2025-11-29T15:28:27.524Z",
    "ip_address": "127.0.0.1",
    "user_agent": "Mozilla/5.0 (X11; Ubuntu; Linux x86_64; rv:145.0) Gecko/20100101 Firefox/145.0"
  }
},
{
  "model": "App_LUMINOVA.auditoriaacceso",
  "pk": 250,
  "fields": {
    "usuario": 16,
    "empresa": 2,
    "accion": "Cierre de sesión",
    "fecha_hora": "2025-11-29T15:29:38.021Z",
    "ip_address": "127.0.0.1",
    "user_agent": "Mozilla/5.0 (X11; Ubuntu; Linux x86_64; rv:145.0) Gecko/20100101 Firefox/145.0"
  }
},
{
  "model": "App_LUMINOVA.auditoriaacceso",
  "pk": 251,
  "fields": {
    "usuario": 16,
    "empresa": 2,
    "accion": "Inicio de sesión",
    "fecha_hora": "2025-11-29T16:22:43.990Z",
    "ip_address": "127.0.0.1",
    "user_agent": "Mozilla/5.0 (X11; Ubuntu; Linux x86_64; rv:145.0) Gecko/20100101 Firefox/145.0"
  }
},
{
  "model": "App_LUMINOVA.auditoriaacceso",
  "pk": 252,
  "fields": {
    "usuario": 16,
    "empresa": 2,
    "accion": "Cierre de sesión",
    "fecha_hora": "2025-11-29T16:24:26.467Z",
    "ip_address": "127.0.0.1",
    "user_agent": "Mozilla/5.0 (X11; Ubuntu; Linux x86_64; rv:145.0) Gecko/20100101 Firefox/145.0"
  }
},
{
  "model": "App_LUMINOVA.auditoriaacceso",
  "pk": 253,
  "fields": {
    "usuario": 1,
    "empresa": 1,
    "accion": "Inicio de sesión",
    "fecha_hora": "2025-11-29T16:24:29.227Z",
    "ip_address": "127.0.0.1",
    "user_agent": "Mozilla/5.0 (X11; Ubuntu; Linux x86_64; rv:145.0) Gecko/20100101 Firefox/145.0"
  }
},
{
  "model": "App_LUMINOVA.auditoriaacceso",
  "pk": 254,
  "fields": {
    "usuario": 16,
    "empresa": 2,
    "accion": "Inicio de sesión",
    "fecha_hora": "2025-11-29T16:25:47.545Z",
    "ip_address": "127.0.0.1",
    "user_agent": "Mozilla/5.0 (X11; Ubuntu; Linux x86_64; rv:145.0) Gecko/20100101 Firefox/145.0"
  }
},
{
  "model": "App_LUMINOVA.auditoriaacceso",
  "pk": 255,
  "fields": {
    "usuario": 16,
    "empresa": 2,
    "accion": "Cierre de sesión",
    "fecha_hora": "2025-11-29T16:26:00.605Z",
    "ip_address": "127.0.0.1",
    "user_agent": "Mozilla/5.0 (X11; Ubuntu; Linux x86_64; rv:145.0) Gecko/20100101 Firefox/145.0"
  }
},
{
  "model": "App_LUMINOVA.auditoriaacceso",
  "pk": 256,
  "fields": {
    "usuario": 16,
    "empresa": 2,
    "accion": "Inicio de sesión",
    "fecha_hora": "2025-11-29T22:17:52.210Z",
    "ip_address": "127.0.0.1",
    "user_agent": "Mozilla/5.0 (X11; Linux x86_64) AppleWebKit/537.36 (KHTML, like Gecko) Chrome/142.0.0.0 Safari/537.36"
  }
},
{
  "model": "App_LUMINOVA.auditoriaacceso",
  "pk": 257,
  "fields": {
    "usuario": 16,
    "empresa": 2,
    "accion": "Inicio de sesión",
    "fecha_hora": "2025-12-03T13:06:27.461Z",
    "ip_address": "127.0.0.1",
    "user_agent": "Mozilla/5.0 (X11; Ubuntu; Linux x86_64; rv:145.0) Gecko/20100101 Firefox/145.0"
  }
},
{
  "model": "App_LUMINOVA.auditoriaacceso",
  "pk": 258,
  "fields": {
    "usuario": 16,
    "empresa": 2,
    "accion": "Cierre de sesión",
    "fecha_hora": "2025-12-03T13:15:12.952Z",
    "ip_address": "127.0.0.1",
    "user_agent": "Mozilla/5.0 (X11; Ubuntu; Linux x86_64; rv:145.0) Gecko/20100101 Firefox/145.0"
  }
},
{
  "model": "App_LUMINOVA.auditoriaacceso",
  "pk": 259,
  "fields": {
    "usuario": 1,
    "empresa": 1,
    "accion": "Inicio de sesión",
    "fecha_hora": "2025-12-03T13:15:16.656Z",
    "ip_address": "127.0.0.1",
    "user_agent": "Mozilla/5.0 (X11; Ubuntu; Linux x86_64; rv:145.0) Gecko/20100101 Firefox/145.0"
  }
},
{
  "model": "App_LUMINOVA.auditoriaacceso",
  "pk": 260,
  "fields": {
    "usuario": 16,
    "empresa": 2,
    "accion": "Inicio de sesión",
    "fecha_hora": "2026-01-10T20:35:16.293Z",
    "ip_address": "127.0.0.1",
    "user_agent": "Mozilla/5.0 (X11; Linux x86_64) AppleWebKit/537.36 (KHTML, like Gecko) Chrome/143.0.0.0 Safari/537.36"
  }
},
{
  "model": "App_LUMINOVA.auditoriaacceso",
  "pk": 261,
  "fields": {
    "usuario": 16,
    "empresa": null,
    "accion": "Cierre de sesión",
    "fecha_hora": "2026-01-11T14:02:32.816Z",
    "ip_address": "127.0.0.1",
    "user_agent": "Mozilla/5.0 (X11; Linux x86_64) AppleWebKit/537.36 (KHTML, like Gecko) Chrome/143.0.0.0 Safari/537.36"
  }
},
{
  "model": "App_LUMINOVA.auditoriaacceso",
  "pk": 262,
  "fields": {
    "usuario": 16,
    "empresa": null,
    "accion": "Inicio de sesión",
    "fecha_hora": "2026-01-11T14:26:16.433Z",
    "ip_address": "127.0.0.1",
    "user_agent": "Mozilla/5.0 (X11; Linux x86_64) AppleWebKit/537.36 (KHTML, like Gecko) Chrome/143.0.0.0 Safari/537.36"
  }
},
{
  "model": "App_LUMINOVA.auditoriaacceso",
  "pk": 263,
  "fields": {
    "usuario": 16,
    "empresa": null,
    "accion": "Cierre de sesión",
    "fecha_hora": "2026-01-11T14:27:04.802Z",
    "ip_address": "127.0.0.1",
    "user_agent": "Mozilla/5.0 (X11; Linux x86_64) AppleWebKit/537.36 (KHTML, like Gecko) Chrome/143.0.0.0 Safari/537.36"
  }
},
{
  "model": "App_LUMINOVA.auditoriaacceso",
  "pk": 264,
  "fields": {
    "usuario": 1,
    "empresa": null,
    "accion": "Inicio de sesión",
    "fecha_hora": "2026-01-11T14:27:07.650Z",
    "ip_address": "127.0.0.1",
    "user_agent": "Mozilla/5.0 (X11; Linux x86_64) AppleWebKit/537.36 (KHTML, like Gecko) Chrome/143.0.0.0 Safari/537.36"
  }
},
{
  "model": "App_LUMINOVA.auditoriaacceso",
  "pk": 265,
  "fields": {
    "usuario": 1,
    "empresa": null,
    "accion": "Cierre de sesión",
    "fecha_hora": "2026-01-11T14:33:13.640Z",
    "ip_address": "127.0.0.1",
    "user_agent": "Mozilla/5.0 (X11; Linux x86_64) AppleWebKit/537.36 (KHTML, like Gecko) Chrome/143.0.0.0 Safari/537.36"
  }
},
{
  "model": "App_LUMINOVA.auditoriaacceso",
  "pk": 266,
  "fields": {
    "usuario": 16,
    "empresa": null,
    "accion": "Inicio de sesión",
    "fecha_hora": "2026-01-11T14:33:45.439Z",
    "ip_address": "127.0.0.1",
    "user_agent": "Mozilla/5.0 (X11; Linux x86_64) AppleWebKit/537.36 (KHTML, like Gecko) Chrome/143.0.0.0 Safari/537.36"
  }
},
{
  "model": "App_LUMINOVA.auditoriaacceso",
  "pk": 267,
  "fields": {
    "usuario": 16,
    "empresa": null,
    "accion": "Cierre de sesión",
    "fecha_hora": "2026-01-11T14:43:06.802Z",
    "ip_address": "127.0.0.1",
    "user_agent": "Mozilla/5.0 (X11; Linux x86_64) AppleWebKit/537.36 (KHTML, like Gecko) Chrome/143.0.0.0 Safari/537.36"
  }
},
{
  "model": "App_LUMINOVA.auditoriaacceso",
  "pk": 268,
  "fields": {
    "usuario": 1,
    "empresa": null,
    "accion": "Inicio de sesión",
    "fecha_hora": "2026-01-11T14:43:09.764Z",
    "ip_address": "127.0.0.1",
    "user_agent": "Mozilla/5.0 (X11; Linux x86_64) AppleWebKit/537.36 (KHTML, like Gecko) Chrome/143.0.0.0 Safari/537.36"
  }
},
{
  "model": "App_LUMINOVA.auditoriaacceso",
  "pk": 269,
  "fields": {
    "usuario": 1,
    "empresa": null,
    "accion": "Cierre de sesión",
    "fecha_hora": "2026-01-11T14:45:16.719Z",
    "ip_address": "127.0.0.1",
    "user_agent": "Mozilla/5.0 (X11; Linux x86_64) AppleWebKit/537.36 (KHTML, like Gecko) Chrome/143.0.0.0 Safari/537.36"
  }
},
{
  "model": "App_LUMINOVA.auditoriaacceso",
  "pk": 270,
  "fields": {
    "usuario": 16,
    "empresa": null,
    "accion": "Inicio de sesión",
    "fecha_hora": "2026-01-11T14:45:19.345Z",
    "ip_address": "127.0.0.1",
    "user_agent": "Mozilla/5.0 (X11; Linux x86_64) AppleWebKit/537.36 (KHTML, like Gecko) Chrome/143.0.0.0 Safari/537.36"
  }
},
{
  "model": "App_LUMINOVA.auditoriaacceso",
  "pk": 271,
  "fields": {
    "usuario": 16,
    "empresa": null,
    "accion": "Cierre de sesión",
    "fecha_hora": "2026-01-14T15:01:40.107Z",
    "ip_address": "127.0.0.1",
    "user_agent": "Mozilla/5.0 (X11; Linux x86_64) AppleWebKit/537.36 (KHTML, like Gecko) Chrome/143.0.0.0 Safari/537.36"
  }
},
{
  "model": "App_LUMINOVA.auditoriaacceso",
  "pk": 272,
  "fields": {
    "usuario": 1,
    "empresa": null,
    "accion": "Inicio de sesión",
    "fecha_hora": "2026-01-14T15:01:43.061Z",
    "ip_address": "127.0.0.1",
    "user_agent": "Mozilla/5.0 (X11; Linux x86_64) AppleWebKit/537.36 (KHTML, like Gecko) Chrome/143.0.0.0 Safari/537.36"
  }
},
{
  "model": "App_LUMINOVA.orden",
  "pk": 9,
  "fields": {
    "empresa": 1,
    "numero_orden": "OC-00001",
    "tipo": "compra",
    "fecha_creacion": "2025-05-30T23:42:58.774Z",
    "proveedor": 7,
    "estado": "COMPLETADA",
    "insumo_principal": 3,
    "cantidad_principal": 10,
    "precio_unitario_compra": "0.99",
    "deposito": 1,
    "fecha_estimada_entrega": "2025-06-29",
    "numero_tracking": "TRC-15062025A",
    "notas": "blabla"
  }
},
{
  "model": "App_LUMINOVA.orden",
  "pk": 11,
  "fields": {
    "empresa": 1,
    "numero_orden": "OC-00011",
    "tipo": "compra",
    "fecha_creacion": "2025-06-01T00:47:11.125Z",
    "proveedor": 3,
    "estado": "COMPLETADA",
    "insumo_principal": 6,
    "cantidad_principal": 14000,
    "precio_unitario_compra": "1.20",
    "deposito": 1,
    "fecha_estimada_entrega": "2025-06-16",
    "numero_tracking": "TCR-23052025A",
    "notas": ""
  }
},
{
  "model": "App_LUMINOVA.orden",
  "pk": 12,
  "fields": {
    "empresa": 1,
    "numero_orden": "OC-00012",
    "tipo": "compra",
    "fecha_creacion": "2025-06-15T12:09:31.996Z",
    "proveedor": 7,
    "estado": "COMPLETADA",
    "insumo_principal": 5,
    "cantidad_principal": 6535,
    "precio_unitario_compra": "0.78",
    "deposito": 1,
    "fecha_estimada_entrega": "2025-07-02",
    "numero_tracking": "TRC-20062025B",
    "notas": ""
  }
},
{
  "model": "App_LUMINOVA.orden",
  "pk": 13,
  "fields": {
    "empresa": 1,
    "numero_orden": "OC-00013",
    "tipo": "compra",
    "fecha_creacion": "2025-06-15T12:29:53.896Z",
    "proveedor": 3,
    "estado": "COMPLETADA",
    "insumo_principal": 6,
    "cantidad_principal": 1000,
    "precio_unitario_compra": "1.20",
    "deposito": 1,
    "fecha_estimada_entrega": "2025-06-16",
    "numero_tracking": "TCR-23052025B",
    "notas": ""
  }
},
{
  "model": "App_LUMINOVA.orden",
  "pk": 14,
  "fields": {
    "empresa": 1,
    "numero_orden": "OC-00014",
    "tipo": "compra",
    "fecha_creacion": "2025-06-16T00:58:30.924Z",
    "proveedor": 7,
    "estado": "COMPLETADA",
    "insumo_principal": 5,
    "cantidad_principal": 7659,
    "precio_unitario_compra": "0.78",
    "deposito": 1,
    "fecha_estimada_entrega": "2025-07-03",
    "numero_tracking": "TRC-20062025A",
    "notas": ""
  }
},
{
  "model": "App_LUMINOVA.orden",
  "pk": 15,
  "fields": {
    "empresa": 1,
    "numero_orden": "OC-00015",
    "tipo": "compra",
    "fecha_creacion": "2025-06-18T21:27:54.776Z",
    "proveedor": 7,
    "estado": "COMPLETADA",
    "insumo_principal": 4,
    "cantidad_principal": 14113,
    "precio_unitario_compra": "0.25",
    "deposito": 1,
    "fecha_estimada_entrega": "2025-06-28",
    "numero_tracking": "TRC-18062025",
    "notas": ""
  }
},
{
  "model": "App_LUMINOVA.orden",
  "pk": 16,
  "fields": {
    "empresa": 1,
    "numero_orden": "OC-00016",
    "tipo": "compra",
    "fecha_creacion": "2025-06-20T00:53:07.655Z",
    "proveedor": 3,
    "estado": "COMPLETADA",
    "insumo_principal": 8,
    "cantidad_principal": 889,
    "precio_unitario_compra": "1.24",
    "deposito": 1,
    "fecha_estimada_entrega": "2025-06-23",
    "numero_tracking": "TRC-19062025A",
    "notas": "nota"
  }
},
{
  "model": "App_LUMINOVA.orden",
  "pk": 17,
  "fields": {
    "empresa": 1,
    "numero_orden": "OC-00017",
    "tipo": "compra",
    "fecha_creacion": "2025-06-20T12:24:38.318Z",
    "proveedor": 7,
    "estado": "COMPLETADA",
    "insumo_principal": 3,
    "cantidad_principal": 1363,
    "precio_unitario_compra": "0.99",
    "deposito": 1,
    "fecha_estimada_entrega": "2025-07-20",
    "numero_tracking": "TRC-20062025C",
    "notas": ""
  }
},
{
  "model": "App_LUMINOVA.orden",
  "pk": 18,
  "fields": {
    "empresa": 1,
    "numero_orden": "OC-00018",
    "tipo": "compra",
    "fecha_creacion": "2025-06-20T17:56:13.511Z",
    "proveedor": 3,
    "estado": "COMPLETADA",
    "insumo_principal": 3,
    "cantidad_principal": 5,
    "precio_unitario_compra": "1.25",
    "deposito": 1,
    "fecha_estimada_entrega": "2025-06-27",
    "numero_tracking": "TCR-20062025",
    "notas": ""
  }
},
{
  "model": "App_LUMINOVA.orden",
  "pk": 19,
  "fields": {
    "empresa": 1,
    "numero_orden": "OC-00019",
    "tipo": "compra",
    "fecha_creacion": "2025-06-20T18:51:56.089Z",
    "proveedor": 7,
    "estado": "COMPLETADA",
    "insumo_principal": 3,
    "cantidad_principal": 54,
    "precio_unitario_compra": "0.99",
    "deposito": 1,
    "fecha_estimada_entrega": "2025-07-20",
    "numero_tracking": "TCR-20062025",
    "notas": ""
  }
},
{
  "model": "App_LUMINOVA.orden",
  "pk": 20,
  "fields": {
    "empresa": 1,
    "numero_orden": "OC-00020",
    "tipo": "compra",
    "fecha_creacion": "2025-06-20T22:09:46.251Z",
    "proveedor": 7,
    "estado": "COMPLETADA",
    "insumo_principal": 4,
    "cantidad_principal": 30,
    "precio_unitario_compra": "0.25",
    "deposito": 1,
    "fecha_estimada_entrega": "2025-06-30",
    "numero_tracking": "TCR-23052025",
    "notas": ""
  }
},
{
  "model": "App_LUMINOVA.orden",
  "pk": 21,
  "fields": {
    "empresa": 1,
    "numero_orden": "OC-00021",
    "tipo": "compra",
    "fecha_creacion": "2025-06-20T22:10:36.811Z",
    "proveedor": 7,
    "estado": "COMPLETADA",
    "insumo_principal": 4,
    "cantidad_principal": 20,
    "precio_unitario_compra": "0.25",
    "deposito": 1,
    "fecha_estimada_entrega": "2025-06-30",
    "numero_tracking": "TCR-23052025D",
    "notas": ""
  }
},
{
  "model": "App_LUMINOVA.orden",
  "pk": 22,
  "fields": {
    "empresa": 1,
    "numero_orden": "OC-00022",
    "tipo": "compra",
    "fecha_creacion": "2025-06-24T00:19:46.536Z",
    "proveedor": 7,
    "estado": "COMPLETADA",
    "insumo_principal": 3,
    "cantidad_principal": 2959,
    "precio_unitario_compra": "0.99",
    "deposito": 1,
    "fecha_estimada_entrega": "2025-07-24",
    "numero_tracking": "TCR-23062025",
    "notas": ""
  }
},
{
  "model": "App_LUMINOVA.orden",
  "pk": 23,
  "fields": {
    "empresa": 1,
    "numero_orden": "OC-00023",
    "tipo": "compra",
    "fecha_creacion": "2025-06-25T15:44:23.261Z",
    "proveedor": 8,
    "estado": "COMPLETADA",
    "insumo_principal": 37,
    "cantidad_principal": 12,
    "precio_unitario_compra": "12.27",
    "deposito": 1,
    "fecha_estimada_entrega": "2025-07-01",
    "numero_tracking": "TRC-25062025A",
    "notas": ""
  }
},
{
  "model": "App_LUMINOVA.orden",
  "pk": 24,
  "fields": {
    "empresa": 1,
    "numero_orden": "OC-00024",
    "tipo": "compra",
    "fecha_creacion": "2025-06-27T14:57:06.980Z",
    "proveedor": 10,
    "estado": "EN_TRANSITO",
    "insumo_principal": 9,
    "cantidad_principal": 1,
    "precio_unitario_compra": "0.21",
    "deposito": 1,
    "fecha_estimada_entrega": "2025-07-27",
    "numero_tracking": "TRC-27062025",
    "notas": ""
  }
},
{
  "model": "App_LUMINOVA.orden",
  "pk": 25,
  "fields": {
    "empresa": 1,
    "numero_orden": "OC-00025",
    "tipo": "compra",
    "fecha_creacion": "2025-06-27T16:10:19.376Z",
    "proveedor": 8,
    "estado": "ENVIADA_PROVEEDOR",
    "insumo_principal": 37,
    "cantidad_principal": 2,
    "precio_unitario_compra": "12.27",
    "deposito": 1,
    "fecha_estimada_entrega": "2025-07-03",
    "numero_tracking": null,
    "notas": ""
  }
},
{
  "model": "App_LUMINOVA.orden",
  "pk": 30,
  "fields": {
    "empresa": 1,
    "numero_orden": "OC-00026",
    "tipo": "compra",
    "fecha_creacion": "2025-06-27T16:27:47.669Z",
    "proveedor": 7,
    "estado": "COMPLETADA",
    "insumo_principal": 30,
    "cantidad_principal": 1,
    "precio_unitario_compra": "23.90",
    "deposito": 1,
    "fecha_estimada_entrega": "2025-07-01",
    "numero_tracking": "TRC-27062025A",
    "notas": ""
  }
},
{
  "model": "App_LUMINOVA.orden",
  "pk": 31,
  "fields": {
    "empresa": 1,
    "numero_orden": "OC-00031",
    "tipo": "compra",
    "fecha_creacion": "2025-07-04T20:32:31.264Z",
    "proveedor": 14,
    "estado": "APROBADA",
    "insumo_principal": 31,
    "cantidad_principal": 1,
    "precio_unitario_compra": "14.20",
    "deposito": 1,
    "fecha_estimada_entrega": "2025-07-08",
    "numero_tracking": null,
    "notas": ""
  }
},
{
  "model": "App_LUMINOVA.orden",
  "pk": 37,
  "fields": {
    "empresa": 1,
    "numero_orden": "OC-00032",
    "tipo": "compra",
    "fecha_creacion": "2025-08-01T16:02:52.097Z",
    "proveedor": 11,
    "estado": "APROBADA",
    "insumo_principal": 10,
    "cantidad_principal": 1000,
    "precio_unitario_compra": "34.84",
    "deposito": 1,
    "fecha_estimada_entrega": "2025-08-11",
    "numero_tracking": null,
    "notas": ""
  }
},
{
  "model": "App_LUMINOVA.orden",
  "pk": 38,
  "fields": {
    "empresa": 1,
    "numero_orden": "OC-00038",
    "tipo": "compra",
    "fecha_creacion": "2025-08-02T04:12:55.390Z",
    "proveedor": 13,
    "estado": "APROBADA",
    "insumo_principal": 25,
    "cantidad_principal": 11000,
    "precio_unitario_compra": "73.65",
    "deposito": 1,
    "fecha_estimada_entrega": "2025-08-03",
    "numero_tracking": null,
    "notas": ""
  }
},
{
  "model": "App_LUMINOVA.orden",
  "pk": 40,
  "fields": {
    "empresa": 1,
    "numero_orden": "OC-00039",
    "tipo": "compra",
    "fecha_creacion": "2025-08-02T12:24:19.568Z",
    "proveedor": 7,
    "estado": "APROBADA",
    "insumo_principal": 2,
    "cantidad_principal": 14002,
    "precio_unitario_compra": "4.12",
    "deposito": 1,
    "fecha_estimada_entrega": "2025-09-06",
    "numero_tracking": null,
    "notas": ""
  }
},
{
  "model": "App_LUMINOVA.orden",
  "pk": 41,
  "fields": {
    "empresa": 1,
    "numero_orden": "OC-00041",
    "tipo": "compra",
    "fecha_creacion": "2025-08-02T13:02:34.614Z",
    "proveedor": 7,
    "estado": "BORRADOR",
    "insumo_principal": 3,
    "cantidad_principal": 8007,
    "precio_unitario_compra": "0.99",
    "deposito": 1,
    "fecha_estimada_entrega": "2025-09-01",
    "numero_tracking": null,
    "notas": ""
  }
},
{
  "model": "App_LUMINOVA.loteproductoterminado",
  "pk": 1,
  "fields": {
    "empresa": 1,
    "producto": 1,
    "op_asociada": 44,
    "cantidad": 10,
    "fecha_creacion": "2025-06-15T14:43:31.829Z",
    "enviado": true,
    "deposito": 1
  }
},
{
  "model": "App_LUMINOVA.loteproductoterminado",
  "pk": 2,
  "fields": {
    "empresa": 1,
    "producto": 1,
    "op_asociada": 45,
    "cantidad": 1,
    "fecha_creacion": "2025-06-15T14:44:31.790Z",
    "enviado": true,
    "deposito": 1
  }
},
{
  "model": "App_LUMINOVA.loteproductoterminado",
  "pk": 3,
  "fields": {
    "empresa": 1,
    "producto": 1,
    "op_asociada": 46,
    "cantidad": 100,
    "fecha_creacion": "2025-06-15T14:50:40.683Z",
    "enviado": true,
    "deposito": 1
  }
},
{
  "model": "App_LUMINOVA.loteproductoterminado",
  "pk": 4,
  "fields": {
    "empresa": 1,
    "producto": 1,
    "op_asociada": 69,
    "cantidad": 11,
    "fecha_creacion": "2025-06-16T08:59:09.377Z",
    "enviado": true,
    "deposito": 1
  }
},
{
  "model": "App_LUMINOVA.loteproductoterminado",
  "pk": 5,
  "fields": {
    "empresa": 1,
    "producto": 1,
    "op_asociada": 70,
    "cantidad": 100,
    "fecha_creacion": "2025-06-16T09:00:18.739Z",
    "enviado": true,
    "deposito": 1
  }
},
{
  "model": "App_LUMINOVA.loteproductoterminado",
  "pk": 6,
  "fields": {
    "empresa": 1,
    "producto": 1,
    "op_asociada": 72,
    "cantidad": 100,
    "fecha_creacion": "2025-06-16T09:09:18.600Z",
    "enviado": true,
    "deposito": 1
  }
},
{
  "model": "App_LUMINOVA.loteproductoterminado",
  "pk": 7,
  "fields": {
    "empresa": 1,
    "producto": 1,
    "op_asociada": 73,
    "cantidad": 1,
    "fecha_creacion": "2025-06-16T09:22:38.903Z",
    "enviado": true,
    "deposito": 1
  }
},
{
  "model": "App_LUMINOVA.loteproductoterminado",
  "pk": 8,
  "fields": {
    "empresa": 1,
    "producto": 1,
    "op_asociada": 74,
    "cantidad": 1,
    "fecha_creacion": "2025-06-16T10:45:49.035Z",
    "enviado": true,
    "deposito": 1
  }
},
{
  "model": "App_LUMINOVA.loteproductoterminado",
  "pk": 9,
  "fields": {
    "empresa": 1,
    "producto": 1,
    "op_asociada": 75,
    "cantidad": 1,
    "fecha_creacion": "2025-06-16T11:40:27.634Z",
    "enviado": true,
    "deposito": 1
  }
},
{
  "model": "App_LUMINOVA.loteproductoterminado",
  "pk": 10,
  "fields": {
    "empresa": 1,
    "producto": 1,
    "op_asociada": 77,
    "cantidad": 1,
    "fecha_creacion": "2025-06-17T12:47:52.620Z",
    "enviado": true,
    "deposito": 1
  }
},
{
  "model": "App_LUMINOVA.loteproductoterminado",
  "pk": 11,
  "fields": {
    "empresa": 1,
    "producto": 2,
    "op_asociada": 78,
    "cantidad": 3,
    "fecha_creacion": "2025-06-18T21:09:48.603Z",
    "enviado": true,
    "deposito": 1
  }
},
{
  "model": "App_LUMINOVA.loteproductoterminado",
  "pk": 12,
  "fields": {
    "empresa": 1,
    "producto": 1,
    "op_asociada": 79,
    "cantidad": 5,
    "fecha_creacion": "2025-06-18T21:13:22.662Z",
    "enviado": true,
    "deposito": 1
  }
},
{
  "model": "App_LUMINOVA.loteproductoterminado",
  "pk": 13,
  "fields": {
    "empresa": 1,
    "producto": 1,
    "op_asociada": 80,
    "cantidad": 2,
    "fecha_creacion": "2025-06-18T21:39:29.303Z",
    "enviado": true,
    "deposito": 1
  }
},
{
  "model": "App_LUMINOVA.loteproductoterminado",
  "pk": 14,
  "fields": {
    "empresa": 1,
    "producto": 1,
    "op_asociada": 81,
    "cantidad": 3,
    "fecha_creacion": "2025-06-18T21:44:32.208Z",
    "enviado": true,
    "deposito": 1
  }
},
{
  "model": "App_LUMINOVA.loteproductoterminado",
  "pk": 15,
  "fields": {
    "empresa": 1,
    "producto": 2,
    "op_asociada": 82,
    "cantidad": 1,
    "fecha_creacion": "2025-06-20T00:27:21.455Z",
    "enviado": true,
    "deposito": 1
  }
},
{
  "model": "App_LUMINOVA.loteproductoterminado",
  "pk": 16,
  "fields": {
    "empresa": 1,
    "producto": 2,
    "op_asociada": 89,
    "cantidad": 3,
    "fecha_creacion": "2025-06-20T17:51:22.819Z",
    "enviado": true,
    "deposito": 1
  }
},
{
  "model": "App_LUMINOVA.loteproductoterminado",
  "pk": 17,
  "fields": {
    "empresa": 1,
    "producto": 1,
    "op_asociada": 90,
    "cantidad": 2,
    "fecha_creacion": "2025-06-20T17:52:38.410Z",
    "enviado": true,
    "deposito": 1
  }
},
{
  "model": "App_LUMINOVA.loteproductoterminado",
  "pk": 18,
  "fields": {
    "empresa": 1,
    "producto": 1,
    "op_asociada": 91,
    "cantidad": 4,
    "fecha_creacion": "2025-06-20T18:44:02.925Z",
    "enviado": true,
    "deposito": 1
  }
},
{
  "model": "App_LUMINOVA.loteproductoterminado",
  "pk": 19,
  "fields": {
    "empresa": 1,
    "producto": 2,
    "op_asociada": 92,
    "cantidad": 3,
    "fecha_creacion": "2025-06-20T18:46:09.481Z",
    "enviado": true,
    "deposito": 1
  }
},
{
  "model": "App_LUMINOVA.loteproductoterminado",
  "pk": 20,
  "fields": {
    "empresa": 1,
    "producto": 1,
    "op_asociada": 93,
    "cantidad": 3,
    "fecha_creacion": "2025-06-20T22:24:32.271Z",
    "enviado": true,
    "deposito": 1
  }
},
{
  "model": "App_LUMINOVA.loteproductoterminado",
  "pk": 21,
  "fields": {
    "empresa": 1,
    "producto": 2,
    "op_asociada": 87,
    "cantidad": 1,
    "fecha_creacion": "2025-06-20T22:26:27.263Z",
    "enviado": true,
    "deposito": 1
  }
},
{
  "model": "App_LUMINOVA.loteproductoterminado",
  "pk": 22,
  "fields": {
    "empresa": 1,
    "producto": 2,
    "op_asociada": 94,
    "cantidad": 3,
    "fecha_creacion": "2025-06-24T00:10:13.153Z",
    "enviado": true,
    "deposito": 1
  }
},
{
  "model": "App_LUMINOVA.loteproductoterminado",
  "pk": 23,
  "fields": {
    "empresa": 1,
    "producto": 1,
    "op_asociada": 86,
    "cantidad": 3,
    "fecha_creacion": "2025-06-24T00:30:44.363Z",
    "enviado": true,
    "deposito": 1
  }
},
{
  "model": "App_LUMINOVA.loteproductoterminado",
  "pk": 24,
  "fields": {
    "empresa": 1,
    "producto": 2,
    "op_asociada": 88,
    "cantidad": 5,
    "fecha_creacion": "2025-06-24T00:31:19.375Z",
    "enviado": true,
    "deposito": 1
  }
},
{
  "model": "App_LUMINOVA.loteproductoterminado",
  "pk": 25,
  "fields": {
    "empresa": 1,
    "producto": 2,
    "op_asociada": 84,
    "cantidad": 3,
    "fecha_creacion": "2025-06-24T00:31:54.448Z",
    "enviado": true,
    "deposito": 1
  }
},
{
  "model": "App_LUMINOVA.loteproductoterminado",
  "pk": 26,
  "fields": {
    "empresa": 1,
    "producto": 2,
    "op_asociada": 83,
    "cantidad": 1,
    "fecha_creacion": "2025-06-24T00:32:38.134Z",
    "enviado": true,
    "deposito": 1
  }
},
{
  "model": "App_LUMINOVA.loteproductoterminado",
  "pk": 27,
  "fields": {
    "empresa": 1,
    "producto": 1,
    "op_asociada": 85,
    "cantidad": 5,
    "fecha_creacion": "2025-06-24T00:32:48.885Z",
    "enviado": true,
    "deposito": 1
  }
},
{
  "model": "App_LUMINOVA.loteproductoterminado",
  "pk": 28,
  "fields": {
    "empresa": 1,
    "producto": 2,
    "op_asociada": 95,
    "cantidad": 1,
    "fecha_creacion": "2025-06-24T00:52:50.164Z",
    "enviado": true,
    "deposito": 1
  }
},
{
  "model": "App_LUMINOVA.loteproductoterminado",
  "pk": 29,
  "fields": {
    "empresa": 1,
    "producto": 5,
    "op_asociada": 97,
    "cantidad": 3,
    "fecha_creacion": "2025-06-25T15:35:21.855Z",
    "enviado": true,
    "deposito": 1
  }
},
{
  "model": "App_LUMINOVA.loteproductoterminado",
  "pk": 30,
  "fields": {
    "empresa": 1,
    "producto": 4,
    "op_asociada": 96,
    "cantidad": 2,
    "fecha_creacion": "2025-06-25T15:35:59.839Z",
    "enviado": true,
    "deposito": 1
  }
},
{
  "model": "App_LUMINOVA.loteproductoterminado",
  "pk": 31,
  "fields": {
    "empresa": 1,
    "producto": 5,
    "op_asociada": 98,
    "cantidad": 1,
    "fecha_creacion": "2025-06-25T15:40:24.460Z",
    "enviado": true,
    "deposito": 1
  }
},
{
  "model": "App_LUMINOVA.loteproductoterminado",
  "pk": 32,
  "fields": {
    "empresa": 1,
    "producto": 4,
    "op_asociada": 99,
    "cantidad": 2,
    "fecha_creacion": "2025-06-27T16:01:16.299Z",
    "enviado": true,
    "deposito": 1
  }
},
{
  "model": "App_LUMINOVA.loteproductoterminado",
  "pk": 33,
  "fields": {
    "empresa": 1,
    "producto": 2,
    "op_asociada": 100,
    "cantidad": 1,
    "fecha_creacion": "2025-06-27T17:25:53.272Z",
    "enviado": true,
    "deposito": 1
  }
},
{
  "model": "App_LUMINOVA.loteproductoterminado",
  "pk": 34,
  "fields": {
    "empresa": 1,
    "producto": 3,
    "op_asociada": 101,
    "cantidad": 1,
    "fecha_creacion": "2025-06-27T17:29:25.975Z",
    "enviado": true,
    "deposito": 1
  }
},
{
  "model": "App_LUMINOVA.loteproductoterminado",
  "pk": 35,
  "fields": {
    "empresa": 1,
    "producto": 1,
    "op_asociada": 103,
    "cantidad": 1,
    "fecha_creacion": "2025-07-04T20:23:39.429Z",
    "enviado": true,
    "deposito": 1
  }
},
{
  "model": "App_LUMINOVA.loteproductoterminado",
  "pk": 36,
  "fields": {
    "empresa": 1,
    "producto": 4,
    "op_asociada": 104,
    "cantidad": 1,
    "fecha_creacion": "2025-07-04T20:31:49.896Z",
    "enviado": false,
    "deposito": 1
  }
},
{
  "model": "App_LUMINOVA.loteproductoterminado",
  "pk": 37,
  "fields": {
    "empresa": 1,
    "producto": 2,
    "op_asociada": 115,
    "cantidad": 1,
    "fecha_creacion": "2025-08-08T00:58:55.781Z",
    "enviado": false,
    "deposito": 1
  }
},
{
  "model": "App_LUMINOVA.loteproductoterminado",
  "pk": 38,
  "fields": {
    "empresa": 1,
    "producto": 5,
    "op_asociada": 116,
    "cantidad": 1,
    "fecha_creacion": "2025-08-09T11:54:38.667Z",
    "enviado": true,
    "deposito": 1
  }
},
{
  "model": "App_LUMINOVA.loteproductoterminado",
  "pk": 39,
  "fields": {
    "empresa": 1,
    "producto": 6,
    "op_asociada": 118,
    "cantidad": 1,
    "fecha_creacion": "2025-08-13T16:01:09.488Z",
    "enviado": true,
    "deposito": 1
  }
},
{
  "model": "App_LUMINOVA.historialov",
  "pk": 1,
  "fields": {
    "empresa": 1,
    "orden_venta": 49,
    "fecha_evento": "2025-06-16T10:17:21.002Z",
    "descripcion": "La OP OP-00030 ('Lámpara LED Estándar') cambió su estado a 'Insumos Solicitados'.",
    "tipo_evento": null,
    "realizado_por": null
  }
},
{
  "model": "App_LUMINOVA.historialov",
  "pk": 2,
  "fields": {
    "empresa": 1,
    "orden_venta": 49,
    "fecha_evento": "2025-06-16T10:17:21.011Z",
    "descripcion": "Estado de la Orden de Venta cambió de 'Pendiente Confirmación' a 'Insumos Solicitados'.",
    "tipo_evento": null,
    "realizado_por": null
  }
},
{
  "model": "App_LUMINOVA.historialov",
  "pk": 3,
  "fields": {
    "empresa": 1,
    "orden_venta": 49,
    "fecha_evento": "2025-06-16T10:17:40.579Z",
    "descripcion": "La OP OP-00030 ('Lámpara LED Estándar') cambió su estado a 'Insumos Recibidos'.",
    "tipo_evento": null,
    "realizado_por": null
  }
},
{
  "model": "App_LUMINOVA.historialov",
  "pk": 4,
  "fields": {
    "empresa": 1,
    "orden_venta": 49,
    "fecha_evento": "2025-06-16T10:17:54.905Z",
    "descripcion": "La OP OP-00030 ('Lámpara LED Estándar') cambió su estado a 'Producción Iniciada'.",
    "tipo_evento": null,
    "realizado_por": null
  }
},
{
  "model": "App_LUMINOVA.historialov",
  "pk": 5,
  "fields": {
    "empresa": 1,
    "orden_venta": 49,
    "fecha_evento": "2025-06-16T10:18:16.805Z",
    "descripcion": "La OP OP-00030 ('Lámpara LED Estándar') cambió su estado a 'Pausada'.",
    "tipo_evento": null,
    "realizado_por": null
  }
},
{
  "model": "App_LUMINOVA.historialov",
  "pk": 6,
  "fields": {
    "empresa": 1,
    "orden_venta": 49,
    "fecha_evento": "2025-06-16T10:44:38.981Z",
    "descripcion": "Reporte de incidencia para OP OP-00030 ('Lámpara LED Estándar'): 'Falta de Insumos'. Descripción: Se espera a depósito",
    "tipo_evento": "Reporte Incidencia",
    "realizado_por": 1
  }
},
{
  "model": "App_LUMINOVA.historialov",
  "pk": 7,
  "fields": {
    "empresa": 1,
    "orden_venta": 49,
    "fecha_evento": "2025-06-16T10:45:16.588Z",
    "descripcion": "La OP OP-00030 ('Lámpara LED Estándar') cambió su estado de 'Pausada' a 'Producción Iniciada'.",
    "tipo_evento": null,
    "realizado_por": null
  }
},
{
  "model": "App_LUMINOVA.historialov",
  "pk": 8,
  "fields": {
    "empresa": 1,
    "orden_venta": 49,
    "fecha_evento": "2025-06-16T10:45:49.037Z",
    "descripcion": "La OP OP-00030 ('Lámpara LED Estándar') cambió su estado de 'Producción Iniciada' a 'Completada'.",
    "tipo_evento": null,
    "realizado_por": null
  }
},
{
  "model": "App_LUMINOVA.historialov",
  "pk": 9,
  "fields": {
    "empresa": 1,
    "orden_venta": 49,
    "fecha_evento": "2025-06-16T10:45:49.040Z",
    "descripcion": "Estado de la Orden de Venta cambió de 'Insumos Solicitados' a 'Lista para Entrega'.",
    "tipo_evento": null,
    "realizado_por": null
  }
},
{
  "model": "App_LUMINOVA.historialov",
  "pk": 10,
  "fields": {
    "empresa": 1,
    "orden_venta": 49,
    "fecha_evento": "2025-06-16T10:46:19.696Z",
    "descripcion": "Se generó la factura N° FACT-00029 por un total de $0.02.",
    "tipo_evento": "Facturado",
    "realizado_por": 1
  }
},
{
  "model": "App_LUMINOVA.historialov",
  "pk": 11,
  "fields": {
    "empresa": 1,
    "orden_venta": 49,
    "fecha_evento": "2025-06-16T10:46:33.248Z",
    "descripcion": "Lote de 1 x 'Lámpara LED Estándar' (de OP OP-00030) enviado al cliente.",
    "tipo_evento": "Envío",
    "realizado_por": 1
  }
},
{
  "model": "App_LUMINOVA.historialov",
  "pk": 12,
  "fields": {
    "empresa": 1,
    "orden_venta": 49,
    "fecha_evento": "2025-06-16T10:46:33.249Z",
    "descripcion": "Estado de la Orden de Venta cambió de 'Lista para Entrega' a 'Completada/Entregada'.",
    "tipo_evento": null,
    "realizado_por": null
  }
},
{
  "model": "App_LUMINOVA.historialov",
  "pk": 13,
  "fields": {
    "empresa": 1,
    "orden_venta": 50,
    "fecha_evento": "2025-06-16T11:37:09.260Z",
    "descripcion": "Orden de Venta creada en estado 'Pendiente Confirmación'.",
    "tipo_evento": null,
    "realizado_por": null
  }
},
{
  "model": "App_LUMINOVA.historialov",
  "pk": 14,
  "fields": {
    "empresa": 1,
    "orden_venta": 50,
    "fecha_evento": "2025-06-16T11:37:09.262Z",
    "descripcion": "Se generó la Orden de Producción OP-00031 para el producto 'Lámpara LED Estándar'.",
    "tipo_evento": null,
    "realizado_por": null
  }
},
{
  "model": "App_LUMINOVA.historialov",
  "pk": 15,
  "fields": {
    "empresa": 1,
    "orden_venta": 50,
    "fecha_evento": "2025-06-16T11:37:46.205Z",
    "descripcion": "La OP OP-00031 ('Lámpara LED Estándar') cambió su estado de 'Pendiente' a 'Insumos Solicitados'.",
    "tipo_evento": "Cambio Estado OP",
    "realizado_por": 1
  }
},
{
  "model": "App_LUMINOVA.historialov",
  "pk": 16,
  "fields": {
    "empresa": 1,
    "orden_venta": 50,
    "fecha_evento": "2025-06-16T11:37:46.206Z",
    "descripcion": "Estado de la OV cambió de 'Pendiente Confirmación' a 'Insumos Solicitados'.",
    "tipo_evento": "Cambio Estado OV",
    "realizado_por": 1
  }
},
{
  "model": "App_LUMINOVA.historialov",
  "pk": 17,
  "fields": {
    "empresa": 1,
    "orden_venta": 50,
    "fecha_evento": "2025-06-16T11:38:58.562Z",
    "descripcion": "La OP OP-00031 ('Lámpara LED Estándar') cambió su estado de 'Insumos Recibidos' a 'Producción Iniciada'.",
    "tipo_evento": "Cambio Estado OP",
    "realizado_por": 1
  }
},
{
  "model": "App_LUMINOVA.historialov",
  "pk": 18,
  "fields": {
    "empresa": 1,
    "orden_venta": 50,
    "fecha_evento": "2025-06-16T11:39:12.835Z",
    "descripcion": "La OP OP-00031 ('Lámpara LED Estándar') cambió su estado de 'Producción Iniciada' a 'Pausada'.",
    "tipo_evento": "Cambio Estado OP",
    "realizado_por": 1
  }
},
{
  "model": "App_LUMINOVA.historialov",
  "pk": 19,
  "fields": {
    "empresa": 1,
    "orden_venta": 50,
    "fecha_evento": "2025-06-16T11:39:37.256Z",
    "descripcion": "Se creó el reporte N° RP-00014 por 'Falla de Maquinaria' en la OP OP-00031. Detalle: \"Se espera por mantenimiento...\"",
    "tipo_evento": "Reporte de Incidencia",
    "realizado_por": 1
  }
},
{
  "model": "App_LUMINOVA.historialov",
  "pk": 20,
  "fields": {
    "empresa": 1,
    "orden_venta": 50,
    "fecha_evento": "2025-06-16T11:40:16.821Z",
    "descripcion": "La OP OP-00031 ('Lámpara LED Estándar') cambió su estado de 'Pausada' a 'Producción Iniciada'.",
    "tipo_evento": "Cambio Estado OP",
    "realizado_por": 1
  }
},
{
  "model": "App_LUMINOVA.historialov",
  "pk": 21,
  "fields": {
    "empresa": 1,
    "orden_venta": 50,
    "fecha_evento": "2025-06-16T11:40:27.633Z",
    "descripcion": "La OP OP-00031 ('Lámpara LED Estándar') cambió su estado de 'Producción Iniciada' a 'Completada'.",
    "tipo_evento": "Cambio Estado OP",
    "realizado_por": 1
  }
},
{
  "model": "App_LUMINOVA.historialov",
  "pk": 22,
  "fields": {
    "empresa": 1,
    "orden_venta": 50,
    "fecha_evento": "2025-06-16T11:40:27.639Z",
    "descripcion": "Estado de la OV cambió de 'Insumos Solicitados' a 'Lista para Entrega'.",
    "tipo_evento": "Cambio Estado OV",
    "realizado_por": 1
  }
},
{
  "model": "App_LUMINOVA.historialov",
  "pk": 23,
  "fields": {
    "empresa": 1,
    "orden_venta": 50,
    "fecha_evento": "2025-06-16T11:40:41.347Z",
    "descripcion": "Se generó la factura N° FACT-00030 por un total de $0.02.",
    "tipo_evento": "Facturado",
    "realizado_por": 1
  }
},
{
  "model": "App_LUMINOVA.historialov",
  "pk": 24,
  "fields": {
    "empresa": 1,
    "orden_venta": 50,
    "fecha_evento": "2025-06-16T11:41:06.245Z",
    "descripcion": "Lote de 1 x 'Lámpara LED Estándar' (de OP OP-00031) enviado al cliente.",
    "tipo_evento": "Envío",
    "realizado_por": 1
  }
},
{
  "model": "App_LUMINOVA.historialov",
  "pk": 25,
  "fields": {
    "empresa": 1,
    "orden_venta": 50,
    "fecha_evento": "2025-06-16T11:41:06.246Z",
    "descripcion": "Estado de la Orden de Venta cambió de 'Lista para Entrega' a 'Completada/Entregada'.",
    "tipo_evento": "Cambio Estado OV",
    "realizado_por": 1
  }
},
{
  "model": "App_LUMINOVA.historialov",
  "pk": 26,
  "fields": {
    "empresa": 1,
    "orden_venta": 51,
    "fecha_evento": "2025-06-16T12:46:13.102Z",
    "descripcion": "Orden de Venta creada en estado 'Pendiente Confirmación'.",
    "tipo_evento": null,
    "realizado_por": null
  }
},
{
  "model": "App_LUMINOVA.historialov",
  "pk": 27,
  "fields": {
    "empresa": 1,
    "orden_venta": 51,
    "fecha_evento": "2025-06-16T12:46:13.107Z",
    "descripcion": "Se generó la Orden de Producción OP-00032 para el producto 'Lámpara LED Estándar'.",
    "tipo_evento": null,
    "realizado_por": null
  }
},
{
  "model": "App_LUMINOVA.historialov",
  "pk": 28,
  "fields": {
    "empresa": 1,
    "orden_venta": 51,
    "fecha_evento": "2025-06-16T12:46:35.994Z",
    "descripcion": "La OP OP-00032 ('Lámpara LED Estándar') cambió su estado de 'Pendiente' a 'Insumos Solicitados'.",
    "tipo_evento": "Cambio Estado OP",
    "realizado_por": 1
  }
},
{
  "model": "App_LUMINOVA.historialov",
  "pk": 29,
  "fields": {
    "empresa": 1,
    "orden_venta": 51,
    "fecha_evento": "2025-06-16T12:46:35.995Z",
    "descripcion": "Estado de la OV cambió de 'Pendiente Confirmación' a 'Insumos Solicitados'.",
    "tipo_evento": "Cambio Estado OV",
    "realizado_por": 1
  }
},
{
  "model": "App_LUMINOVA.historialov",
  "pk": 30,
  "fields": {
    "empresa": 1,
    "orden_venta": 51,
    "fecha_evento": "2025-06-16T12:46:55.979Z",
    "descripcion": "La OP OP-00032 ('Lámpara LED Estándar') cambió su estado de 'Insumos Recibidos' a 'Pausada'.",
    "tipo_evento": "Cambio Estado OP",
    "realizado_por": 1
  }
},
{
  "model": "App_LUMINOVA.historialov",
  "pk": 31,
  "fields": {
    "empresa": 1,
    "orden_venta": 51,
    "fecha_evento": "2025-06-16T12:47:11.040Z",
    "descripcion": "Se creó el reporte N° RP-00015 por 'Falta de Insumos' en la OP OP-00032. Detalle: \"Esperando Insumos faltantes...\"",
    "tipo_evento": "Reporte de Incidencia",
    "realizado_por": 1
  }
},
{
  "model": "App_LUMINOVA.historialov",
  "pk": 32,
  "fields": {
    "empresa": 1,
    "orden_venta": 52,
    "fecha_evento": "2025-06-16T12:48:32.808Z",
    "descripcion": "Orden de Venta creada en estado 'Pendiente Confirmación'.",
    "tipo_evento": null,
    "realizado_por": null
  }
},
{
  "model": "App_LUMINOVA.historialov",
  "pk": 33,
  "fields": {
    "empresa": 1,
    "orden_venta": 52,
    "fecha_evento": "2025-06-16T12:48:32.810Z",
    "descripcion": "Se generó la Orden de Producción OP-00033 para el producto 'Lámpara LED Estándar'.",
    "tipo_evento": null,
    "realizado_por": null
  }
},
{
  "model": "App_LUMINOVA.historialov",
  "pk": 34,
  "fields": {
    "empresa": 1,
    "orden_venta": 52,
    "fecha_evento": "2025-06-16T12:49:02.074Z",
    "descripcion": "La OP OP-00033 ('Lámpara LED Estándar') cambió su estado de 'Pendiente' a 'Insumos Solicitados'.",
    "tipo_evento": "Cambio Estado OP",
    "realizado_por": 1
  }
},
{
  "model": "App_LUMINOVA.historialov",
  "pk": 35,
  "fields": {
    "empresa": 1,
    "orden_venta": 52,
    "fecha_evento": "2025-06-16T12:49:02.075Z",
    "descripcion": "Estado de la OV cambió de 'Pendiente Confirmación' a 'Insumos Solicitados'.",
    "tipo_evento": "Cambio Estado OV",
    "realizado_por": 1
  }
},
{
  "model": "App_LUMINOVA.historialov",
  "pk": 36,
  "fields": {
    "empresa": 1,
    "orden_venta": 47,
    "fecha_evento": "2025-06-16T14:22:06.543Z",
    "descripcion": "Lote de 100 x 'Lámpara LED Estándar' (de OP OP-00028) enviado al cliente.",
    "tipo_evento": "Envío",
    "realizado_por": 1
  }
},
{
  "model": "App_LUMINOVA.historialov",
  "pk": 37,
  "fields": {
    "empresa": 1,
    "orden_venta": 47,
    "fecha_evento": "2025-06-16T14:22:06.545Z",
    "descripcion": "Estado de la Orden de Venta cambió de 'Completada/Entregada' a 'Completada/Entregada'.",
    "tipo_evento": "Cambio Estado OV",
    "realizado_por": 1
  }
},
{
  "model": "App_LUMINOVA.historialov",
  "pk": 38,
  "fields": {
    "empresa": 1,
    "orden_venta": 46,
    "fecha_evento": "2025-06-16T14:22:11.550Z",
    "descripcion": "Lote de 100 x 'Lámpara LED Estándar' (de OP OP-00027) enviado al cliente.",
    "tipo_evento": "Envío",
    "realizado_por": 1
  }
},
{
  "model": "App_LUMINOVA.historialov",
  "pk": 39,
  "fields": {
    "empresa": 1,
    "orden_venta": 46,
    "fecha_evento": "2025-06-16T14:22:15.182Z",
    "descripcion": "Lote de 11 x 'Lámpara LED Estándar' (de OP OP-00026) enviado al cliente.",
    "tipo_evento": "Envío",
    "realizado_por": 1
  }
},
{
  "model": "App_LUMINOVA.historialov",
  "pk": 40,
  "fields": {
    "empresa": 1,
    "orden_venta": 46,
    "fecha_evento": "2025-06-16T14:22:15.184Z",
    "descripcion": "Estado de la Orden de Venta cambió de 'Completada/Entregada' a 'Completada/Entregada'.",
    "tipo_evento": "Cambio Estado OV",
    "realizado_por": 1
  }
},
{
  "model": "App_LUMINOVA.historialov",
  "pk": 41,
  "fields": {
    "empresa": 1,
    "orden_venta": 45,
    "fecha_evento": "2025-06-16T14:22:23.490Z",
    "descripcion": "Lote de 100 x 'Lámpara LED Estándar' (de OP OP-00025) enviado al cliente.",
    "tipo_evento": "Envío",
    "realizado_por": 1
  }
},
{
  "model": "App_LUMINOVA.historialov",
  "pk": 42,
  "fields": {
    "empresa": 1,
    "orden_venta": 45,
    "fecha_evento": "2025-06-16T14:22:23.491Z",
    "descripcion": "Estado de la Orden de Venta cambió de 'Completada/Entregada' a 'Completada/Entregada'.",
    "tipo_evento": "Cambio Estado OV",
    "realizado_por": 1
  }
},
{
  "model": "App_LUMINOVA.historialov",
  "pk": 43,
  "fields": {
    "empresa": 1,
    "orden_venta": 52,
    "fecha_evento": "2025-06-17T12:47:48.208Z",
    "descripcion": "La OP OP-00033 ('Lámpara LED Estándar') cambió su estado de 'Insumos Recibidos' a 'Producción Iniciada'.",
    "tipo_evento": "Cambio Estado OP",
    "realizado_por": 1
  }
},
{
  "model": "App_LUMINOVA.historialov",
  "pk": 44,
  "fields": {
    "empresa": 1,
    "orden_venta": 52,
    "fecha_evento": "2025-06-17T12:47:52.620Z",
    "descripcion": "La OP OP-00033 ('Lámpara LED Estándar') cambió su estado de 'Producción Iniciada' a 'Completada'.",
    "tipo_evento": "Cambio Estado OP",
    "realizado_por": 1
  }
},
{
  "model": "App_LUMINOVA.historialov",
  "pk": 45,
  "fields": {
    "empresa": 1,
    "orden_venta": 52,
    "fecha_evento": "2025-06-17T12:47:52.622Z",
    "descripcion": "Estado de la OV cambió de 'Insumos Solicitados' a 'Lista para Entrega'.",
    "tipo_evento": "Cambio Estado OV",
    "realizado_por": 1
  }
},
{
  "model": "App_LUMINOVA.historialov",
  "pk": 46,
  "fields": {
    "empresa": 1,
    "orden_venta": 52,
    "fecha_evento": "2025-06-17T12:48:05.067Z",
    "descripcion": "Se generó la factura N° FACT-00031 por un total de $0.02.",
    "tipo_evento": "Facturado",
    "realizado_por": 1
  }
},
{
  "model": "App_LUMINOVA.historialov",
  "pk": 47,
  "fields": {
    "empresa": 1,
    "orden_venta": 53,
    "fecha_evento": "2025-06-18T20:49:00.537Z",
    "descripcion": "Orden de Venta creada en estado 'Pendiente Confirmación'.",
    "tipo_evento": null,
    "realizado_por": null
  }
},
{
  "model": "App_LUMINOVA.historialov",
  "pk": 48,
  "fields": {
    "empresa": 1,
    "orden_venta": 53,
    "fecha_evento": "2025-06-18T20:49:00.542Z",
    "descripcion": "Se generó la Orden de Producción OP-00034 para el producto 'Downlight LED empotrable'.",
    "tipo_evento": null,
    "realizado_por": null
  }
},
{
  "model": "App_LUMINOVA.historialov",
  "pk": 49,
  "fields": {
    "empresa": 1,
    "orden_venta": 53,
    "fecha_evento": "2025-06-18T20:49:00.544Z",
    "descripcion": "Se generó la Orden de Producción OP-00035 para el producto 'Lámpara LED Estándar'.",
    "tipo_evento": null,
    "realizado_por": null
  }
},
{
  "model": "App_LUMINOVA.historialov",
  "pk": 50,
  "fields": {
    "empresa": 1,
    "orden_venta": 53,
    "fecha_evento": "2025-06-18T20:59:36.017Z",
    "descripcion": "La OP OP-00034 ('Downlight LED empotrable') cambió su estado de 'Pendiente' a 'Insumos Solicitados'.",
    "tipo_evento": "Cambio Estado OP",
    "realizado_por": 1
  }
},
{
  "model": "App_LUMINOVA.historialov",
  "pk": 51,
  "fields": {
    "empresa": 1,
    "orden_venta": 53,
    "fecha_evento": "2025-06-18T20:59:36.018Z",
    "descripcion": "Estado de la OV cambió de 'Pendiente Confirmación' a 'Insumos Solicitados'.",
    "tipo_evento": "Cambio Estado OV",
    "realizado_por": 1
  }
},
{
  "model": "App_LUMINOVA.historialov",
  "pk": 52,
  "fields": {
    "empresa": 1,
    "orden_venta": 53,
    "fecha_evento": "2025-06-18T21:00:50.323Z",
    "descripcion": "La OP OP-00034 ('Downlight LED empotrable') cambió su estado de 'Insumos Recibidos' a 'Producción Iniciada'.",
    "tipo_evento": "Cambio Estado OP",
    "realizado_por": 1
  }
},
{
  "model": "App_LUMINOVA.historialov",
  "pk": 53,
  "fields": {
    "empresa": 1,
    "orden_venta": 53,
    "fecha_evento": "2025-06-18T21:01:32.789Z",
    "descripcion": "La OP OP-00034 ('Downlight LED empotrable') cambió su estado de 'Producción Iniciada' a 'Pausada'.",
    "tipo_evento": "Cambio Estado OP",
    "realizado_por": 1
  }
},
{
  "model": "App_LUMINOVA.historialov",
  "pk": 54,
  "fields": {
    "empresa": 1,
    "orden_venta": 53,
    "fecha_evento": "2025-06-18T21:03:29.789Z",
    "descripcion": "Se creó el reporte N° RP-00016 por 'Falla de Maquinaria' en la OP OP-00034. Detalle: \"Falla la maquina X...\"",
    "tipo_evento": "Reporte de Incidencia",
    "realizado_por": 1
  }
},
{
  "model": "App_LUMINOVA.historialov",
  "pk": 55,
  "fields": {
    "empresa": 1,
    "orden_venta": 53,
    "fecha_evento": "2025-06-18T21:09:44.681Z",
    "descripcion": "La OP OP-00034 ('Downlight LED empotrable') cambió su estado de 'Pausada' a 'Producción Iniciada'.",
    "tipo_evento": "Cambio Estado OP",
    "realizado_por": 1
  }
},
{
  "model": "App_LUMINOVA.historialov",
  "pk": 56,
  "fields": {
    "empresa": 1,
    "orden_venta": 53,
    "fecha_evento": "2025-06-18T21:09:48.601Z",
    "descripcion": "La OP OP-00034 ('Downlight LED empotrable') cambió su estado de 'Producción Iniciada' a 'Completada'.",
    "tipo_evento": "Cambio Estado OP",
    "realizado_por": 1
  }
},
{
  "model": "App_LUMINOVA.historialov",
  "pk": 57,
  "fields": {
    "empresa": 1,
    "orden_venta": 53,
    "fecha_evento": "2025-06-18T21:12:00.789Z",
    "descripcion": "La OP OP-00035 ('Lámpara LED Estándar') cambió su estado de 'Pendiente' a 'Insumos Solicitados'.",
    "tipo_evento": "Cambio Estado OP",
    "realizado_por": 1
  }
},
{
  "model": "App_LUMINOVA.historialov",
  "pk": 58,
  "fields": {
    "empresa": 1,
    "orden_venta": 53,
    "fecha_evento": "2025-06-18T21:12:32.085Z",
    "descripcion": "La OP OP-00035 ('Lámpara LED Estándar') cambió su estado de 'Insumos Recibidos' a 'Pausada'.",
    "tipo_evento": "Cambio Estado OP",
    "realizado_por": 1
  }
},
{
  "model": "App_LUMINOVA.historialov",
  "pk": 59,
  "fields": {
    "empresa": 1,
    "orden_venta": 53,
    "fecha_evento": "2025-06-18T21:12:57.010Z",
    "descripcion": "Se creó el reporte N° RP-00017 por 'Problema de Personal' en la OP OP-00035. Detalle: \"Se cagaron a palos...\"",
    "tipo_evento": "Reporte de Incidencia",
    "realizado_por": 1
  }
},
{
  "model": "App_LUMINOVA.historialov",
  "pk": 60,
  "fields": {
    "empresa": 1,
    "orden_venta": 53,
    "fecha_evento": "2025-06-18T21:13:13.645Z",
    "descripcion": "La OP OP-00035 ('Lámpara LED Estándar') cambió su estado de 'Pausada' a 'Producción Iniciada'.",
    "tipo_evento": "Cambio Estado OP",
    "realizado_por": 1
  }
},
{
  "model": "App_LUMINOVA.historialov",
  "pk": 61,
  "fields": {
    "empresa": 1,
    "orden_venta": 53,
    "fecha_evento": "2025-06-18T21:13:22.661Z",
    "descripcion": "La OP OP-00035 ('Lámpara LED Estándar') cambió su estado de 'Producción Iniciada' a 'Completada'.",
    "tipo_evento": "Cambio Estado OP",
    "realizado_por": 1
  }
},
{
  "model": "App_LUMINOVA.historialov",
  "pk": 62,
  "fields": {
    "empresa": 1,
    "orden_venta": 53,
    "fecha_evento": "2025-06-18T21:13:22.664Z",
    "descripcion": "Estado de la OV cambió de 'Insumos Solicitados' a 'Lista para Entrega'.",
    "tipo_evento": "Cambio Estado OV",
    "realizado_por": 1
  }
},
{
  "model": "App_LUMINOVA.historialov",
  "pk": 63,
  "fields": {
    "empresa": 1,
    "orden_venta": 53,
    "fecha_evento": "2025-06-18T21:17:33.437Z",
    "descripcion": "Lote de 5 x 'Lámpara LED Estándar' (de OP OP-00035) enviado al cliente.",
    "tipo_evento": "Envío",
    "realizado_por": 1
  }
},
{
  "model": "App_LUMINOVA.historialov",
  "pk": 64,
  "fields": {
    "empresa": 1,
    "orden_venta": 53,
    "fecha_evento": "2025-06-18T21:21:09.400Z",
    "descripcion": "Se generó la factura N° FACT-00032 por un total de $90.10.",
    "tipo_evento": "Facturado",
    "realizado_por": 1
  }
},
{
  "model": "App_LUMINOVA.historialov",
  "pk": 65,
  "fields": {
    "empresa": 1,
    "orden_venta": 54,
    "fecha_evento": "2025-06-18T21:34:35.753Z",
    "descripcion": "Orden de Venta creada en estado 'Pendiente Confirmación'.",
    "tipo_evento": null,
    "realizado_por": null
  }
},
{
  "model": "App_LUMINOVA.historialov",
  "pk": 66,
  "fields": {
    "empresa": 1,
    "orden_venta": 54,
    "fecha_evento": "2025-06-18T21:34:35.755Z",
    "descripcion": "Se generó la Orden de Producción OP-00036 para el producto 'Lámpara LED Estándar'.",
    "tipo_evento": null,
    "realizado_por": null
  }
},
{
  "model": "App_LUMINOVA.historialov",
  "pk": 67,
  "fields": {
    "empresa": 1,
    "orden_venta": 54,
    "fecha_evento": "2025-06-18T21:35:11.460Z",
    "descripcion": "La OP OP-00036 ('Lámpara LED Estándar') cambió su estado de 'Pendiente' a 'Insumos Solicitados'.",
    "tipo_evento": "Cambio Estado OP",
    "realizado_por": 1
  }
},
{
  "model": "App_LUMINOVA.historialov",
  "pk": 68,
  "fields": {
    "empresa": 1,
    "orden_venta": 54,
    "fecha_evento": "2025-06-18T21:35:11.461Z",
    "descripcion": "Estado de la OV cambió de 'Pendiente Confirmación' a 'Insumos Solicitados'.",
    "tipo_evento": "Cambio Estado OV",
    "realizado_por": 1
  }
},
{
  "model": "App_LUMINOVA.historialov",
  "pk": 69,
  "fields": {
    "empresa": 1,
    "orden_venta": 54,
    "fecha_evento": "2025-06-18T21:38:59.031Z",
    "descripcion": "La OP OP-00036 ('Lámpara LED Estándar') cambió su estado de 'Insumos Recibidos' a 'Producción Iniciada'.",
    "tipo_evento": "Cambio Estado OP",
    "realizado_por": 1
  }
},
{
  "model": "App_LUMINOVA.historialov",
  "pk": 70,
  "fields": {
    "empresa": 1,
    "orden_venta": 54,
    "fecha_evento": "2025-06-18T21:39:29.302Z",
    "descripcion": "La OP OP-00036 ('Lámpara LED Estándar') cambió su estado de 'Producción Iniciada' a 'Completada'.",
    "tipo_evento": "Cambio Estado OP",
    "realizado_por": 1
  }
},
{
  "model": "App_LUMINOVA.historialov",
  "pk": 71,
  "fields": {
    "empresa": 1,
    "orden_venta": 54,
    "fecha_evento": "2025-06-18T21:39:29.305Z",
    "descripcion": "Estado de la OV cambió de 'Insumos Solicitados' a 'Lista para Entrega'.",
    "tipo_evento": "Cambio Estado OV",
    "realizado_por": 1
  }
},
{
  "model": "App_LUMINOVA.historialov",
  "pk": 72,
  "fields": {
    "empresa": 1,
    "orden_venta": 54,
    "fecha_evento": "2025-06-18T21:41:14.806Z",
    "descripcion": "Lote de 2 x 'Lámpara LED Estándar' (de OP OP-00036) enviado al cliente.",
    "tipo_evento": "Envío",
    "realizado_por": 1
  }
},
{
  "model": "App_LUMINOVA.historialov",
  "pk": 73,
  "fields": {
    "empresa": 1,
    "orden_venta": 54,
    "fecha_evento": "2025-06-18T21:41:14.806Z",
    "descripcion": "Estado de la Orden de Venta cambió de 'Lista para Entrega' a 'Completada/Entregada'.",
    "tipo_evento": "Cambio Estado OV",
    "realizado_por": 1
  }
},
{
  "model": "App_LUMINOVA.historialov",
  "pk": 74,
  "fields": {
    "empresa": 1,
    "orden_venta": 54,
    "fecha_evento": "2025-06-18T21:41:49.423Z",
    "descripcion": "Se generó la factura N° FACT-00034 por un total de $0.04.",
    "tipo_evento": "Facturado",
    "realizado_por": 1
  }
},
{
  "model": "App_LUMINOVA.historialov",
  "pk": 75,
  "fields": {
    "empresa": 1,
    "orden_venta": 55,
    "fecha_evento": "2025-06-18T21:44:08.709Z",
    "descripcion": "Orden de Venta creada en estado 'Pendiente Confirmación'.",
    "tipo_evento": null,
    "realizado_por": null
  }
},
{
  "model": "App_LUMINOVA.historialov",
  "pk": 76,
  "fields": {
    "empresa": 1,
    "orden_venta": 55,
    "fecha_evento": "2025-06-18T21:44:08.711Z",
    "descripcion": "Se generó la Orden de Producción OP-00037 para el producto 'Lámpara LED Estándar'.",
    "tipo_evento": null,
    "realizado_por": null
  }
},
{
  "model": "App_LUMINOVA.historialov",
  "pk": 77,
  "fields": {
    "empresa": 1,
    "orden_venta": 55,
    "fecha_evento": "2025-06-18T21:44:21.140Z",
    "descripcion": "La OP OP-00037 ('Lámpara LED Estándar') cambió su estado de 'Pendiente' a 'Insumos Solicitados'.",
    "tipo_evento": "Cambio Estado OP",
    "realizado_por": 1
  }
},
{
  "model": "App_LUMINOVA.historialov",
  "pk": 78,
  "fields": {
    "empresa": 1,
    "orden_venta": 55,
    "fecha_evento": "2025-06-18T21:44:21.141Z",
    "descripcion": "Estado de la OV cambió de 'Pendiente Confirmación' a 'Insumos Solicitados'.",
    "tipo_evento": "Cambio Estado OV",
    "realizado_por": 1
  }
},
{
  "model": "App_LUMINOVA.historialov",
  "pk": 79,
  "fields": {
    "empresa": 1,
    "orden_venta": 55,
    "fecha_evento": "2025-06-18T21:44:28.698Z",
    "descripcion": "La OP OP-00037 ('Lámpara LED Estándar') cambió su estado de 'Insumos Recibidos' a 'Producción Iniciada'.",
    "tipo_evento": "Cambio Estado OP",
    "realizado_por": 1
  }
},
{
  "model": "App_LUMINOVA.historialov",
  "pk": 80,
  "fields": {
    "empresa": 1,
    "orden_venta": 55,
    "fecha_evento": "2025-06-18T21:44:32.206Z",
    "descripcion": "La OP OP-00037 ('Lámpara LED Estándar') cambió su estado de 'Producción Iniciada' a 'Completada'.",
    "tipo_evento": "Cambio Estado OP",
    "realizado_por": 1
  }
},
{
  "model": "App_LUMINOVA.historialov",
  "pk": 81,
  "fields": {
    "empresa": 1,
    "orden_venta": 55,
    "fecha_evento": "2025-06-18T21:44:32.210Z",
    "descripcion": "Estado de la OV cambió de 'Insumos Solicitados' a 'Lista para Entrega'.",
    "tipo_evento": "Cambio Estado OV",
    "realizado_por": 1
  }
},
{
  "model": "App_LUMINOVA.historialov",
  "pk": 82,
  "fields": {
    "empresa": 1,
    "orden_venta": 55,
    "fecha_evento": "2025-06-18T21:45:45.071Z",
    "descripcion": "Se generó la factura N° FACT-00035 por un total de $0.06.",
    "tipo_evento": "Facturado",
    "realizado_por": 1
  }
},
{
  "model": "App_LUMINOVA.historialov",
  "pk": 83,
  "fields": {
    "empresa": 1,
    "orden_venta": 55,
    "fecha_evento": "2025-06-18T21:47:13.788Z",
    "descripcion": "Lote de 3 x 'Lámpara LED Estándar' (de OP OP-00037) enviado al cliente.",
    "tipo_evento": "Envío",
    "realizado_por": 1
  }
},
{
  "model": "App_LUMINOVA.historialov",
  "pk": 84,
  "fields": {
    "empresa": 1,
    "orden_venta": 55,
    "fecha_evento": "2025-06-18T21:47:13.789Z",
    "descripcion": "Estado de la Orden de Venta cambió de 'Lista para Entrega' a 'Completada/Entregada'.",
    "tipo_evento": "Cambio Estado OV",
    "realizado_por": 1
  }
},
{
  "model": "App_LUMINOVA.historialov",
  "pk": 85,
  "fields": {
    "empresa": 1,
    "orden_venta": 56,
    "fecha_evento": "2025-06-18T22:46:34.815Z",
    "descripcion": "Orden de Venta creada en estado 'Pendiente Confirmación'.",
    "tipo_evento": null,
    "realizado_por": null
  }
},
{
  "model": "App_LUMINOVA.historialov",
  "pk": 86,
  "fields": {
    "empresa": 1,
    "orden_venta": 56,
    "fecha_evento": "2025-06-18T22:46:34.820Z",
    "descripcion": "Se generó la Orden de Producción OP-00038 para el producto 'Downlight LED empotrable'.",
    "tipo_evento": null,
    "realizado_por": null
  }
},
{
  "model": "App_LUMINOVA.historialov",
  "pk": 87,
  "fields": {
    "empresa": 1,
    "orden_venta": 57,
    "fecha_evento": "2025-06-18T23:18:35.234Z",
    "descripcion": "Orden de Venta creada en estado 'Pendiente Confirmación'.",
    "tipo_evento": null,
    "realizado_por": null
  }
},
{
  "model": "App_LUMINOVA.historialov",
  "pk": 88,
  "fields": {
    "empresa": 1,
    "orden_venta": 57,
    "fecha_evento": "2025-06-18T23:18:35.237Z",
    "descripcion": "Se generó la Orden de Producción OP-00039 para el producto 'Downlight LED empotrable'.",
    "tipo_evento": null,
    "realizado_por": null
  }
},
{
  "model": "App_LUMINOVA.historialov",
  "pk": 89,
  "fields": {
    "empresa": 1,
    "orden_venta": 56,
    "fecha_evento": "2025-06-20T00:22:18.953Z",
    "descripcion": "La OP OP-00038 ('Downlight LED empotrable') cambió su estado de 'Planificada' a 'Insumos Solicitados'.",
    "tipo_evento": "Cambio Estado OP",
    "realizado_por": 1
  }
},
{
  "model": "App_LUMINOVA.historialov",
  "pk": 90,
  "fields": {
    "empresa": 1,
    "orden_venta": 56,
    "fecha_evento": "2025-06-20T00:22:18.954Z",
    "descripcion": "Estado de la OV cambió de 'Pendiente Confirmación' a 'Insumos Solicitados'.",
    "tipo_evento": "Cambio Estado OV",
    "realizado_por": 1
  }
},
{
  "model": "App_LUMINOVA.historialov",
  "pk": 91,
  "fields": {
    "empresa": 1,
    "orden_venta": 56,
    "fecha_evento": "2025-06-20T00:23:02.481Z",
    "descripcion": "La OP OP-00038 ('Downlight LED empotrable') cambió su estado de 'Insumos Recibidos' a 'Pausada'.",
    "tipo_evento": "Cambio Estado OP",
    "realizado_por": 1
  }
},
{
  "model": "App_LUMINOVA.historialov",
  "pk": 92,
  "fields": {
    "empresa": 1,
    "orden_venta": 56,
    "fecha_evento": "2025-06-20T00:23:15.697Z",
    "descripcion": "Se creó el reporte N° RP-00018 por 'Falla de Maquinaria' en la OP OP-00038. Detalle: \"Falla...\"",
    "tipo_evento": "Reporte de Incidencia",
    "realizado_por": 1
  }
},
{
  "model": "App_LUMINOVA.historialov",
  "pk": 93,
  "fields": {
    "empresa": 1,
    "orden_venta": 56,
    "fecha_evento": "2025-06-20T00:26:42.933Z",
    "descripcion": "La OP OP-00038 ('Downlight LED empotrable') cambió su estado de 'Pausada' a 'Producción Iniciada'.",
    "tipo_evento": "Cambio Estado OP",
    "realizado_por": 1
  }
},
{
  "model": "App_LUMINOVA.historialov",
  "pk": 94,
  "fields": {
    "empresa": 1,
    "orden_venta": 56,
    "fecha_evento": "2025-06-20T00:27:21.454Z",
    "descripcion": "La OP OP-00038 ('Downlight LED empotrable') cambió su estado de 'Producción Iniciada' a 'Completada'.",
    "tipo_evento": "Cambio Estado OP",
    "realizado_por": 1
  }
},
{
  "model": "App_LUMINOVA.historialov",
  "pk": 95,
  "fields": {
    "empresa": 1,
    "orden_venta": 56,
    "fecha_evento": "2025-06-20T00:27:21.457Z",
    "descripcion": "Estado de la OV cambió de 'Insumos Solicitados' a 'Lista para Entrega'.",
    "tipo_evento": "Cambio Estado OV",
    "realizado_por": 1
  }
},
{
  "model": "App_LUMINOVA.historialov",
  "pk": 96,
  "fields": {
    "empresa": 1,
    "orden_venta": 56,
    "fecha_evento": "2025-06-20T00:29:28.521Z",
    "descripcion": "Se generó la factura N° FACT-00035 por un total de $30.00.",
    "tipo_evento": "Facturado",
    "realizado_por": 1
  }
},
{
  "model": "App_LUMINOVA.historialov",
  "pk": 97,
  "fields": {
    "empresa": 1,
    "orden_venta": 56,
    "fecha_evento": "2025-06-20T00:29:54.146Z",
    "descripcion": "Lote de 1 x 'Downlight LED empotrable' (de OP OP-00038) enviado al cliente.",
    "tipo_evento": "Envío",
    "realizado_por": 1
  }
},
{
  "model": "App_LUMINOVA.historialov",
  "pk": 98,
  "fields": {
    "empresa": 1,
    "orden_venta": 56,
    "fecha_evento": "2025-06-20T00:29:54.147Z",
    "descripcion": "Estado de la Orden de Venta cambió de 'Lista para Entrega' a 'Completada/Entregada'.",
    "tipo_evento": "Cambio Estado OV",
    "realizado_por": 1
  }
},
{
  "model": "App_LUMINOVA.historialov",
  "pk": 99,
  "fields": {
    "empresa": 1,
    "orden_venta": 58,
    "fecha_evento": "2025-06-20T00:31:42.468Z",
    "descripcion": "Orden de Venta creada en estado 'Pendiente Confirmación'.",
    "tipo_evento": null,
    "realizado_por": null
  }
},
{
  "model": "App_LUMINOVA.historialov",
  "pk": 100,
  "fields": {
    "empresa": 1,
    "orden_venta": 58,
    "fecha_evento": "2025-06-20T00:31:42.471Z",
    "descripcion": "Se generó la Orden de Producción OP-00040 para el producto 'Downlight LED empotrable'.",
    "tipo_evento": null,
    "realizado_por": null
  }
},
{
  "model": "App_LUMINOVA.historialov",
  "pk": 101,
  "fields": {
    "empresa": 1,
    "orden_venta": 58,
    "fecha_evento": "2025-06-20T00:33:43.109Z",
    "descripcion": "La OP OP-00040 ('Downlight LED empotrable') cambió su estado de 'Pendiente' a 'Insumos Solicitados'.",
    "tipo_evento": "Cambio Estado OP",
    "realizado_por": 1
  }
},
{
  "model": "App_LUMINOVA.historialov",
  "pk": 102,
  "fields": {
    "empresa": 1,
    "orden_venta": 58,
    "fecha_evento": "2025-06-20T00:33:43.111Z",
    "descripcion": "Estado de la OV cambió de 'Pendiente Confirmación' a 'Insumos Solicitados'.",
    "tipo_evento": "Cambio Estado OV",
    "realizado_por": 1
  }
},
{
  "model": "App_LUMINOVA.historialov",
  "pk": 103,
  "fields": {
    "empresa": 1,
    "orden_venta": 58,
    "fecha_evento": "2025-06-20T00:34:10.680Z",
    "descripcion": "La OP OP-00040 ('Downlight LED empotrable') cambió su estado de 'Insumos Recibidos' a 'Pausada'.",
    "tipo_evento": "Cambio Estado OP",
    "realizado_por": 1
  }
},
{
  "model": "App_LUMINOVA.historialov",
  "pk": 104,
  "fields": {
    "empresa": 1,
    "orden_venta": 58,
    "fecha_evento": "2025-06-20T00:34:24.176Z",
    "descripcion": "Se creó el reporte N° RP-00019 por 'Problema de Personal' en la OP OP-00040. Detalle: \"No se...\"",
    "tipo_evento": "Reporte de Incidencia",
    "realizado_por": 1
  }
},
{
  "model": "App_LUMINOVA.historialov",
  "pk": 105,
  "fields": {
    "empresa": 1,
    "orden_venta": 59,
    "fecha_evento": "2025-06-20T00:36:13.802Z",
    "descripcion": "Orden de Venta creada en estado 'Pendiente Confirmación'.",
    "tipo_evento": null,
    "realizado_por": null
  }
},
{
  "model": "App_LUMINOVA.historialov",
  "pk": 106,
  "fields": {
    "empresa": 1,
    "orden_venta": 59,
    "fecha_evento": "2025-06-20T00:36:13.805Z",
    "descripcion": "Se generó la Orden de Producción OP-00041 para el producto 'Lámpara LED Estándar'.",
    "tipo_evento": null,
    "realizado_por": null
  }
},
{
  "model": "App_LUMINOVA.historialov",
  "pk": 107,
  "fields": {
    "empresa": 1,
    "orden_venta": 60,
    "fecha_evento": "2025-06-20T00:36:40.111Z",
    "descripcion": "Orden de Venta creada en estado 'Pendiente Confirmación'.",
    "tipo_evento": null,
    "realizado_por": null
  }
},
{
  "model": "App_LUMINOVA.historialov",
  "pk": 108,
  "fields": {
    "empresa": 1,
    "orden_venta": 60,
    "fecha_evento": "2025-06-20T00:36:40.114Z",
    "descripcion": "Se generó la Orden de Producción OP-00042 para el producto 'Lámpara LED Estándar'.",
    "tipo_evento": null,
    "realizado_por": null
  }
},
{
  "model": "App_LUMINOVA.historialov",
  "pk": 109,
  "fields": {
    "empresa": 1,
    "orden_venta": 60,
    "fecha_evento": "2025-06-20T00:37:01.864Z",
    "descripcion": "La OP OP-00042 ('Lámpara LED Estándar') cambió su estado de 'Pendiente' a 'Insumos Solicitados'.",
    "tipo_evento": "Cambio Estado OP",
    "realizado_por": 1
  }
},
{
  "model": "App_LUMINOVA.historialov",
  "pk": 110,
  "fields": {
    "empresa": 1,
    "orden_venta": 60,
    "fecha_evento": "2025-06-20T00:37:01.865Z",
    "descripcion": "Estado de la OV cambió de 'Pendiente Confirmación' a 'Insumos Solicitados'.",
    "tipo_evento": "Cambio Estado OV",
    "realizado_por": 1
  }
},
{
  "model": "App_LUMINOVA.historialov",
  "pk": 111,
  "fields": {
    "empresa": 1,
    "orden_venta": 61,
    "fecha_evento": "2025-06-20T00:37:34.176Z",
    "descripcion": "Orden de Venta creada en estado 'Pendiente Confirmación'.",
    "tipo_evento": null,
    "realizado_por": null
  }
},
{
  "model": "App_LUMINOVA.historialov",
  "pk": 112,
  "fields": {
    "empresa": 1,
    "orden_venta": 61,
    "fecha_evento": "2025-06-20T00:37:34.178Z",
    "descripcion": "Se generó la Orden de Producción OP-00043 para el producto 'Downlight LED empotrable'.",
    "tipo_evento": null,
    "realizado_por": null
  }
},
{
  "model": "App_LUMINOVA.historialov",
  "pk": 113,
  "fields": {
    "empresa": 1,
    "orden_venta": 61,
    "fecha_evento": "2025-06-20T00:37:51.272Z",
    "descripcion": "La OP OP-00043 ('Downlight LED empotrable') cambió su estado de 'Pendiente' a 'Insumos Solicitados'.",
    "tipo_evento": "Cambio Estado OP",
    "realizado_por": 1
  }
},
{
  "model": "App_LUMINOVA.historialov",
  "pk": 114,
  "fields": {
    "empresa": 1,
    "orden_venta": 61,
    "fecha_evento": "2025-06-20T00:37:51.274Z",
    "descripcion": "Estado de la OV cambió de 'Pendiente Confirmación' a 'Insumos Solicitados'.",
    "tipo_evento": "Cambio Estado OV",
    "realizado_por": 1
  }
},
{
  "model": "App_LUMINOVA.historialov",
  "pk": 115,
  "fields": {
    "empresa": 1,
    "orden_venta": 62,
    "fecha_evento": "2025-06-20T00:38:26.976Z",
    "descripcion": "Orden de Venta creada en estado 'Pendiente Confirmación'.",
    "tipo_evento": null,
    "realizado_por": null
  }
},
{
  "model": "App_LUMINOVA.historialov",
  "pk": 116,
  "fields": {
    "empresa": 1,
    "orden_venta": 62,
    "fecha_evento": "2025-06-20T00:38:26.978Z",
    "descripcion": "Se generó la Orden de Producción OP-00044 para el producto 'Downlight LED empotrable'.",
    "tipo_evento": null,
    "realizado_por": null
  }
},
{
  "model": "App_LUMINOVA.historialov",
  "pk": 117,
  "fields": {
    "empresa": 1,
    "orden_venta": 62,
    "fecha_evento": "2025-06-20T00:38:50.462Z",
    "descripcion": "La OP OP-00044 ('Downlight LED empotrable') cambió su estado de 'Pendiente' a 'Insumos Solicitados'.",
    "tipo_evento": "Cambio Estado OP",
    "realizado_por": 1
  }
},
{
  "model": "App_LUMINOVA.historialov",
  "pk": 118,
  "fields": {
    "empresa": 1,
    "orden_venta": 62,
    "fecha_evento": "2025-06-20T00:38:50.463Z",
    "descripcion": "Estado de la OV cambió de 'Pendiente Confirmación' a 'Insumos Solicitados'.",
    "tipo_evento": "Cambio Estado OV",
    "realizado_por": 1
  }
},
{
  "model": "App_LUMINOVA.historialov",
  "pk": 119,
  "fields": {
    "empresa": 1,
    "orden_venta": 62,
    "fecha_evento": "2025-06-20T00:39:11.189Z",
    "descripcion": "La OP OP-00044 ('Downlight LED empotrable') cambió su estado de 'Insumos Recibidos' a 'Producción Iniciada'.",
    "tipo_evento": "Cambio Estado OP",
    "realizado_por": 1
  }
},
{
  "model": "App_LUMINOVA.historialov",
  "pk": 120,
  "fields": {
    "empresa": 1,
    "orden_venta": 53,
    "fecha_evento": "2025-06-20T10:37:58.254Z",
    "descripcion": "Lote de 3 x 'Downlight LED empotrable' (de OP OP-00034) enviado al cliente.",
    "tipo_evento": "Envío",
    "realizado_por": 1
  }
},
{
  "model": "App_LUMINOVA.historialov",
  "pk": 121,
  "fields": {
    "empresa": 1,
    "orden_venta": 53,
    "fecha_evento": "2025-06-20T10:37:58.255Z",
    "descripcion": "Estado de la Orden de Venta cambió de 'Lista para Entrega' a 'Completada/Entregada'.",
    "tipo_evento": "Cambio Estado OV",
    "realizado_por": 1
  }
},
{
  "model": "App_LUMINOVA.historialov",
  "pk": 122,
  "fields": {
    "empresa": 1,
    "orden_venta": 52,
    "fecha_evento": "2025-06-20T10:38:01.284Z",
    "descripcion": "Lote de 1 x 'Lámpara LED Estándar' (de OP OP-00033) enviado al cliente.",
    "tipo_evento": "Envío",
    "realizado_por": 1
  }
},
{
  "model": "App_LUMINOVA.historialov",
  "pk": 123,
  "fields": {
    "empresa": 1,
    "orden_venta": 52,
    "fecha_evento": "2025-06-20T10:38:01.285Z",
    "descripcion": "Estado de la Orden de Venta cambió de 'Lista para Entrega' a 'Completada/Entregada'.",
    "tipo_evento": "Cambio Estado OV",
    "realizado_por": 1
  }
},
{
  "model": "App_LUMINOVA.historialov",
  "pk": 124,
  "fields": {
    "empresa": 1,
    "orden_venta": 44,
    "fecha_evento": "2025-06-20T10:38:03.616Z",
    "descripcion": "Lote de 1 x 'Lámpara LED Estándar' (de OP OP-00024) enviado al cliente.",
    "tipo_evento": "Envío",
    "realizado_por": 1
  }
},
{
  "model": "App_LUMINOVA.historialov",
  "pk": 125,
  "fields": {
    "empresa": 1,
    "orden_venta": 44,
    "fecha_evento": "2025-06-20T10:38:03.617Z",
    "descripcion": "Estado de la Orden de Venta cambió de 'Completada/Entregada' a 'Completada/Entregada'.",
    "tipo_evento": "Cambio Estado OV",
    "realizado_por": 1
  }
},
{
  "model": "App_LUMINOVA.historialov",
  "pk": 126,
  "fields": {
    "empresa": 1,
    "orden_venta": 43,
    "fecha_evento": "2025-06-20T10:38:06.062Z",
    "descripcion": "Lote de 10 x 'Lámpara LED Estándar' (de OP OP-00023) enviado al cliente.",
    "tipo_evento": "Envío",
    "realizado_por": 1
  }
},
{
  "model": "App_LUMINOVA.historialov",
  "pk": 127,
  "fields": {
    "empresa": 1,
    "orden_venta": 43,
    "fecha_evento": "2025-06-20T10:38:06.063Z",
    "descripcion": "Estado de la Orden de Venta cambió de 'Completada/Entregada' a 'Completada/Entregada'.",
    "tipo_evento": "Cambio Estado OV",
    "realizado_por": 1
  }
},
{
  "model": "App_LUMINOVA.historialov",
  "pk": 128,
  "fields": {
    "empresa": 1,
    "orden_venta": 63,
    "fecha_evento": "2025-06-20T17:48:14.281Z",
    "descripcion": "Orden de Venta creada en estado 'Pendiente Confirmación'.",
    "tipo_evento": null,
    "realizado_por": null
  }
},
{
  "model": "App_LUMINOVA.historialov",
  "pk": 129,
  "fields": {
    "empresa": 1,
    "orden_venta": 63,
    "fecha_evento": "2025-06-20T17:48:14.284Z",
    "descripcion": "Se generó la Orden de Producción OP-00045 para el producto 'Downlight LED empotrable'.",
    "tipo_evento": null,
    "realizado_por": null
  }
},
{
  "model": "App_LUMINOVA.historialov",
  "pk": 130,
  "fields": {
    "empresa": 1,
    "orden_venta": 63,
    "fecha_evento": "2025-06-20T17:48:14.285Z",
    "descripcion": "Se generó la Orden de Producción OP-00046 para el producto 'Lámpara LED Estándar'.",
    "tipo_evento": null,
    "realizado_por": null
  }
},
{
  "model": "App_LUMINOVA.historialov",
  "pk": 131,
  "fields": {
    "empresa": 1,
    "orden_venta": 63,
    "fecha_evento": "2025-06-20T17:49:10.234Z",
    "descripcion": "La OP OP-00045 ('Downlight LED empotrable') cambió su estado de 'Pendiente' a 'Insumos Solicitados'.",
    "tipo_evento": "Cambio Estado OP",
    "realizado_por": 1
  }
},
{
  "model": "App_LUMINOVA.historialov",
  "pk": 132,
  "fields": {
    "empresa": 1,
    "orden_venta": 63,
    "fecha_evento": "2025-06-20T17:49:10.235Z",
    "descripcion": "Estado de la OV cambió de 'Pendiente Confirmación' a 'Insumos Solicitados'.",
    "tipo_evento": "Cambio Estado OV",
    "realizado_por": 1
  }
},
{
  "model": "App_LUMINOVA.historialov",
  "pk": 133,
  "fields": {
    "empresa": 1,
    "orden_venta": 63,
    "fecha_evento": "2025-06-20T17:50:23.695Z",
    "descripcion": "La OP OP-00045 ('Downlight LED empotrable') cambió su estado de 'Insumos Recibidos' a 'Pausada'.",
    "tipo_evento": "Cambio Estado OP",
    "realizado_por": 1
  }
},
{
  "model": "App_LUMINOVA.historialov",
  "pk": 134,
  "fields": {
    "empresa": 1,
    "orden_venta": 63,
    "fecha_evento": "2025-06-20T17:50:35.045Z",
    "descripcion": "Se creó el reporte N° RP-00020 por 'Falla de Maquinaria' en la OP OP-00045. Detalle: \"Falla tal...\"",
    "tipo_evento": "Reporte de Incidencia",
    "realizado_por": 1
  }
},
{
  "model": "App_LUMINOVA.historialov",
  "pk": 135,
  "fields": {
    "empresa": 1,
    "orden_venta": 63,
    "fecha_evento": "2025-06-20T17:51:22.818Z",
    "descripcion": "La OP OP-00045 ('Downlight LED empotrable') cambió su estado de 'En Proceso' a 'Completada'.",
    "tipo_evento": "Cambio Estado OP",
    "realizado_por": 1
  }
},
{
  "model": "App_LUMINOVA.historialov",
  "pk": 136,
  "fields": {
    "empresa": 1,
    "orden_venta": 63,
    "fecha_evento": "2025-06-20T17:51:54.255Z",
    "descripcion": "La OP OP-00046 ('Lámpara LED Estándar') cambió su estado de 'Pendiente' a 'Insumos Solicitados'.",
    "tipo_evento": "Cambio Estado OP",
    "realizado_por": 1
  }
},
{
  "model": "App_LUMINOVA.historialov",
  "pk": 137,
  "fields": {
    "empresa": 1,
    "orden_venta": 63,
    "fecha_evento": "2025-06-20T17:52:07.859Z",
    "descripcion": "La OP OP-00046 ('Lámpara LED Estándar') cambió su estado de 'Insumos Recibidos' a 'Producción Iniciada'.",
    "tipo_evento": "Cambio Estado OP",
    "realizado_por": 1
  }
},
{
  "model": "App_LUMINOVA.historialov",
  "pk": 138,
  "fields": {
    "empresa": 1,
    "orden_venta": 63,
    "fecha_evento": "2025-06-20T17:52:19.826Z",
    "descripcion": "La OP OP-00046 ('Lámpara LED Estándar') cambió su estado de 'Producción Iniciada' a 'En Proceso'.",
    "tipo_evento": "Cambio Estado OP",
    "realizado_por": 1
  }
},
{
  "model": "App_LUMINOVA.historialov",
  "pk": 139,
  "fields": {
    "empresa": 1,
    "orden_venta": 63,
    "fecha_evento": "2025-06-20T17:52:38.408Z",
    "descripcion": "La OP OP-00046 ('Lámpara LED Estándar') cambió su estado de 'En Proceso' a 'Completada'.",
    "tipo_evento": "Cambio Estado OP",
    "realizado_por": 1
  }
},
{
  "model": "App_LUMINOVA.historialov",
  "pk": 140,
  "fields": {
    "empresa": 1,
    "orden_venta": 63,
    "fecha_evento": "2025-06-20T17:52:38.411Z",
    "descripcion": "Estado de la OV cambió de 'Insumos Solicitados' a 'Lista para Entrega'.",
    "tipo_evento": "Cambio Estado OV",
    "realizado_por": 1
  }
},
{
  "model": "App_LUMINOVA.historialov",
  "pk": 141,
  "fields": {
    "empresa": 1,
    "orden_venta": 63,
    "fecha_evento": "2025-06-20T17:53:17.496Z",
    "descripcion": "Se generó la factura N° FACT-00036 por un total de $90.04.",
    "tipo_evento": "Facturado",
    "realizado_por": 1
  }
},
{
  "model": "App_LUMINOVA.historialov",
  "pk": 142,
  "fields": {
    "empresa": 1,
    "orden_venta": 63,
    "fecha_evento": "2025-06-20T17:54:19.758Z",
    "descripcion": "Lote de 3 x 'Downlight LED empotrable' (de OP OP-00045) enviado al cliente.",
    "tipo_evento": "Envío",
    "realizado_por": 1
  }
},
{
  "model": "App_LUMINOVA.historialov",
  "pk": 143,
  "fields": {
    "empresa": 1,
    "orden_venta": 63,
    "fecha_evento": "2025-06-20T17:54:34.070Z",
    "descripcion": "Lote de 2 x 'Lámpara LED Estándar' (de OP OP-00046) enviado al cliente.",
    "tipo_evento": "Envío",
    "realizado_por": 1
  }
},
{
  "model": "App_LUMINOVA.historialov",
  "pk": 144,
  "fields": {
    "empresa": 1,
    "orden_venta": 63,
    "fecha_evento": "2025-06-20T17:54:34.071Z",
    "descripcion": "Estado de la Orden de Venta cambió de 'Lista para Entrega' a 'Completada/Entregada'.",
    "tipo_evento": "Cambio Estado OV",
    "realizado_por": 1
  }
},
{
  "model": "App_LUMINOVA.historialov",
  "pk": 145,
  "fields": {
    "empresa": 1,
    "orden_venta": 64,
    "fecha_evento": "2025-06-20T18:38:29.841Z",
    "descripcion": "Orden de Venta creada en estado 'Pendiente Confirmación'.",
    "tipo_evento": null,
    "realizado_por": null
  }
},
{
  "model": "App_LUMINOVA.historialov",
  "pk": 146,
  "fields": {
    "empresa": 1,
    "orden_venta": 64,
    "fecha_evento": "2025-06-20T18:38:29.844Z",
    "descripcion": "Se generó la Orden de Producción OP-00047 para el producto 'Lámpara LED Estándar'.",
    "tipo_evento": null,
    "realizado_por": null
  }
},
{
  "model": "App_LUMINOVA.historialov",
  "pk": 147,
  "fields": {
    "empresa": 1,
    "orden_venta": 64,
    "fecha_evento": "2025-06-20T18:38:29.845Z",
    "descripcion": "Se generó la Orden de Producción OP-00048 para el producto 'Downlight LED empotrable'.",
    "tipo_evento": null,
    "realizado_por": null
  }
},
{
  "model": "App_LUMINOVA.historialov",
  "pk": 148,
  "fields": {
    "empresa": 1,
    "orden_venta": 64,
    "fecha_evento": "2025-06-20T18:40:03.990Z",
    "descripcion": "La OP OP-00047 ('Lámpara LED Estándar') cambió su estado de 'Pendiente' a 'Insumos Solicitados'.",
    "tipo_evento": "Cambio Estado OP",
    "realizado_por": 1
  }
},
{
  "model": "App_LUMINOVA.historialov",
  "pk": 149,
  "fields": {
    "empresa": 1,
    "orden_venta": 64,
    "fecha_evento": "2025-06-20T18:40:03.992Z",
    "descripcion": "Estado de la OV cambió de 'Pendiente Confirmación' a 'Insumos Solicitados'.",
    "tipo_evento": "Cambio Estado OV",
    "realizado_por": 1
  }
},
{
  "model": "App_LUMINOVA.historialov",
  "pk": 150,
  "fields": {
    "empresa": 1,
    "orden_venta": 64,
    "fecha_evento": "2025-06-20T18:42:10.052Z",
    "descripcion": "La OP OP-00047 ('Lámpara LED Estándar') cambió su estado de 'Insumos Recibidos' a 'Pausada'.",
    "tipo_evento": "Cambio Estado OP",
    "realizado_por": 1
  }
},
{
  "model": "App_LUMINOVA.historialov",
  "pk": 151,
  "fields": {
    "empresa": 1,
    "orden_venta": 64,
    "fecha_evento": "2025-06-20T18:42:34.291Z",
    "descripcion": "Se creó el reporte N° RP-00021 por 'Falla de Maquinaria' en la OP OP-00047. Detalle: \"Falla de maquina...\"",
    "tipo_evento": "Reporte de Incidencia",
    "realizado_por": 1
  }
},
{
  "model": "App_LUMINOVA.historialov",
  "pk": 152,
  "fields": {
    "empresa": 1,
    "orden_venta": 64,
    "fecha_evento": "2025-06-20T18:44:02.924Z",
    "descripcion": "La OP OP-00047 ('Lámpara LED Estándar') cambió su estado de 'En Proceso' a 'Completada'.",
    "tipo_evento": "Cambio Estado OP",
    "realizado_por": 1
  }
},
{
  "model": "App_LUMINOVA.historialov",
  "pk": 153,
  "fields": {
    "empresa": 1,
    "orden_venta": 64,
    "fecha_evento": "2025-06-20T18:45:24.938Z",
    "descripcion": "La OP OP-00048 ('Downlight LED empotrable') cambió su estado de 'Pendiente' a 'Insumos Solicitados'.",
    "tipo_evento": "Cambio Estado OP",
    "realizado_por": 1
  }
},
{
  "model": "App_LUMINOVA.historialov",
  "pk": 154,
  "fields": {
    "empresa": 1,
    "orden_venta": 64,
    "fecha_evento": "2025-06-20T18:45:57.947Z",
    "descripcion": "La OP OP-00048 ('Downlight LED empotrable') cambió su estado de 'Insumos Recibidos' a 'Producción Iniciada'.",
    "tipo_evento": "Cambio Estado OP",
    "realizado_por": 1
  }
},
{
  "model": "App_LUMINOVA.historialov",
  "pk": 155,
  "fields": {
    "empresa": 1,
    "orden_venta": 64,
    "fecha_evento": "2025-06-20T18:46:09.480Z",
    "descripcion": "La OP OP-00048 ('Downlight LED empotrable') cambió su estado de 'Producción Iniciada' a 'Completada'.",
    "tipo_evento": "Cambio Estado OP",
    "realizado_por": 1
  }
},
{
  "model": "App_LUMINOVA.historialov",
  "pk": 156,
  "fields": {
    "empresa": 1,
    "orden_venta": 64,
    "fecha_evento": "2025-06-20T18:46:09.483Z",
    "descripcion": "Estado de la OV cambió de 'Insumos Solicitados' a 'Lista para Entrega'.",
    "tipo_evento": "Cambio Estado OV",
    "realizado_por": 1
  }
},
{
  "model": "App_LUMINOVA.historialov",
  "pk": 157,
  "fields": {
    "empresa": 1,
    "orden_venta": 64,
    "fecha_evento": "2025-06-20T18:46:58.927Z",
    "descripcion": "Se generó la factura N° FACT-00037 por un total de $90.08.",
    "tipo_evento": "Facturado",
    "realizado_por": 1
  }
},
{
  "model": "App_LUMINOVA.historialov",
  "pk": 158,
  "fields": {
    "empresa": 1,
    "orden_venta": 64,
    "fecha_evento": "2025-06-20T18:48:27.255Z",
    "descripcion": "Lote de 3 x 'Downlight LED empotrable' (de OP OP-00048) enviado al cliente.",
    "tipo_evento": "Envío",
    "realizado_por": 1
  }
},
{
  "model": "App_LUMINOVA.historialov",
  "pk": 159,
  "fields": {
    "empresa": 1,
    "orden_venta": 64,
    "fecha_evento": "2025-06-20T18:48:34.779Z",
    "descripcion": "Lote de 4 x 'Lámpara LED Estándar' (de OP OP-00047) enviado al cliente.",
    "tipo_evento": "Envío",
    "realizado_por": 1
  }
},
{
  "model": "App_LUMINOVA.historialov",
  "pk": 160,
  "fields": {
    "empresa": 1,
    "orden_venta": 64,
    "fecha_evento": "2025-06-20T18:48:34.780Z",
    "descripcion": "Estado de la Orden de Venta cambió de 'Lista para Entrega' a 'Completada/Entregada'.",
    "tipo_evento": "Cambio Estado OV",
    "realizado_por": 1
  }
},
{
  "model": "App_LUMINOVA.historialov",
  "pk": 161,
  "fields": {
    "empresa": 1,
    "orden_venta": 65,
    "fecha_evento": "2025-06-20T22:15:12.076Z",
    "descripcion": "Orden de Venta creada en estado 'Pendiente Confirmación'.",
    "tipo_evento": null,
    "realizado_por": null
  }
},
{
  "model": "App_LUMINOVA.historialov",
  "pk": 162,
  "fields": {
    "empresa": 1,
    "orden_venta": 65,
    "fecha_evento": "2025-06-20T22:15:12.079Z",
    "descripcion": "Se generó la Orden de Producción OP-00049 para el producto 'Lámpara LED Estándar'.",
    "tipo_evento": null,
    "realizado_por": null
  }
},
{
  "model": "App_LUMINOVA.historialov",
  "pk": 163,
  "fields": {
    "empresa": 1,
    "orden_venta": 65,
    "fecha_evento": "2025-06-20T22:16:50.019Z",
    "descripcion": "La OP OP-00049 ('Lámpara LED Estándar') cambió su estado de 'Pendiente' a 'Insumos Solicitados'.",
    "tipo_evento": "Cambio Estado OP",
    "realizado_por": 1
  }
},
{
  "model": "App_LUMINOVA.historialov",
  "pk": 164,
  "fields": {
    "empresa": 1,
    "orden_venta": 65,
    "fecha_evento": "2025-06-20T22:16:50.021Z",
    "descripcion": "Estado de la OV cambió de 'Pendiente Confirmación' a 'Insumos Solicitados'.",
    "tipo_evento": "Cambio Estado OV",
    "realizado_por": 1
  }
},
{
  "model": "App_LUMINOVA.historialov",
  "pk": 165,
  "fields": {
    "empresa": 1,
    "orden_venta": 65,
    "fecha_evento": "2025-06-20T22:24:23.894Z",
    "descripcion": "La OP OP-00049 ('Lámpara LED Estándar') cambió su estado de 'Insumos Recibidos' a 'Producción Iniciada'.",
    "tipo_evento": "Cambio Estado OP",
    "realizado_por": 1
  }
},
{
  "model": "App_LUMINOVA.historialov",
  "pk": 166,
  "fields": {
    "empresa": 1,
    "orden_venta": 65,
    "fecha_evento": "2025-06-20T22:24:32.269Z",
    "descripcion": "La OP OP-00049 ('Lámpara LED Estándar') cambió su estado de 'Producción Iniciada' a 'Completada'.",
    "tipo_evento": "Cambio Estado OP",
    "realizado_por": 1
  }
},
{
  "model": "App_LUMINOVA.historialov",
  "pk": 167,
  "fields": {
    "empresa": 1,
    "orden_venta": 65,
    "fecha_evento": "2025-06-20T22:24:32.273Z",
    "descripcion": "Estado de la OV cambió de 'Insumos Solicitados' a 'Lista para Entrega'.",
    "tipo_evento": "Cambio Estado OV",
    "realizado_por": 1
  }
},
{
  "model": "App_LUMINOVA.historialov",
  "pk": 168,
  "fields": {
    "empresa": 1,
    "orden_venta": 61,
    "fecha_evento": "2025-06-20T22:26:24.605Z",
    "descripcion": "La OP OP-00043 ('Downlight LED empotrable') cambió su estado de 'Insumos Recibidos' a 'Producción Iniciada'.",
    "tipo_evento": "Cambio Estado OP",
    "realizado_por": 1
  }
},
{
  "model": "App_LUMINOVA.historialov",
  "pk": 169,
  "fields": {
    "empresa": 1,
    "orden_venta": 61,
    "fecha_evento": "2025-06-20T22:26:27.261Z",
    "descripcion": "La OP OP-00043 ('Downlight LED empotrable') cambió su estado de 'Producción Iniciada' a 'Completada'.",
    "tipo_evento": "Cambio Estado OP",
    "realizado_por": 1
  }
},
{
  "model": "App_LUMINOVA.historialov",
  "pk": 170,
  "fields": {
    "empresa": 1,
    "orden_venta": 61,
    "fecha_evento": "2025-06-20T22:26:27.264Z",
    "descripcion": "Estado de la OV cambió de 'Insumos Solicitados' a 'Lista para Entrega'.",
    "tipo_evento": "Cambio Estado OV",
    "realizado_por": 1
  }
},
{
  "model": "App_LUMINOVA.historialov",
  "pk": 171,
  "fields": {
    "empresa": 1,
    "orden_venta": 66,
    "fecha_evento": "2025-06-24T00:05:05.253Z",
    "descripcion": "Orden de Venta creada en estado 'Pendiente Confirmación'.",
    "tipo_evento": null,
    "realizado_por": null
  }
},
{
  "model": "App_LUMINOVA.historialov",
  "pk": 172,
  "fields": {
    "empresa": 1,
    "orden_venta": 66,
    "fecha_evento": "2025-06-24T00:05:05.258Z",
    "descripcion": "Se generó la Orden de Producción OP-00050 para el producto 'Downlight LED empotrable'.",
    "tipo_evento": null,
    "realizado_por": null
  }
},
{
  "model": "App_LUMINOVA.historialov",
  "pk": 173,
  "fields": {
    "empresa": 1,
    "orden_venta": 66,
    "fecha_evento": "2025-06-24T00:06:12.178Z",
    "descripcion": "La OP OP-00050 ('Downlight LED empotrable') cambió su estado de 'Pendiente' a 'Insumos Solicitados'.",
    "tipo_evento": "Cambio Estado OP",
    "realizado_por": 1
  }
},
{
  "model": "App_LUMINOVA.historialov",
  "pk": 174,
  "fields": {
    "empresa": 1,
    "orden_venta": 66,
    "fecha_evento": "2025-06-24T00:06:12.179Z",
    "descripcion": "Estado de la OV cambió de 'Pendiente Confirmación' a 'Insumos Solicitados'.",
    "tipo_evento": "Cambio Estado OV",
    "realizado_por": 1
  }
},
{
  "model": "App_LUMINOVA.historialov",
  "pk": 175,
  "fields": {
    "empresa": 1,
    "orden_venta": 66,
    "fecha_evento": "2025-06-24T00:07:44.861Z",
    "descripcion": "La OP OP-00050 ('Downlight LED empotrable') cambió su estado de 'Insumos Recibidos' a 'Pausada'.",
    "tipo_evento": "Cambio Estado OP",
    "realizado_por": 1
  }
},
{
  "model": "App_LUMINOVA.historialov",
  "pk": 176,
  "fields": {
    "empresa": 1,
    "orden_venta": 66,
    "fecha_evento": "2025-06-24T00:08:09.276Z",
    "descripcion": "Se creó el reporte N° RP-00022 por 'Falla de Maquinaria' en la OP OP-00050. Detalle: \"Fallo...\"",
    "tipo_evento": "Reporte de Incidencia",
    "realizado_por": 1
  }
},
{
  "model": "App_LUMINOVA.historialov",
  "pk": 177,
  "fields": {
    "empresa": 1,
    "orden_venta": 66,
    "fecha_evento": "2025-06-24T00:10:13.152Z",
    "descripcion": "La OP OP-00050 ('Downlight LED empotrable') cambió su estado de 'En Proceso' a 'Completada'.",
    "tipo_evento": "Cambio Estado OP",
    "realizado_por": 1
  }
},
{
  "model": "App_LUMINOVA.historialov",
  "pk": 178,
  "fields": {
    "empresa": 1,
    "orden_venta": 66,
    "fecha_evento": "2025-06-24T00:10:13.156Z",
    "descripcion": "Estado de la OV cambió de 'Insumos Solicitados' a 'Lista para Entrega'.",
    "tipo_evento": "Cambio Estado OV",
    "realizado_por": 1
  }
},
{
  "model": "App_LUMINOVA.historialov",
  "pk": 179,
  "fields": {
    "empresa": 1,
    "orden_venta": 66,
    "fecha_evento": "2025-06-24T00:11:21.978Z",
    "descripcion": "Se generó la factura N° FACT-00038 por un total de $90.00.",
    "tipo_evento": "Facturado",
    "realizado_por": 1
  }
},
{
  "model": "App_LUMINOVA.historialov",
  "pk": 180,
  "fields": {
    "empresa": 1,
    "orden_venta": 66,
    "fecha_evento": "2025-06-24T00:14:01.613Z",
    "descripcion": "Lote de 3 x 'Downlight LED empotrable' (de OP OP-00050) enviado al cliente.",
    "tipo_evento": "Envío",
    "realizado_por": 1
  }
},
{
  "model": "App_LUMINOVA.historialov",
  "pk": 181,
  "fields": {
    "empresa": 1,
    "orden_venta": 66,
    "fecha_evento": "2025-06-24T00:14:01.614Z",
    "descripcion": "Estado de la Orden de Venta cambió de 'Lista para Entrega' a 'Completada/Entregada'.",
    "tipo_evento": "Cambio Estado OV",
    "realizado_por": 1
  }
},
{
  "model": "App_LUMINOVA.historialov",
  "pk": 182,
  "fields": {
    "empresa": 1,
    "orden_venta": 60,
    "fecha_evento": "2025-06-24T00:30:40.574Z",
    "descripcion": "La OP OP-00042 ('Lámpara LED Estándar') cambió su estado de 'Insumos Recibidos' a 'Producción Iniciada'.",
    "tipo_evento": "Cambio Estado OP",
    "realizado_por": 1
  }
},
{
  "model": "App_LUMINOVA.historialov",
  "pk": 183,
  "fields": {
    "empresa": 1,
    "orden_venta": 60,
    "fecha_evento": "2025-06-24T00:30:44.362Z",
    "descripcion": "La OP OP-00042 ('Lámpara LED Estándar') cambió su estado de 'Producción Iniciada' a 'Completada'.",
    "tipo_evento": "Cambio Estado OP",
    "realizado_por": 1
  }
},
{
  "model": "App_LUMINOVA.historialov",
  "pk": 184,
  "fields": {
    "empresa": 1,
    "orden_venta": 60,
    "fecha_evento": "2025-06-24T00:30:44.365Z",
    "descripcion": "Estado de la OV cambió de 'Insumos Solicitados' a 'Lista para Entrega'.",
    "tipo_evento": "Cambio Estado OV",
    "realizado_por": 1
  }
},
{
  "model": "App_LUMINOVA.historialov",
  "pk": 185,
  "fields": {
    "empresa": 1,
    "orden_venta": 60,
    "fecha_evento": "2025-06-24T00:30:57.133Z",
    "descripcion": "Lote de 3 x 'Lámpara LED Estándar' (de OP OP-00042) enviado al cliente.",
    "tipo_evento": "Envío",
    "realizado_por": 1
  }
},
{
  "model": "App_LUMINOVA.historialov",
  "pk": 186,
  "fields": {
    "empresa": 1,
    "orden_venta": 60,
    "fecha_evento": "2025-06-24T00:30:57.134Z",
    "descripcion": "Estado de la Orden de Venta cambió de 'Lista para Entrega' a 'Completada/Entregada'.",
    "tipo_evento": "Cambio Estado OV",
    "realizado_por": 1
  }
},
{
  "model": "App_LUMINOVA.historialov",
  "pk": 187,
  "fields": {
    "empresa": 1,
    "orden_venta": 61,
    "fecha_evento": "2025-06-24T00:31:06.234Z",
    "descripcion": "Lote de 1 x 'Downlight LED empotrable' (de OP OP-00043) enviado al cliente.",
    "tipo_evento": "Envío",
    "realizado_por": 1
  }
},
{
  "model": "App_LUMINOVA.historialov",
  "pk": 188,
  "fields": {
    "empresa": 1,
    "orden_venta": 61,
    "fecha_evento": "2025-06-24T00:31:06.234Z",
    "descripcion": "Estado de la Orden de Venta cambió de 'Lista para Entrega' a 'Completada/Entregada'.",
    "tipo_evento": "Cambio Estado OV",
    "realizado_por": 1
  }
},
{
  "model": "App_LUMINOVA.historialov",
  "pk": 189,
  "fields": {
    "empresa": 1,
    "orden_venta": 65,
    "fecha_evento": "2025-06-24T00:31:08.169Z",
    "descripcion": "Lote de 3 x 'Lámpara LED Estándar' (de OP OP-00049) enviado al cliente.",
    "tipo_evento": "Envío",
    "realizado_por": 1
  }
},
{
  "model": "App_LUMINOVA.historialov",
  "pk": 190,
  "fields": {
    "empresa": 1,
    "orden_venta": 65,
    "fecha_evento": "2025-06-24T00:31:08.170Z",
    "descripcion": "Estado de la Orden de Venta cambió de 'Lista para Entrega' a 'Completada/Entregada'.",
    "tipo_evento": "Cambio Estado OV",
    "realizado_por": 1
  }
},
{
  "model": "App_LUMINOVA.historialov",
  "pk": 191,
  "fields": {
    "empresa": 1,
    "orden_venta": 62,
    "fecha_evento": "2025-06-24T00:31:19.374Z",
    "descripcion": "La OP OP-00044 ('Downlight LED empotrable') cambió su estado de 'Producción Iniciada' a 'Completada'.",
    "tipo_evento": "Cambio Estado OP",
    "realizado_por": 1
  }
},
{
  "model": "App_LUMINOVA.historialov",
  "pk": 192,
  "fields": {
    "empresa": 1,
    "orden_venta": 62,
    "fecha_evento": "2025-06-24T00:31:19.377Z",
    "descripcion": "Estado de la OV cambió de 'Insumos Solicitados' a 'Lista para Entrega'.",
    "tipo_evento": "Cambio Estado OV",
    "realizado_por": 1
  }
},
{
  "model": "App_LUMINOVA.historialov",
  "pk": 193,
  "fields": {
    "empresa": 1,
    "orden_venta": 62,
    "fecha_evento": "2025-06-24T00:31:34.635Z",
    "descripcion": "Lote de 5 x 'Downlight LED empotrable' (de OP OP-00044) enviado al cliente.",
    "tipo_evento": "Envío",
    "realizado_por": 1
  }
},
{
  "model": "App_LUMINOVA.historialov",
  "pk": 194,
  "fields": {
    "empresa": 1,
    "orden_venta": 62,
    "fecha_evento": "2025-06-24T00:31:34.637Z",
    "descripcion": "Estado de la Orden de Venta cambió de 'Lista para Entrega' a 'Completada/Entregada'.",
    "tipo_evento": "Cambio Estado OV",
    "realizado_por": 1
  }
},
{
  "model": "App_LUMINOVA.historialov",
  "pk": 195,
  "fields": {
    "empresa": 1,
    "orden_venta": 58,
    "fecha_evento": "2025-06-24T00:31:51.157Z",
    "descripcion": "La OP OP-00040 ('Downlight LED empotrable') cambió su estado de 'Pausada' a 'Producción Iniciada'.",
    "tipo_evento": "Cambio Estado OP",
    "realizado_por": 1
  }
},
{
  "model": "App_LUMINOVA.historialov",
  "pk": 196,
  "fields": {
    "empresa": 1,
    "orden_venta": 58,
    "fecha_evento": "2025-06-24T00:31:54.447Z",
    "descripcion": "La OP OP-00040 ('Downlight LED empotrable') cambió su estado de 'Producción Iniciada' a 'Completada'.",
    "tipo_evento": "Cambio Estado OP",
    "realizado_por": 1
  }
},
{
  "model": "App_LUMINOVA.historialov",
  "pk": 197,
  "fields": {
    "empresa": 1,
    "orden_venta": 58,
    "fecha_evento": "2025-06-24T00:31:54.450Z",
    "descripcion": "Estado de la OV cambió de 'Insumos Solicitados' a 'Lista para Entrega'.",
    "tipo_evento": "Cambio Estado OV",
    "realizado_por": 1
  }
},
{
  "model": "App_LUMINOVA.historialov",
  "pk": 198,
  "fields": {
    "empresa": 1,
    "orden_venta": 57,
    "fecha_evento": "2025-06-24T00:32:05.358Z",
    "descripcion": "La OP OP-00039 ('Downlight LED empotrable') cambió su estado de 'Planificada' a 'Insumos Solicitados'.",
    "tipo_evento": "Cambio Estado OP",
    "realizado_por": 1
  }
},
{
  "model": "App_LUMINOVA.historialov",
  "pk": 199,
  "fields": {
    "empresa": 1,
    "orden_venta": 57,
    "fecha_evento": "2025-06-24T00:32:05.359Z",
    "descripcion": "Estado de la OV cambió de 'Pendiente Confirmación' a 'Insumos Solicitados'.",
    "tipo_evento": "Cambio Estado OV",
    "realizado_por": 1
  }
},
{
  "model": "App_LUMINOVA.historialov",
  "pk": 200,
  "fields": {
    "empresa": 1,
    "orden_venta": 59,
    "fecha_evento": "2025-06-24T00:32:24.469Z",
    "descripcion": "La OP OP-00041 ('Lámpara LED Estándar') cambió su estado de 'Pendiente' a 'Insumos Solicitados'.",
    "tipo_evento": "Cambio Estado OP",
    "realizado_por": 1
  }
},
{
  "model": "App_LUMINOVA.historialov",
  "pk": 201,
  "fields": {
    "empresa": 1,
    "orden_venta": 59,
    "fecha_evento": "2025-06-24T00:32:24.470Z",
    "descripcion": "Estado de la OV cambió de 'Pendiente Confirmación' a 'Insumos Solicitados'.",
    "tipo_evento": "Cambio Estado OV",
    "realizado_por": 1
  }
},
{
  "model": "App_LUMINOVA.historialov",
  "pk": 202,
  "fields": {
    "empresa": 1,
    "orden_venta": 57,
    "fecha_evento": "2025-06-24T00:32:35.673Z",
    "descripcion": "La OP OP-00039 ('Downlight LED empotrable') cambió su estado de 'Insumos Recibidos' a 'Producción Iniciada'.",
    "tipo_evento": "Cambio Estado OP",
    "realizado_por": 1
  }
},
{
  "model": "App_LUMINOVA.historialov",
  "pk": 203,
  "fields": {
    "empresa": 1,
    "orden_venta": 57,
    "fecha_evento": "2025-06-24T00:32:38.133Z",
    "descripcion": "La OP OP-00039 ('Downlight LED empotrable') cambió su estado de 'Producción Iniciada' a 'Completada'.",
    "tipo_evento": "Cambio Estado OP",
    "realizado_por": 1
  }
},
{
  "model": "App_LUMINOVA.historialov",
  "pk": 204,
  "fields": {
    "empresa": 1,
    "orden_venta": 57,
    "fecha_evento": "2025-06-24T00:32:38.135Z",
    "descripcion": "Estado de la OV cambió de 'Insumos Solicitados' a 'Lista para Entrega'.",
    "tipo_evento": "Cambio Estado OV",
    "realizado_por": 1
  }
},
{
  "model": "App_LUMINOVA.historialov",
  "pk": 205,
  "fields": {
    "empresa": 1,
    "orden_venta": 59,
    "fecha_evento": "2025-06-24T00:32:45.934Z",
    "descripcion": "La OP OP-00041 ('Lámpara LED Estándar') cambió su estado de 'Insumos Recibidos' a 'Producción Iniciada'.",
    "tipo_evento": "Cambio Estado OP",
    "realizado_por": 1
  }
},
{
  "model": "App_LUMINOVA.historialov",
  "pk": 206,
  "fields": {
    "empresa": 1,
    "orden_venta": 59,
    "fecha_evento": "2025-06-24T00:32:48.884Z",
    "descripcion": "La OP OP-00041 ('Lámpara LED Estándar') cambió su estado de 'Producción Iniciada' a 'Completada'.",
    "tipo_evento": "Cambio Estado OP",
    "realizado_por": 1
  }
},
{
  "model": "App_LUMINOVA.historialov",
  "pk": 207,
  "fields": {
    "empresa": 1,
    "orden_venta": 59,
    "fecha_evento": "2025-06-24T00:32:48.887Z",
    "descripcion": "Estado de la OV cambió de 'Insumos Solicitados' a 'Lista para Entrega'.",
    "tipo_evento": "Cambio Estado OV",
    "realizado_por": 1
  }
},
{
  "model": "App_LUMINOVA.historialov",
  "pk": 208,
  "fields": {
    "empresa": 1,
    "orden_venta": 60,
    "fecha_evento": "2025-06-24T00:33:22.765Z",
    "descripcion": "Se generó la factura N° FACT-00039 por un total de $0.06.",
    "tipo_evento": "Facturado",
    "realizado_por": 1
  }
},
{
  "model": "App_LUMINOVA.historialov",
  "pk": 209,
  "fields": {
    "empresa": 1,
    "orden_venta": 59,
    "fecha_evento": "2025-06-24T00:33:47.054Z",
    "descripcion": "Lote de 5 x 'Lámpara LED Estándar' (de OP OP-00041) enviado al cliente.",
    "tipo_evento": "Envío",
    "realizado_por": 1
  }
},
{
  "model": "App_LUMINOVA.historialov",
  "pk": 210,
  "fields": {
    "empresa": 1,
    "orden_venta": 59,
    "fecha_evento": "2025-06-24T00:33:47.055Z",
    "descripcion": "Estado de la Orden de Venta cambió de 'Lista para Entrega' a 'Completada/Entregada'.",
    "tipo_evento": "Cambio Estado OV",
    "realizado_por": 1
  }
},
{
  "model": "App_LUMINOVA.historialov",
  "pk": 211,
  "fields": {
    "empresa": 1,
    "orden_venta": 57,
    "fecha_evento": "2025-06-24T00:33:48.850Z",
    "descripcion": "Lote de 1 x 'Downlight LED empotrable' (de OP OP-00039) enviado al cliente.",
    "tipo_evento": "Envío",
    "realizado_por": 1
  }
},
{
  "model": "App_LUMINOVA.historialov",
  "pk": 212,
  "fields": {
    "empresa": 1,
    "orden_venta": 57,
    "fecha_evento": "2025-06-24T00:33:48.851Z",
    "descripcion": "Estado de la Orden de Venta cambió de 'Lista para Entrega' a 'Completada/Entregada'.",
    "tipo_evento": "Cambio Estado OV",
    "realizado_por": 1
  }
},
{
  "model": "App_LUMINOVA.historialov",
  "pk": 213,
  "fields": {
    "empresa": 1,
    "orden_venta": 58,
    "fecha_evento": "2025-06-24T00:33:50.501Z",
    "descripcion": "Lote de 3 x 'Downlight LED empotrable' (de OP OP-00040) enviado al cliente.",
    "tipo_evento": "Envío",
    "realizado_por": 1
  }
},
{
  "model": "App_LUMINOVA.historialov",
  "pk": 214,
  "fields": {
    "empresa": 1,
    "orden_venta": 58,
    "fecha_evento": "2025-06-24T00:33:50.502Z",
    "descripcion": "Estado de la Orden de Venta cambió de 'Lista para Entrega' a 'Completada/Entregada'.",
    "tipo_evento": "Cambio Estado OV",
    "realizado_por": 1
  }
},
{
  "model": "App_LUMINOVA.historialov",
  "pk": 215,
  "fields": {
    "empresa": 1,
    "orden_venta": 61,
    "fecha_evento": "2025-06-24T00:34:17.018Z",
    "descripcion": "Se generó la factura N° FACT-00040 por un total de $30.00.",
    "tipo_evento": "Facturado",
    "realizado_por": 1
  }
},
{
  "model": "App_LUMINOVA.historialov",
  "pk": 216,
  "fields": {
    "empresa": 1,
    "orden_venta": 67,
    "fecha_evento": "2025-06-24T00:52:04.370Z",
    "descripcion": "Orden de Venta creada en estado 'Pendiente Confirmación'.",
    "tipo_evento": null,
    "realizado_por": null
  }
},
{
  "model": "App_LUMINOVA.historialov",
  "pk": 217,
  "fields": {
    "empresa": 1,
    "orden_venta": 67,
    "fecha_evento": "2025-06-24T00:52:04.372Z",
    "descripcion": "Se generó la Orden de Producción OP-00051 para el producto 'Downlight LED empotrable'.",
    "tipo_evento": null,
    "realizado_por": null
  }
},
{
  "model": "App_LUMINOVA.historialov",
  "pk": 218,
  "fields": {
    "empresa": 1,
    "orden_venta": 67,
    "fecha_evento": "2025-06-24T00:52:21.266Z",
    "descripcion": "La OP OP-00051 ('Downlight LED empotrable') cambió su estado de 'Pendiente' a 'Insumos Solicitados'.",
    "tipo_evento": "Cambio Estado OP",
    "realizado_por": 1
  }
},
{
  "model": "App_LUMINOVA.historialov",
  "pk": 219,
  "fields": {
    "empresa": 1,
    "orden_venta": 67,
    "fecha_evento": "2025-06-24T00:52:21.267Z",
    "descripcion": "Estado de la OV cambió de 'Pendiente Confirmación' a 'Insumos Solicitados'.",
    "tipo_evento": "Cambio Estado OV",
    "realizado_por": 1
  }
},
{
  "model": "App_LUMINOVA.historialov",
  "pk": 220,
  "fields": {
    "empresa": 1,
    "orden_venta": 67,
    "fecha_evento": "2025-06-24T00:52:40.079Z",
    "descripcion": "La OP OP-00051 ('Downlight LED empotrable') cambió su estado de 'Insumos Recibidos' a 'Producción Iniciada'.",
    "tipo_evento": "Cambio Estado OP",
    "realizado_por": 1
  }
},
{
  "model": "App_LUMINOVA.historialov",
  "pk": 221,
  "fields": {
    "empresa": 1,
    "orden_venta": 67,
    "fecha_evento": "2025-06-24T00:52:50.163Z",
    "descripcion": "La OP OP-00051 ('Downlight LED empotrable') cambió su estado de 'Producción Iniciada' a 'Completada'.",
    "tipo_evento": "Cambio Estado OP",
    "realizado_por": 1
  }
},
{
  "model": "App_LUMINOVA.historialov",
  "pk": 222,
  "fields": {
    "empresa": 1,
    "orden_venta": 67,
    "fecha_evento": "2025-06-24T00:52:50.167Z",
    "descripcion": "Estado de la OV cambió de 'Insumos Solicitados' a 'Lista para Entrega'.",
    "tipo_evento": "Cambio Estado OV",
    "realizado_por": 1
  }
},
{
  "model": "App_LUMINOVA.historialov",
  "pk": 223,
  "fields": {
    "empresa": 1,
    "orden_venta": 67,
    "fecha_evento": "2025-06-24T00:53:17.617Z",
    "descripcion": "Lote de 1 x 'Downlight LED empotrable' (de OP OP-00051) enviado al cliente.",
    "tipo_evento": "Envío",
    "realizado_por": 1
  }
},
{
  "model": "App_LUMINOVA.historialov",
  "pk": 224,
  "fields": {
    "empresa": 1,
    "orden_venta": 67,
    "fecha_evento": "2025-06-24T00:53:17.619Z",
    "descripcion": "Estado de la Orden de Venta cambió de 'Lista para Entrega' a 'Completada/Entregada'.",
    "tipo_evento": "Cambio Estado OV",
    "realizado_por": 1
  }
},
{
  "model": "App_LUMINOVA.historialov",
  "pk": 225,
  "fields": {
    "empresa": 1,
    "orden_venta": 68,
    "fecha_evento": "2025-06-25T15:32:23.571Z",
    "descripcion": "Orden de Venta creada en estado 'Pendiente Confirmación'.",
    "tipo_evento": null,
    "realizado_por": null
  }
},
{
  "model": "App_LUMINOVA.historialov",
  "pk": 226,
  "fields": {
    "empresa": 1,
    "orden_venta": 68,
    "fecha_evento": "2025-06-25T15:32:23.573Z",
    "descripcion": "Se generó la Orden de Producción OP-00052 para el producto 'Panel LED de techo Negro'.",
    "tipo_evento": null,
    "realizado_por": null
  }
},
{
  "model": "App_LUMINOVA.historialov",
  "pk": 227,
  "fields": {
    "empresa": 1,
    "orden_venta": 68,
    "fecha_evento": "2025-06-25T15:32:23.575Z",
    "descripcion": "Se generó la Orden de Producción OP-00053 para el producto 'Luminaria lineal de barra Negro'.",
    "tipo_evento": null,
    "realizado_por": null
  }
},
{
  "model": "App_LUMINOVA.historialov",
  "pk": 228,
  "fields": {
    "empresa": 1,
    "orden_venta": 68,
    "fecha_evento": "2025-06-25T15:32:58.062Z",
    "descripcion": "La OP OP-00052 ('Panel LED de techo Negro') cambió su estado de 'Pendiente' a 'Insumos Solicitados'.",
    "tipo_evento": "Cambio Estado OP",
    "realizado_por": 1
  }
},
{
  "model": "App_LUMINOVA.historialov",
  "pk": 229,
  "fields": {
    "empresa": 1,
    "orden_venta": 68,
    "fecha_evento": "2025-06-25T15:32:58.064Z",
    "descripcion": "Estado de la OV cambió de 'Pendiente Confirmación' a 'Insumos Solicitados'.",
    "tipo_evento": "Cambio Estado OV",
    "realizado_por": 1
  }
},
{
  "model": "App_LUMINOVA.historialov",
  "pk": 230,
  "fields": {
    "empresa": 1,
    "orden_venta": 68,
    "fecha_evento": "2025-06-25T15:33:06.800Z",
    "descripcion": "La OP OP-00053 ('Luminaria lineal de barra Negro') cambió su estado de 'Pendiente' a 'Insumos Solicitados'.",
    "tipo_evento": "Cambio Estado OP",
    "realizado_por": 1
  }
},
{
  "model": "App_LUMINOVA.historialov",
  "pk": 231,
  "fields": {
    "empresa": 1,
    "orden_venta": 68,
    "fecha_evento": "2025-06-25T15:33:51.030Z",
    "descripcion": "Se creó el reporte N° RP-00023 por 'Problema de Personal' en la OP OP-00053. Detalle: \"Fue a enfermeria...\"",
    "tipo_evento": "Reporte de Incidencia",
    "realizado_por": 1
  }
},
{
  "model": "App_LUMINOVA.historialov",
  "pk": 232,
  "fields": {
    "empresa": 1,
    "orden_venta": 68,
    "fecha_evento": "2025-06-25T15:34:44.243Z",
    "descripcion": "La OP OP-00053 ('Luminaria lineal de barra Negro') cambió su estado de 'Insumos Recibidos' a 'Pausada'.",
    "tipo_evento": "Cambio Estado OP",
    "realizado_por": 1
  }
},
{
  "model": "App_LUMINOVA.historialov",
  "pk": 233,
  "fields": {
    "empresa": 1,
    "orden_venta": 68,
    "fecha_evento": "2025-06-25T15:34:59.725Z",
    "descripcion": "Se creó el reporte N° RP-00024 por 'Falla de Maquinaria' en la OP OP-00053. Detalle: \"Falla maquina x...\"",
    "tipo_evento": "Reporte de Incidencia",
    "realizado_por": 1
  }
},
{
  "model": "App_LUMINOVA.historialov",
  "pk": 234,
  "fields": {
    "empresa": 1,
    "orden_venta": 68,
    "fecha_evento": "2025-06-25T15:35:21.853Z",
    "descripcion": "La OP OP-00053 ('Luminaria lineal de barra Negro') cambió su estado de 'En Proceso' a 'Completada'.",
    "tipo_evento": "Cambio Estado OP",
    "realizado_por": 1
  }
},
{
  "model": "App_LUMINOVA.historialov",
  "pk": 235,
  "fields": {
    "empresa": 1,
    "orden_venta": 68,
    "fecha_evento": "2025-06-25T15:35:55.809Z",
    "descripcion": "La OP OP-00052 ('Panel LED de techo Negro') cambió su estado de 'Insumos Recibidos' a 'Producción Iniciada'.",
    "tipo_evento": "Cambio Estado OP",
    "realizado_por": 1
  }
},
{
  "model": "App_LUMINOVA.historialov",
  "pk": 236,
  "fields": {
    "empresa": 1,
    "orden_venta": 68,
    "fecha_evento": "2025-06-25T15:35:59.837Z",
    "descripcion": "La OP OP-00052 ('Panel LED de techo Negro') cambió su estado de 'Producción Iniciada' a 'Completada'.",
    "tipo_evento": "Cambio Estado OP",
    "realizado_por": 1
  }
},
{
  "model": "App_LUMINOVA.historialov",
  "pk": 237,
  "fields": {
    "empresa": 1,
    "orden_venta": 68,
    "fecha_evento": "2025-06-25T15:35:59.840Z",
    "descripcion": "Estado de la OV cambió de 'Insumos Solicitados' a 'Lista para Entrega'.",
    "tipo_evento": "Cambio Estado OV",
    "realizado_por": 1
  }
},
{
  "model": "App_LUMINOVA.historialov",
  "pk": 238,
  "fields": {
    "empresa": 1,
    "orden_venta": 68,
    "fecha_evento": "2025-06-25T15:36:24.861Z",
    "descripcion": "Lote de 2 x 'Panel LED de techo Negro' (de OP OP-00052) enviado al cliente.",
    "tipo_evento": "Envío",
    "realizado_por": 1
  }
},
{
  "model": "App_LUMINOVA.historialov",
  "pk": 239,
  "fields": {
    "empresa": 1,
    "orden_venta": 68,
    "fecha_evento": "2025-06-25T15:36:29.167Z",
    "descripcion": "Lote de 3 x 'Luminaria lineal de barra Negro' (de OP OP-00053) enviado al cliente.",
    "tipo_evento": "Envío",
    "realizado_por": 1
  }
},
{
  "model": "App_LUMINOVA.historialov",
  "pk": 240,
  "fields": {
    "empresa": 1,
    "orden_venta": 68,
    "fecha_evento": "2025-06-25T15:36:29.168Z",
    "descripcion": "Estado de la Orden de Venta cambió de 'Lista para Entrega' a 'Completada/Entregada'.",
    "tipo_evento": "Cambio Estado OV",
    "realizado_por": 1
  }
},
{
  "model": "App_LUMINOVA.historialov",
  "pk": 241,
  "fields": {
    "empresa": 1,
    "orden_venta": 68,
    "fecha_evento": "2025-06-25T15:36:36.472Z",
    "descripcion": "Se generó la factura N° FACT-00041 por un total de $2430.00.",
    "tipo_evento": "Facturado",
    "realizado_por": 1
  }
},
{
  "model": "App_LUMINOVA.historialov",
  "pk": 242,
  "fields": {
    "empresa": 1,
    "orden_venta": 69,
    "fecha_evento": "2025-06-25T15:39:18.600Z",
    "descripcion": "Orden de Venta creada en estado 'Pendiente Confirmación'.",
    "tipo_evento": null,
    "realizado_por": null
  }
},
{
  "model": "App_LUMINOVA.historialov",
  "pk": 243,
  "fields": {
    "empresa": 1,
    "orden_venta": 69,
    "fecha_evento": "2025-06-25T15:39:18.602Z",
    "descripcion": "Se generó la Orden de Producción OP-00054 para el producto 'Luminaria lineal de barra Negro'.",
    "tipo_evento": null,
    "realizado_por": null
  }
},
{
  "model": "App_LUMINOVA.historialov",
  "pk": 244,
  "fields": {
    "empresa": 1,
    "orden_venta": 69,
    "fecha_evento": "2025-06-25T15:39:44.315Z",
    "descripcion": "La OP OP-00054 ('Luminaria lineal de barra Negro') cambió su estado de 'Pendiente' a 'Insumos Solicitados'.",
    "tipo_evento": "Cambio Estado OP",
    "realizado_por": 1
  }
},
{
  "model": "App_LUMINOVA.historialov",
  "pk": 245,
  "fields": {
    "empresa": 1,
    "orden_venta": 69,
    "fecha_evento": "2025-06-25T15:39:44.317Z",
    "descripcion": "Estado de la OV cambió de 'Pendiente Confirmación' a 'Insumos Solicitados'.",
    "tipo_evento": "Cambio Estado OV",
    "realizado_por": 1
  }
},
{
  "model": "App_LUMINOVA.historialov",
  "pk": 246,
  "fields": {
    "empresa": 1,
    "orden_venta": 69,
    "fecha_evento": "2025-06-25T15:40:21.764Z",
    "descripcion": "La OP OP-00054 ('Luminaria lineal de barra Negro') cambió su estado de 'Insumos Recibidos' a 'Producción Iniciada'.",
    "tipo_evento": "Cambio Estado OP",
    "realizado_por": 1
  }
},
{
  "model": "App_LUMINOVA.historialov",
  "pk": 247,
  "fields": {
    "empresa": 1,
    "orden_venta": 69,
    "fecha_evento": "2025-06-25T15:40:24.458Z",
    "descripcion": "La OP OP-00054 ('Luminaria lineal de barra Negro') cambió su estado de 'Producción Iniciada' a 'Completada'.",
    "tipo_evento": "Cambio Estado OP",
    "realizado_por": 1
  }
},
{
  "model": "App_LUMINOVA.historialov",
  "pk": 248,
  "fields": {
    "empresa": 1,
    "orden_venta": 69,
    "fecha_evento": "2025-06-25T15:40:24.462Z",
    "descripcion": "Estado de la OV cambió de 'Insumos Solicitados' a 'Lista para Entrega'.",
    "tipo_evento": "Cambio Estado OV",
    "realizado_por": 1
  }
},
{
  "model": "App_LUMINOVA.historialov",
  "pk": 249,
  "fields": {
    "empresa": 1,
    "orden_venta": 69,
    "fecha_evento": "2025-06-25T15:40:28.052Z",
    "descripcion": "Lote de 1 x 'Luminaria lineal de barra Negro' (de OP OP-00054) enviado al cliente.",
    "tipo_evento": "Envío",
    "realizado_por": 1
  }
},
{
  "model": "App_LUMINOVA.historialov",
  "pk": 250,
  "fields": {
    "empresa": 1,
    "orden_venta": 69,
    "fecha_evento": "2025-06-25T15:40:28.054Z",
    "descripcion": "Estado de la Orden de Venta cambió de 'Lista para Entrega' a 'Completada/Entregada'.",
    "tipo_evento": "Cambio Estado OV",
    "realizado_por": 1
  }
},
{
  "model": "App_LUMINOVA.historialov",
  "pk": 251,
  "fields": {
    "empresa": 1,
    "orden_venta": 69,
    "fecha_evento": "2025-06-25T15:40:31.475Z",
    "descripcion": "Se generó la factura N° FACT-00042 por un total de $530.00.",
    "tipo_evento": "Facturado",
    "realizado_por": 1
  }
},
{
  "model": "App_LUMINOVA.historialov",
  "pk": 252,
  "fields": {
    "empresa": 1,
    "orden_venta": 70,
    "fecha_evento": "2025-06-27T15:59:19.138Z",
    "descripcion": "Orden de Venta creada en estado 'Pendiente Confirmación'.",
    "tipo_evento": null,
    "realizado_por": null
  }
},
{
  "model": "App_LUMINOVA.historialov",
  "pk": 253,
  "fields": {
    "empresa": 1,
    "orden_venta": 70,
    "fecha_evento": "2025-06-27T15:59:19.141Z",
    "descripcion": "Se generó la Orden de Producción OP-00055 para el producto 'Panel LED de techo Negro'.",
    "tipo_evento": null,
    "realizado_por": null
  }
},
{
  "model": "App_LUMINOVA.historialov",
  "pk": 254,
  "fields": {
    "empresa": 1,
    "orden_venta": 70,
    "fecha_evento": "2025-06-27T16:00:14.805Z",
    "descripcion": "La OP OP-00055 ('Panel LED de techo Negro') cambió su estado de 'Pendiente' a 'Insumos Solicitados'.",
    "tipo_evento": "Cambio Estado OP",
    "realizado_por": 1
  }
},
{
  "model": "App_LUMINOVA.historialov",
  "pk": 255,
  "fields": {
    "empresa": 1,
    "orden_venta": 70,
    "fecha_evento": "2025-06-27T16:00:14.806Z",
    "descripcion": "Estado de la OV cambió de 'Pendiente Confirmación' a 'Insumos Solicitados'.",
    "tipo_evento": "Cambio Estado OV",
    "realizado_por": 1
  }
},
{
  "model": "App_LUMINOVA.historialov",
  "pk": 256,
  "fields": {
    "empresa": 1,
    "orden_venta": 70,
    "fecha_evento": "2025-06-27T16:00:58.962Z",
    "descripcion": "La OP OP-00055 ('Panel LED de techo Negro') cambió su estado de 'Insumos Recibidos' a 'Producción Iniciada'.",
    "tipo_evento": "Cambio Estado OP",
    "realizado_por": 1
  }
},
{
  "model": "App_LUMINOVA.historialov",
  "pk": 257,
  "fields": {
    "empresa": 1,
    "orden_venta": 70,
    "fecha_evento": "2025-06-27T16:01:16.296Z",
    "descripcion": "La OP OP-00055 ('Panel LED de techo Negro') cambió su estado de 'Producción Iniciada' a 'Completada'.",
    "tipo_evento": "Cambio Estado OP",
    "realizado_por": 1
  }
},
{
  "model": "App_LUMINOVA.historialov",
  "pk": 258,
  "fields": {
    "empresa": 1,
    "orden_venta": 70,
    "fecha_evento": "2025-06-27T16:01:16.310Z",
    "descripcion": "Estado de la OV cambió de 'Insumos Solicitados' a 'Lista para Entrega'.",
    "tipo_evento": "Cambio Estado OV",
    "realizado_por": 1
  }
},
{
  "model": "App_LUMINOVA.historialov",
  "pk": 259,
  "fields": {
    "empresa": 1,
    "orden_venta": 70,
    "fecha_evento": "2025-06-27T16:01:55.706Z",
    "descripcion": "Lote de 2 x 'Panel LED de techo Negro' (de OP OP-00055) enviado al cliente.",
    "tipo_evento": "Envío",
    "realizado_por": 1
  }
},
{
  "model": "App_LUMINOVA.historialov",
  "pk": 260,
  "fields": {
    "empresa": 1,
    "orden_venta": 70,
    "fecha_evento": "2025-06-27T16:01:55.707Z",
    "descripcion": "Estado de la Orden de Venta cambió de 'Lista para Entrega' a 'Completada/Entregada'.",
    "tipo_evento": "Cambio Estado OV",
    "realizado_por": 1
  }
},
{
  "model": "App_LUMINOVA.historialov",
  "pk": 261,
  "fields": {
    "empresa": 1,
    "orden_venta": 70,
    "fecha_evento": "2025-06-27T16:02:08.942Z",
    "descripcion": "Se generó la factura N° FACT-00043 por un total de $840.00.",
    "tipo_evento": "Facturado",
    "realizado_por": 1
  }
},
{
  "model": "App_LUMINOVA.historialov",
  "pk": 262,
  "fields": {
    "empresa": 1,
    "orden_venta": 71,
    "fecha_evento": "2025-06-27T17:23:35.780Z",
    "descripcion": "Orden de Venta creada en estado 'Pendiente Confirmación'.",
    "tipo_evento": null,
    "realizado_por": null
  }
},
{
  "model": "App_LUMINOVA.historialov",
  "pk": 263,
  "fields": {
    "empresa": 1,
    "orden_venta": 71,
    "fecha_evento": "2025-06-27T17:23:35.782Z",
    "descripcion": "Se generó la Orden de Producción OP-00056 para el producto 'Downlight LED empotrable'.",
    "tipo_evento": null,
    "realizado_por": null
  }
},
{
  "model": "App_LUMINOVA.historialov",
  "pk": 264,
  "fields": {
    "empresa": 1,
    "orden_venta": 71,
    "fecha_evento": "2025-06-27T17:23:35.784Z",
    "descripcion": "Se generó la Orden de Producción OP-00057 para el producto 'Iluminación decorativa con tiras LED para exterior'.",
    "tipo_evento": null,
    "realizado_por": null
  }
},
{
  "model": "App_LUMINOVA.historialov",
  "pk": 265,
  "fields": {
    "empresa": 1,
    "orden_venta": 71,
    "fecha_evento": "2025-06-27T17:24:24.033Z",
    "descripcion": "La OP OP-00056 ('Downlight LED empotrable') cambió su estado de 'Pendiente' a 'Insumos Solicitados'.",
    "tipo_evento": "Cambio Estado OP",
    "realizado_por": 1
  }
},
{
  "model": "App_LUMINOVA.historialov",
  "pk": 266,
  "fields": {
    "empresa": 1,
    "orden_venta": 71,
    "fecha_evento": "2025-06-27T17:24:24.035Z",
    "descripcion": "Estado de la OV cambió de 'Pendiente Confirmación' a 'Insumos Solicitados'.",
    "tipo_evento": "Cambio Estado OV",
    "realizado_por": 1
  }
},
{
  "model": "App_LUMINOVA.historialov",
  "pk": 267,
  "fields": {
    "empresa": 1,
    "orden_venta": 71,
    "fecha_evento": "2025-06-27T17:25:35.201Z",
    "descripcion": "La OP OP-00056 ('Downlight LED empotrable') cambió su estado de 'Insumos Recibidos' a 'Producción Iniciada'.",
    "tipo_evento": "Cambio Estado OP",
    "realizado_por": 1
  }
},
{
  "model": "App_LUMINOVA.historialov",
  "pk": 268,
  "fields": {
    "empresa": 1,
    "orden_venta": 71,
    "fecha_evento": "2025-06-27T17:25:53.271Z",
    "descripcion": "La OP OP-00056 ('Downlight LED empotrable') cambió su estado de 'Producción Iniciada' a 'Completada'.",
    "tipo_evento": "Cambio Estado OP",
    "realizado_por": 1
  }
},
{
  "model": "App_LUMINOVA.historialov",
  "pk": 269,
  "fields": {
    "empresa": 1,
    "orden_venta": 71,
    "fecha_evento": "2025-06-27T17:28:03.689Z",
    "descripcion": "La OP OP-00057 ('Iluminación decorativa con tiras LED para exterior') cambió su estado de 'Pendiente' a 'Insumos Solicitados'.",
    "tipo_evento": "Cambio Estado OP",
    "realizado_por": 1
  }
},
{
  "model": "App_LUMINOVA.historialov",
  "pk": 270,
  "fields": {
    "empresa": 1,
    "orden_venta": 71,
    "fecha_evento": "2025-06-27T17:28:28.648Z",
    "descripcion": "La OP OP-00057 ('Iluminación decorativa con tiras LED para exterior') cambió su estado de 'Insumos Recibidos' a 'Producción Iniciada'.",
    "tipo_evento": "Cambio Estado OP",
    "realizado_por": 1
  }
},
{
  "model": "App_LUMINOVA.historialov",
  "pk": 271,
  "fields": {
    "empresa": 1,
    "orden_venta": 71,
    "fecha_evento": "2025-06-27T17:28:37.740Z",
    "descripcion": "La OP OP-00057 ('Iluminación decorativa con tiras LED para exterior') cambió su estado de 'Producción Iniciada' a 'Pausada'.",
    "tipo_evento": "Cambio Estado OP",
    "realizado_por": 1
  }
},
{
  "model": "App_LUMINOVA.historialov",
  "pk": 272,
  "fields": {
    "empresa": 1,
    "orden_venta": 71,
    "fecha_evento": "2025-06-27T17:29:02.114Z",
    "descripcion": "Se creó el reporte N° RP-00025 por 'Otro' en la OP OP-00057. Detalle: \"Se prueba la creación de un Reporte...\"",
    "tipo_evento": "Reporte de Incidencia",
    "realizado_por": 1
  }
},
{
  "model": "App_LUMINOVA.historialov",
  "pk": 273,
  "fields": {
    "empresa": 1,
    "orden_venta": 71,
    "fecha_evento": "2025-06-27T17:29:25.974Z",
    "descripcion": "La OP OP-00057 ('Iluminación decorativa con tiras LED para exterior') cambió su estado de 'En Proceso' a 'Completada'.",
    "tipo_evento": "Cambio Estado OP",
    "realizado_por": 1
  }
},
{
  "model": "App_LUMINOVA.historialov",
  "pk": 274,
  "fields": {
    "empresa": 1,
    "orden_venta": 71,
    "fecha_evento": "2025-06-27T17:29:25.977Z",
    "descripcion": "Estado de la OV cambió de 'Insumos Solicitados' a 'Lista para Entrega'.",
    "tipo_evento": "Cambio Estado OV",
    "realizado_por": 1
  }
},
{
  "model": "App_LUMINOVA.historialov",
  "pk": 275,
  "fields": {
    "empresa": 1,
    "orden_venta": 71,
    "fecha_evento": "2025-06-27T17:29:42.041Z",
    "descripcion": "Se generó la factura N° FACT-00044 por un total de $550.00.",
    "tipo_evento": "Facturado",
    "realizado_por": 1
  }
},
{
  "model": "App_LUMINOVA.historialov",
  "pk": 276,
  "fields": {
    "empresa": 1,
    "orden_venta": 71,
    "fecha_evento": "2025-06-27T17:29:50.436Z",
    "descripcion": "Lote de 1 x 'Downlight LED empotrable' (de OP OP-00056) enviado al cliente.",
    "tipo_evento": "Envío",
    "realizado_por": 1
  }
},
{
  "model": "App_LUMINOVA.historialov",
  "pk": 277,
  "fields": {
    "empresa": 1,
    "orden_venta": 71,
    "fecha_evento": "2025-06-27T17:29:53.135Z",
    "descripcion": "Lote de 1 x 'Iluminación decorativa con tiras LED para exterior' (de OP OP-00057) enviado al cliente.",
    "tipo_evento": "Envío",
    "realizado_por": 1
  }
},
{
  "model": "App_LUMINOVA.historialov",
  "pk": 278,
  "fields": {
    "empresa": 1,
    "orden_venta": 71,
    "fecha_evento": "2025-06-27T17:29:53.137Z",
    "descripcion": "Estado de la Orden de Venta cambió de 'Lista para Entrega' a 'Completada/Entregada'.",
    "tipo_evento": "Cambio Estado OV",
    "realizado_por": 1
  }
},
{
  "model": "App_LUMINOVA.historialov",
  "pk": 279,
  "fields": {
    "empresa": 1,
    "orden_venta": 72,
    "fecha_evento": "2025-07-04T20:20:07.639Z",
    "descripcion": "Orden de Venta creada en estado 'Pendiente Confirmación'.",
    "tipo_evento": null,
    "realizado_por": null
  }
},
{
  "model": "App_LUMINOVA.historialov",
  "pk": 280,
  "fields": {
    "empresa": 1,
    "orden_venta": 72,
    "fecha_evento": "2025-07-04T20:20:07.644Z",
    "descripcion": "Se generó la Orden de Producción OP-00058 para el producto 'Lámpara LED Estándar'.",
    "tipo_evento": null,
    "realizado_por": null
  }
},
{
  "model": "App_LUMINOVA.historialov",
  "pk": 281,
  "fields": {
    "empresa": 1,
    "orden_venta": 72,
    "fecha_evento": "2025-07-04T20:20:26.929Z",
    "descripcion": "Se generó la Orden de Producción OP-00058 para el producto 'Lámpara LED Estándar'.",
    "tipo_evento": null,
    "realizado_por": null
  }
},
{
  "model": "App_LUMINOVA.historialov",
  "pk": 282,
  "fields": {
    "empresa": 1,
    "orden_venta": 72,
    "fecha_evento": "2025-07-04T20:21:29.769Z",
    "descripcion": "La OP OP-00058 ('Lámpara LED Estándar') cambió su estado de 'Pendiente' a 'Insumos Solicitados'.",
    "tipo_evento": "Cambio Estado OP",
    "realizado_por": 1
  }
},
{
  "model": "App_LUMINOVA.historialov",
  "pk": 283,
  "fields": {
    "empresa": 1,
    "orden_venta": 72,
    "fecha_evento": "2025-07-04T20:21:29.772Z",
    "descripcion": "Estado de la OV cambió de 'Pendiente Confirmación' a 'Insumos Solicitados'.",
    "tipo_evento": "Cambio Estado OV",
    "realizado_por": 1
  }
},
{
  "model": "App_LUMINOVA.historialov",
  "pk": 284,
  "fields": {
    "empresa": 1,
    "orden_venta": 72,
    "fecha_evento": "2025-07-04T20:23:17.095Z",
    "descripcion": "La OP OP-00058 ('Lámpara LED Estándar') cambió su estado de 'Insumos Recibidos' a 'Producción Iniciada'.",
    "tipo_evento": "Cambio Estado OP",
    "realizado_por": 1
  }
},
{
  "model": "App_LUMINOVA.historialov",
  "pk": 285,
  "fields": {
    "empresa": 1,
    "orden_venta": 72,
    "fecha_evento": "2025-07-04T20:23:39.427Z",
    "descripcion": "La OP OP-00058 ('Lámpara LED Estándar') cambió su estado de 'Producción Iniciada' a 'Completada'.",
    "tipo_evento": "Cambio Estado OP",
    "realizado_por": 1
  }
},
{
  "model": "App_LUMINOVA.historialov",
  "pk": 286,
  "fields": {
    "empresa": 1,
    "orden_venta": 72,
    "fecha_evento": "2025-07-04T20:23:39.433Z",
    "descripcion": "Estado de la OV cambió de 'Insumos Solicitados' a 'Lista para Entrega'.",
    "tipo_evento": "Cambio Estado OV",
    "realizado_por": 1
  }
},
{
  "model": "App_LUMINOVA.historialov",
  "pk": 287,
  "fields": {
    "empresa": 1,
    "orden_venta": 72,
    "fecha_evento": "2025-07-04T20:23:52.996Z",
    "descripcion": "Se generó la factura N° FACT-00045 por un total de $0.02.",
    "tipo_evento": "Facturado",
    "realizado_por": 1
  }
},
{
  "model": "App_LUMINOVA.historialov",
  "pk": 288,
  "fields": {
    "empresa": 1,
    "orden_venta": 72,
    "fecha_evento": "2025-07-04T20:24:13.444Z",
    "descripcion": "Lote de 1 x 'Lámpara LED Estándar' (de OP OP-00058) enviado al cliente.",
    "tipo_evento": "Envío",
    "realizado_por": 1
  }
},
{
  "model": "App_LUMINOVA.historialov",
  "pk": 289,
  "fields": {
    "empresa": 1,
    "orden_venta": 72,
    "fecha_evento": "2025-07-04T20:24:13.447Z",
    "descripcion": "Estado de la Orden de Venta cambió de 'Lista para Entrega' a 'Completada/Entregada'.",
    "tipo_evento": "Cambio Estado OV",
    "realizado_por": 1
  }
},
{
  "model": "App_LUMINOVA.historialov",
  "pk": 290,
  "fields": {
    "empresa": 1,
    "orden_venta": 73,
    "fecha_evento": "2025-07-04T20:26:58.465Z",
    "descripcion": "Orden de Venta creada en estado 'Pendiente Confirmación'.",
    "tipo_evento": null,
    "realizado_por": null
  }
},
{
  "model": "App_LUMINOVA.historialov",
  "pk": 291,
  "fields": {
    "empresa": 1,
    "orden_venta": 73,
    "fecha_evento": "2025-07-04T20:26:58.470Z",
    "descripcion": "Se generó la Orden de Producción OP-00059 para el producto 'Panel LED de techo Negro'.",
    "tipo_evento": null,
    "realizado_por": null
  }
},
{
  "model": "App_LUMINOVA.historialov",
  "pk": 292,
  "fields": {
    "empresa": 1,
    "orden_venta": 73,
    "fecha_evento": "2025-07-04T20:29:00.132Z",
    "descripcion": "La OP OP-00059 ('Panel LED de techo Negro') cambió su estado de 'Pendiente' a 'Insumos Solicitados'.",
    "tipo_evento": "Cambio Estado OP",
    "realizado_por": 1
  }
},
{
  "model": "App_LUMINOVA.historialov",
  "pk": 293,
  "fields": {
    "empresa": 1,
    "orden_venta": 73,
    "fecha_evento": "2025-07-04T20:29:00.134Z",
    "descripcion": "Estado de la OV cambió de 'Pendiente Confirmación' a 'Insumos Solicitados'.",
    "tipo_evento": "Cambio Estado OV",
    "realizado_por": 1
  }
},
{
  "model": "App_LUMINOVA.historialov",
  "pk": 294,
  "fields": {
    "empresa": 1,
    "orden_venta": 73,
    "fecha_evento": "2025-07-04T20:29:08.605Z",
    "descripcion": "La OP OP-00059 ('Panel LED de techo Negro') cambió su estado de 'Insumos Solicitados' a 'Pausada'.",
    "tipo_evento": "Cambio Estado OP",
    "realizado_por": 1
  }
},
{
  "model": "App_LUMINOVA.historialov",
  "pk": 295,
  "fields": {
    "empresa": 1,
    "orden_venta": 73,
    "fecha_evento": "2025-07-04T20:29:19.903Z",
    "descripcion": "Se creó el reporte N° RP-00026 por 'Falta de Insumos' en la OP OP-00059. Detalle: \"Se espera por insumos...\"",
    "tipo_evento": "Reporte de Incidencia",
    "realizado_por": 1
  }
},
{
  "model": "App_LUMINOVA.historialov",
  "pk": 296,
  "fields": {
    "empresa": 1,
    "orden_venta": 73,
    "fecha_evento": "2025-07-04T20:30:02.230Z",
    "descripcion": "La OP OP-00059 ('Panel LED de techo Negro') cambió su estado de 'Pausada' a 'Pendiente'.",
    "tipo_evento": "Cambio Estado OP",
    "realizado_por": 1
  }
},
{
  "model": "App_LUMINOVA.historialov",
  "pk": 297,
  "fields": {
    "empresa": 1,
    "orden_venta": 73,
    "fecha_evento": "2025-07-04T20:30:07.470Z",
    "descripcion": "La OP OP-00059 ('Panel LED de techo Negro') cambió su estado de 'Pendiente' a 'Insumos Solicitados'.",
    "tipo_evento": "Cambio Estado OP",
    "realizado_por": 1
  }
},
{
  "model": "App_LUMINOVA.historialov",
  "pk": 298,
  "fields": {
    "empresa": 1,
    "orden_venta": 73,
    "fecha_evento": "2025-07-04T20:31:03.789Z",
    "descripcion": "La OP OP-00059 ('Panel LED de techo Negro') cambió su estado de 'Insumos Recibidos' a 'Producción Iniciada'.",
    "tipo_evento": "Cambio Estado OP",
    "realizado_por": 1
  }
},
{
  "model": "App_LUMINOVA.historialov",
  "pk": 299,
  "fields": {
    "empresa": 1,
    "orden_venta": 73,
    "fecha_evento": "2025-07-04T20:31:32.848Z",
    "descripcion": "Se creó el reporte N° RP-00027 por 'Otro' en la OP OP-00059. Detalle: \"Falla Eléctrica...\"",
    "tipo_evento": "Reporte de Incidencia",
    "realizado_por": 1
  }
},
{
  "model": "App_LUMINOVA.historialov",
  "pk": 300,
  "fields": {
    "empresa": 1,
    "orden_venta": 73,
    "fecha_evento": "2025-07-04T20:31:49.892Z",
    "descripcion": "La OP OP-00059 ('Panel LED de techo Negro') cambió su estado de 'Producción Iniciada' a 'Completada'.",
    "tipo_evento": "Cambio Estado OP",
    "realizado_por": 1
  }
},
{
  "model": "App_LUMINOVA.historialov",
  "pk": 301,
  "fields": {
    "empresa": 1,
    "orden_venta": 73,
    "fecha_evento": "2025-07-04T20:31:49.902Z",
    "descripcion": "Estado de la OV cambió de 'Insumos Solicitados' a 'Lista para Entrega'.",
    "tipo_evento": "Cambio Estado OV",
    "realizado_por": 1
  }
},
{
  "model": "App_LUMINOVA.historialov",
  "pk": 302,
  "fields": {
    "empresa": 1,
    "orden_venta": 74,
    "fecha_evento": "2025-07-04T22:27:45.028Z",
    "descripcion": "Orden de Venta creada en estado 'Pendiente Confirmación'.",
    "tipo_evento": null,
    "realizado_por": null
  }
},
{
  "model": "App_LUMINOVA.historialov",
  "pk": 303,
  "fields": {
    "empresa": 1,
    "orden_venta": 74,
    "fecha_evento": "2025-07-04T22:27:45.035Z",
    "descripcion": "Se generó la Orden de Producción OP-00105 para el producto 'Luminaria lineal de barra Negro'.",
    "tipo_evento": null,
    "realizado_por": null
  }
},
{
  "model": "App_LUMINOVA.historialov",
  "pk": 304,
  "fields": {
    "empresa": 1,
    "orden_venta": 73,
    "fecha_evento": "2025-07-04T23:55:51.749Z",
    "descripcion": "Se generó la factura N° FACT-00046 por un total de $420.00.",
    "tipo_evento": "Facturado",
    "realizado_por": 1
  }
},
{
  "model": "App_LUMINOVA.historialov",
  "pk": 305,
  "fields": {
    "empresa": 1,
    "orden_venta": 75,
    "fecha_evento": "2025-08-03T14:51:09.289Z",
    "descripcion": "Orden de Venta creada en estado 'Pendiente Confirmación'.",
    "tipo_evento": null,
    "realizado_por": null
  }
},
{
  "model": "App_LUMINOVA.historialov",
  "pk": 306,
  "fields": {
    "empresa": 1,
    "orden_venta": 75,
    "fecha_evento": "2025-08-03T14:51:22.857Z",
    "descripcion": "La OP OP-00106 ('Vino') cambió su estado de 'Pendiente' a 'Insumos Solicitados'.",
    "tipo_evento": "Cambio Estado OP",
    "realizado_por": 1
  }
},
{
  "model": "App_LUMINOVA.historialov",
  "pk": 307,
  "fields": {
    "empresa": 1,
    "orden_venta": 75,
    "fecha_evento": "2025-08-03T14:51:22.859Z",
    "descripcion": "Estado de la OV cambió de 'Pendiente Confirmación' a 'Insumos Solicitados'.",
    "tipo_evento": "Cambio Estado OV",
    "realizado_por": 1
  }
},
{
  "model": "App_LUMINOVA.historialov",
  "pk": 308,
  "fields": {
    "empresa": 1,
    "orden_venta": 76,
    "fecha_evento": "2025-08-03T19:28:03.947Z",
    "descripcion": "Orden de Venta creada en estado 'Pendiente Confirmación'.",
    "tipo_evento": null,
    "realizado_por": null
  }
},
{
  "model": "App_LUMINOVA.historialov",
  "pk": 309,
  "fields": {
    "empresa": 1,
    "orden_venta": 76,
    "fecha_evento": "2025-08-03T19:28:11.916Z",
    "descripcion": "Se generó la Orden de Producción OP-00107 para el producto 'Downlight LED empotrable'.",
    "tipo_evento": null,
    "realizado_por": null
  }
},
{
  "model": "App_LUMINOVA.historialov",
  "pk": 310,
  "fields": {
    "empresa": 1,
    "orden_venta": 77,
    "fecha_evento": "2025-08-03T19:33:16.466Z",
    "descripcion": "Orden de Venta creada en estado 'Pendiente Confirmación'.",
    "tipo_evento": null,
    "realizado_por": null
  }
},
{
  "model": "App_LUMINOVA.historialov",
  "pk": 311,
  "fields": {
    "empresa": 1,
    "orden_venta": 74,
    "fecha_evento": "2025-08-03T19:34:27.510Z",
    "descripcion": "La OP OP-00105 ('Luminaria lineal de barra Negro') cambió su estado de 'Pendiente' a 'Insumos Solicitados'.",
    "tipo_evento": "Cambio Estado OP",
    "realizado_por": 1
  }
},
{
  "model": "App_LUMINOVA.historialov",
  "pk": 312,
  "fields": {
    "empresa": 1,
    "orden_venta": 74,
    "fecha_evento": "2025-08-03T19:34:27.514Z",
    "descripcion": "Estado de la OV cambió de 'Pendiente Confirmación' a 'Insumos Solicitados'.",
    "tipo_evento": "Cambio Estado OV",
    "realizado_por": 1
  }
},
{
  "model": "App_LUMINOVA.historialov",
  "pk": 313,
  "fields": {
    "empresa": 1,
    "orden_venta": 74,
    "fecha_evento": "2025-08-03T19:34:50.647Z",
    "descripcion": "La OP OP-00105 ('Luminaria lineal de barra Negro') cambió su estado de 'Insumos Recibidos' a 'Producción Iniciada'.",
    "tipo_evento": "Cambio Estado OP",
    "realizado_por": 1
  }
},
{
  "model": "App_LUMINOVA.historialov",
  "pk": 314,
  "fields": {
    "empresa": 1,
    "orden_venta": 74,
    "fecha_evento": "2025-08-03T20:17:48.524Z",
    "descripcion": "La OP OP-00105 ('Luminaria lineal de barra Negro') cambió su estado de 'Producción Iniciada' a 'Completada'.",
    "tipo_evento": "Cambio Estado OP",
    "realizado_por": 1
  }
},
{
  "model": "App_LUMINOVA.historialov",
  "pk": 315,
  "fields": {
    "empresa": 1,
    "orden_venta": 74,
    "fecha_evento": "2025-08-03T20:17:48.535Z",
    "descripcion": "Estado de la OV cambió de 'Insumos Solicitados' a 'Lista para Entrega'.",
    "tipo_evento": "Cambio Estado OV",
    "realizado_por": 1
  }
},
{
  "model": "App_LUMINOVA.historialov",
  "pk": 316,
  "fields": {
    "empresa": 1,
    "orden_venta": 76,
    "fecha_evento": "2025-08-03T20:19:00.875Z",
    "descripcion": "La OP OP-00107 ('Downlight LED empotrable') cambió su estado de 'Pendiente' a 'Insumos Solicitados'.",
    "tipo_evento": "Cambio Estado OP",
    "realizado_por": 1
  }
},
{
  "model": "App_LUMINOVA.historialov",
  "pk": 317,
  "fields": {
    "empresa": 1,
    "orden_venta": 76,
    "fecha_evento": "2025-08-03T20:19:00.877Z",
    "descripcion": "Estado de la OV cambió de 'Pendiente Confirmación' a 'Insumos Solicitados'.",
    "tipo_evento": "Cambio Estado OV",
    "realizado_por": 1
  }
},
{
  "model": "App_LUMINOVA.historialov",
  "pk": 318,
  "fields": {
    "empresa": 1,
    "orden_venta": 77,
    "fecha_evento": "2025-08-03T20:35:16.249Z",
    "descripcion": "La OP OP-00108 ('Downlight LED empotrable') cambió su estado de 'Pendiente' a 'Insumos Solicitados'.",
    "tipo_evento": "Cambio Estado OP",
    "realizado_por": 1
  }
},
{
  "model": "App_LUMINOVA.historialov",
  "pk": 319,
  "fields": {
    "empresa": 1,
    "orden_venta": 77,
    "fecha_evento": "2025-08-03T20:35:16.253Z",
    "descripcion": "Estado de la OV cambió de 'Pendiente Confirmación' a 'Insumos Solicitados'.",
    "tipo_evento": "Cambio Estado OV",
    "realizado_por": 1
  }
},
{
  "model": "App_LUMINOVA.historialov",
  "pk": 320,
  "fields": {
    "empresa": 1,
    "orden_venta": 76,
    "fecha_evento": "2025-08-03T20:36:21.840Z",
    "descripcion": "La OP OP-00107 ('Downlight LED empotrable') cambió su estado de 'Insumos Recibidos' a 'Producción Iniciada'.",
    "tipo_evento": "Cambio Estado OP",
    "realizado_por": 1
  }
},
{
  "model": "App_LUMINOVA.historialov",
  "pk": 321,
  "fields": {
    "empresa": 1,
    "orden_venta": 76,
    "fecha_evento": "2025-08-03T20:36:30.526Z",
    "descripcion": "La OP OP-00107 ('Downlight LED empotrable') cambió su estado de 'Producción Iniciada' a 'Pausada'.",
    "tipo_evento": "Cambio Estado OP",
    "realizado_por": 1
  }
},
{
  "model": "App_LUMINOVA.historialov",
  "pk": 322,
  "fields": {
    "empresa": 1,
    "orden_venta": 76,
    "fecha_evento": "2025-08-03T20:36:38.535Z",
    "descripcion": "Se creó el reporte N° RP-00031 por 'Falla de Maquinaria' en la OP OP-00107.",
    "tipo_evento": "Reporte de Incidencia",
    "realizado_por": 1
  }
},
{
  "model": "App_LUMINOVA.historialov",
  "pk": 323,
  "fields": {
    "empresa": 1,
    "orden_venta": 76,
    "fecha_evento": "2025-08-03T20:36:51.972Z",
    "descripcion": "La OP OP-00107 ('Downlight LED empotrable') cambió su estado de 'En Proceso' a 'Completada'.",
    "tipo_evento": "Cambio Estado OP",
    "realizado_por": 1
  }
},
{
  "model": "App_LUMINOVA.historialov",
  "pk": 324,
  "fields": {
    "empresa": 1,
    "orden_venta": 76,
    "fecha_evento": "2025-08-03T20:36:51.981Z",
    "descripcion": "Estado de la OV cambió de 'Insumos Solicitados' a 'Lista para Entrega'.",
    "tipo_evento": "Cambio Estado OV",
    "realizado_por": 1
  }
},
{
  "model": "App_LUMINOVA.historialov",
  "pk": 325,
  "fields": {
    "empresa": 1,
    "orden_venta": 77,
    "fecha_evento": "2025-08-03T20:39:43.171Z",
    "descripcion": "La OP OP-00108 ('Downlight LED empotrable') cambió su estado de 'Insumos Solicitados' a 'Producción Iniciada'.",
    "tipo_evento": "Cambio Estado OP",
    "realizado_por": 1
  }
},
{
  "model": "App_LUMINOVA.historialov",
  "pk": 326,
  "fields": {
    "empresa": 1,
    "orden_venta": 77,
    "fecha_evento": "2025-08-03T20:39:47.824Z",
    "descripcion": "La OP OP-00108 ('Downlight LED empotrable') cambió su estado de 'Producción Iniciada' a 'Completada'.",
    "tipo_evento": "Cambio Estado OP",
    "realizado_por": 1
  }
},
{
  "model": "App_LUMINOVA.historialov",
  "pk": 327,
  "fields": {
    "empresa": 1,
    "orden_venta": 77,
    "fecha_evento": "2025-08-03T20:47:30.541Z",
    "descripcion": "La OP OP-00109 ('Lámpara LED Estándar') cambió su estado de 'Pendiente' a 'Insumos Solicitados'.",
    "tipo_evento": "Cambio Estado OP",
    "realizado_por": 1
  }
},
{
  "model": "App_LUMINOVA.historialov",
  "pk": 328,
  "fields": {
    "empresa": 1,
    "orden_venta": 77,
    "fecha_evento": "2025-08-03T20:47:52.360Z",
    "descripcion": "La OP OP-00109 ('Lámpara LED Estándar') cambió su estado de 'Insumos Recibidos' a 'Producción Iniciada'.",
    "tipo_evento": "Cambio Estado OP",
    "realizado_por": 1
  }
},
{
  "model": "App_LUMINOVA.historialov",
  "pk": 329,
  "fields": {
    "empresa": 1,
    "orden_venta": 77,
    "fecha_evento": "2025-08-03T20:47:57.295Z",
    "descripcion": "La OP OP-00109 ('Lámpara LED Estándar') cambió su estado de 'Producción Iniciada' a 'Completada'.",
    "tipo_evento": "Cambio Estado OP",
    "realizado_por": 1
  }
},
{
  "model": "App_LUMINOVA.historialov",
  "pk": 330,
  "fields": {
    "empresa": 1,
    "orden_venta": 77,
    "fecha_evento": "2025-08-03T20:47:57.306Z",
    "descripcion": "Estado de la OV cambió de 'Insumos Solicitados' a 'Lista para Entrega'.",
    "tipo_evento": "Cambio Estado OV",
    "realizado_por": 1
  }
},
{
  "model": "App_LUMINOVA.historialov",
  "pk": 331,
  "fields": {
    "empresa": 1,
    "orden_venta": 75,
    "fecha_evento": "2025-08-03T20:51:30.665Z",
    "descripcion": "La OP OP-00106 ('Vino') cambió su estado de 'Insumos Recibidos' a 'Producción Iniciada'.",
    "tipo_evento": "Cambio Estado OP",
    "realizado_por": 1
  }
},
{
  "model": "App_LUMINOVA.historialov",
  "pk": 332,
  "fields": {
    "empresa": 1,
    "orden_venta": 75,
    "fecha_evento": "2025-08-03T20:51:34.115Z",
    "descripcion": "La OP OP-00106 ('Vino') cambió su estado de 'Producción Iniciada' a 'Completada'.",
    "tipo_evento": "Cambio Estado OP",
    "realizado_por": 1
  }
},
{
  "model": "App_LUMINOVA.historialov",
  "pk": 333,
  "fields": {
    "empresa": 1,
    "orden_venta": 75,
    "fecha_evento": "2025-08-03T20:51:34.123Z",
    "descripcion": "Estado de la OV cambió de 'Insumos Solicitados' a 'Lista para Entrega'.",
    "tipo_evento": "Cambio Estado OV",
    "realizado_por": 1
  }
},
{
  "model": "App_LUMINOVA.historialov",
  "pk": 334,
  "fields": {
    "empresa": 1,
    "orden_venta": 78,
    "fecha_evento": "2025-08-03T20:54:35.925Z",
    "descripcion": "Orden de Venta creada en estado 'Pendiente Confirmación'.",
    "tipo_evento": null,
    "realizado_por": null
  }
},
{
  "model": "App_LUMINOVA.historialov",
  "pk": 335,
  "fields": {
    "empresa": 1,
    "orden_venta": 78,
    "fecha_evento": "2025-08-03T20:54:46.752Z",
    "descripcion": "La OP OP-00110 ('Luminaria de alumbrado público Negro de LED Blanco') cambió su estado de 'Pendiente' a 'Insumos Solicitados'.",
    "tipo_evento": "Cambio Estado OP",
    "realizado_por": 1
  }
},
{
  "model": "App_LUMINOVA.historialov",
  "pk": 336,
  "fields": {
    "empresa": 1,
    "orden_venta": 78,
    "fecha_evento": "2025-08-03T20:54:46.753Z",
    "descripcion": "Estado de la OV cambió de 'Pendiente Confirmación' a 'Insumos Solicitados'.",
    "tipo_evento": "Cambio Estado OV",
    "realizado_por": 1
  }
},
{
  "model": "App_LUMINOVA.historialov",
  "pk": 337,
  "fields": {
    "empresa": 1,
    "orden_venta": 78,
    "fecha_evento": "2025-08-03T20:55:40.222Z",
    "descripcion": "La OP OP-00110 ('Luminaria de alumbrado público Negro de LED Blanco') cambió su estado de 'Insumos Recibidos' a 'Producción Iniciada'.",
    "tipo_evento": "Cambio Estado OP",
    "realizado_por": 1
  }
},
{
  "model": "App_LUMINOVA.historialov",
  "pk": 338,
  "fields": {
    "empresa": 1,
    "orden_venta": 78,
    "fecha_evento": "2025-08-03T20:55:43.406Z",
    "descripcion": "La OP OP-00110 ('Luminaria de alumbrado público Negro de LED Blanco') cambió su estado de 'Producción Iniciada' a 'Completada'.",
    "tipo_evento": "Cambio Estado OP",
    "realizado_por": 1
  }
},
{
  "model": "App_LUMINOVA.historialov",
  "pk": 339,
  "fields": {
    "empresa": 1,
    "orden_venta": 78,
    "fecha_evento": "2025-08-03T20:57:48.170Z",
    "descripcion": "La OP OP-00111 ('Lámpara LED Estándar') cambió su estado de 'Pendiente' a 'Insumos Solicitados'.",
    "tipo_evento": "Cambio Estado OP",
    "realizado_por": 1
  }
},
{
  "model": "App_LUMINOVA.historialov",
  "pk": 340,
  "fields": {
    "empresa": 1,
    "orden_venta": 79,
    "fecha_evento": "2025-08-03T21:03:01.692Z",
    "descripcion": "Orden de Venta creada en estado 'Pendiente Confirmación'.",
    "tipo_evento": null,
    "realizado_por": null
  }
},
{
  "model": "App_LUMINOVA.historialov",
  "pk": 341,
  "fields": {
    "empresa": 1,
    "orden_venta": 79,
    "fecha_evento": "2025-08-03T21:03:09.979Z",
    "descripcion": "La OP OP-00112 ('Downlight LED empotrable') cambió su estado de 'Pendiente' a 'Insumos Solicitados'.",
    "tipo_evento": "Cambio Estado OP",
    "realizado_por": 1
  }
},
{
  "model": "App_LUMINOVA.historialov",
  "pk": 342,
  "fields": {
    "empresa": 1,
    "orden_venta": 79,
    "fecha_evento": "2025-08-03T21:03:09.981Z",
    "descripcion": "Estado de la OV cambió de 'Pendiente Confirmación' a 'Insumos Solicitados'.",
    "tipo_evento": "Cambio Estado OV",
    "realizado_por": 1
  }
},
{
  "model": "App_LUMINOVA.historialov",
  "pk": 343,
  "fields": {
    "empresa": 1,
    "orden_venta": 80,
    "fecha_evento": "2025-08-07T18:00:48.457Z",
    "descripcion": "Orden de Venta creada en estado 'Pendiente Confirmación'.",
    "tipo_evento": null,
    "realizado_por": null
  }
},
{
  "model": "App_LUMINOVA.historialov",
  "pk": 344,
  "fields": {
    "empresa": 1,
    "orden_venta": 80,
    "fecha_evento": "2025-08-07T18:01:03.659Z",
    "descripcion": "La OP OP-00113 ('Vino') cambió su estado de 'Pendiente' a 'Insumos Solicitados'.",
    "tipo_evento": "Cambio Estado OP",
    "realizado_por": 1
  }
},
{
  "model": "App_LUMINOVA.historialov",
  "pk": 345,
  "fields": {
    "empresa": 1,
    "orden_venta": 80,
    "fecha_evento": "2025-08-07T18:01:03.660Z",
    "descripcion": "Estado de la OV cambió de 'Pendiente Confirmación' a 'Insumos Solicitados'.",
    "tipo_evento": "Cambio Estado OV",
    "realizado_por": 1
  }
},
{
  "model": "App_LUMINOVA.historialov",
  "pk": 346,
  "fields": {
    "empresa": 1,
    "orden_venta": 80,
    "fecha_evento": "2025-08-07T18:01:30.227Z",
    "descripcion": "La OP OP-00113 ('Vino') cambió su estado de 'Insumos Solicitados' a 'Producción Iniciada'.",
    "tipo_evento": "Cambio Estado OP",
    "realizado_por": 1
  }
},
{
  "model": "App_LUMINOVA.historialov",
  "pk": 347,
  "fields": {
    "empresa": 1,
    "orden_venta": 81,
    "fecha_evento": "2025-08-08T00:57:39.691Z",
    "descripcion": "Orden de Venta creada en estado 'Pendiente Confirmación'.",
    "tipo_evento": null,
    "realizado_por": null
  }
},
{
  "model": "App_LUMINOVA.historialov",
  "pk": 348,
  "fields": {
    "empresa": 1,
    "orden_venta": 81,
    "fecha_evento": "2025-08-08T00:58:23.465Z",
    "descripcion": "La OP OP-00114 ('Downlight LED empotrable') cambió su estado de 'Pendiente' a 'Insumos Solicitados'.",
    "tipo_evento": "Cambio Estado OP",
    "realizado_por": 1
  }
},
{
  "model": "App_LUMINOVA.historialov",
  "pk": 349,
  "fields": {
    "empresa": 1,
    "orden_venta": 81,
    "fecha_evento": "2025-08-08T00:58:23.468Z",
    "descripcion": "Estado de la OV cambió de 'Pendiente Confirmación' a 'Insumos Solicitados'.",
    "tipo_evento": "Cambio Estado OV",
    "realizado_por": 1
  }
},
{
  "model": "App_LUMINOVA.historialov",
  "pk": 350,
  "fields": {
    "empresa": 1,
    "orden_venta": 81,
    "fecha_evento": "2025-08-08T00:58:47.236Z",
    "descripcion": "La OP OP-00114 ('Downlight LED empotrable') cambió su estado de 'Insumos Recibidos' a 'Producción Iniciada'.",
    "tipo_evento": "Cambio Estado OP",
    "realizado_por": 1
  }
},
{
  "model": "App_LUMINOVA.historialov",
  "pk": 351,
  "fields": {
    "empresa": 1,
    "orden_venta": 81,
    "fecha_evento": "2025-08-08T00:58:47.239Z",
    "descripcion": "Estado de la OV cambió de 'Insumos Solicitados' a 'Producción Iniciada'.",
    "tipo_evento": "Cambio Estado OV",
    "realizado_por": 1
  }
},
{
  "model": "App_LUMINOVA.historialov",
  "pk": 352,
  "fields": {
    "empresa": 1,
    "orden_venta": 81,
    "fecha_evento": "2025-08-08T00:58:55.779Z",
    "descripcion": "La OP OP-00114 ('Downlight LED empotrable') cambió su estado de 'Producción Iniciada' a 'Completada'.",
    "tipo_evento": "Cambio Estado OP",
    "realizado_por": 1
  }
},
{
  "model": "App_LUMINOVA.historialov",
  "pk": 353,
  "fields": {
    "empresa": 1,
    "orden_venta": 81,
    "fecha_evento": "2025-08-08T00:58:55.786Z",
    "descripcion": "Estado de la OV cambió de 'Producción Iniciada' a 'Lista para Entrega'.",
    "tipo_evento": "Cambio Estado OV",
    "realizado_por": 1
  }
},
{
  "model": "App_LUMINOVA.historialov",
  "pk": 354,
  "fields": {
    "empresa": 1,
    "orden_venta": 81,
    "fecha_evento": "2025-08-08T00:59:28.462Z",
    "descripcion": "Se generó la factura N° FACT-00047 por un total de $30.00.",
    "tipo_evento": "Facturado",
    "realizado_por": 1
  }
},
{
  "model": "App_LUMINOVA.historialov",
  "pk": 355,
  "fields": {
    "empresa": 1,
    "orden_venta": 82,
    "fecha_evento": "2025-08-09T11:52:05.133Z",
    "descripcion": "Orden de Venta creada en estado 'Pendiente Confirmación'.",
    "tipo_evento": null,
    "realizado_por": null
  }
},
{
  "model": "App_LUMINOVA.historialov",
  "pk": 356,
  "fields": {
    "empresa": 1,
    "orden_venta": 82,
    "fecha_evento": "2025-08-09T11:52:23.034Z",
    "descripcion": "La OP OP-00115 ('Luminaria lineal de barra Negro') cambió su estado de 'Pendiente' a 'Insumos Solicitados'.",
    "tipo_evento": "Cambio Estado OP",
    "realizado_por": 1
  }
},
{
  "model": "App_LUMINOVA.historialov",
  "pk": 357,
  "fields": {
    "empresa": 1,
    "orden_venta": 82,
    "fecha_evento": "2025-08-09T11:53:31.693Z",
    "descripcion": "La OP OP-00115 ('Luminaria lineal de barra Negro') cambió su estado de 'Insumos Recibidos' a 'Producción Iniciada'.",
    "tipo_evento": "Cambio Estado OP",
    "realizado_por": 1
  }
},
{
  "model": "App_LUMINOVA.historialov",
  "pk": 358,
  "fields": {
    "empresa": 1,
    "orden_venta": 82,
    "fecha_evento": "2025-08-09T11:53:52.825Z",
    "descripcion": "La OP OP-00115 ('Luminaria lineal de barra Negro') cambió su estado de 'Producción Iniciada' a 'Pausada'.",
    "tipo_evento": "Cambio Estado OP",
    "realizado_por": 1
  }
},
{
  "model": "App_LUMINOVA.historialov",
  "pk": 359,
  "fields": {
    "empresa": 1,
    "orden_venta": 82,
    "fecha_evento": "2025-08-09T11:53:57.424Z",
    "descripcion": "Se creó el reporte N° RP-00032 por 'Falla de Maquinaria' en la OP OP-00115.",
    "tipo_evento": "Reporte de Incidencia",
    "realizado_por": 1
  }
},
{
  "model": "App_LUMINOVA.historialov",
  "pk": 360,
  "fields": {
    "empresa": 1,
    "orden_venta": 82,
    "fecha_evento": "2025-08-09T11:54:38.664Z",
    "descripcion": "La OP OP-00115 ('Luminaria lineal de barra Negro') cambió su estado de 'En Proceso' a 'Completada'.",
    "tipo_evento": "Cambio Estado OP",
    "realizado_por": 1
  }
},
{
  "model": "App_LUMINOVA.historialov",
  "pk": 361,
  "fields": {
    "empresa": 1,
    "orden_venta": 82,
    "fecha_evento": "2025-08-09T11:55:29.496Z",
    "descripcion": "Lote de 1 x 'Luminaria lineal de barra Negro' (de OP OP-00115) enviado al cliente.",
    "tipo_evento": "Envío",
    "realizado_por": 1
  }
},
{
  "model": "App_LUMINOVA.historialov",
  "pk": 362,
  "fields": {
    "empresa": 1,
    "orden_venta": 82,
    "fecha_evento": "2025-08-09T11:55:29.498Z",
    "descripcion": "Estado de la Orden de Venta cambió de 'Lista para Entrega' a 'Completada/Entregada'.",
    "tipo_evento": "Cambio Estado OV",
    "realizado_por": 1
  }
},
{
  "model": "App_LUMINOVA.historialov",
  "pk": 363,
  "fields": {
    "empresa": 1,
    "orden_venta": 83,
    "fecha_evento": "2025-08-11T14:42:35.466Z",
    "descripcion": "Orden de Venta creada en estado 'Pendiente Confirmación'.",
    "tipo_evento": null,
    "realizado_por": null
  }
},
{
  "model": "App_LUMINOVA.historialov",
  "pk": 364,
  "fields": {
    "empresa": 1,
    "orden_venta": 83,
    "fecha_evento": "2025-08-11T14:42:44.607Z",
    "descripcion": "La OP OP-00116 ('Vino') cambió su estado de 'Pendiente' a 'Insumos Solicitados'.",
    "tipo_evento": "Cambio Estado OP",
    "realizado_por": 1
  }
},
{
  "model": "App_LUMINOVA.historialov",
  "pk": 365,
  "fields": {
    "empresa": 1,
    "orden_venta": 84,
    "fecha_evento": "2025-08-13T16:00:30.721Z",
    "descripcion": "Orden de Venta creada en estado 'Pendiente Confirmación'.",
    "tipo_evento": null,
    "realizado_por": null
  }
},
{
  "model": "App_LUMINOVA.historialov",
  "pk": 366,
  "fields": {
    "empresa": 1,
    "orden_venta": 84,
    "fecha_evento": "2025-08-13T16:00:37.565Z",
    "descripcion": "La OP OP-00117 ('Luminaria de acento con control Negro') cambió su estado de 'Pendiente' a 'Insumos Solicitados'.",
    "tipo_evento": "Cambio Estado OP",
    "realizado_por": 1
  }
},
{
  "model": "App_LUMINOVA.historialov",
  "pk": 367,
  "fields": {
    "empresa": 1,
    "orden_venta": 84,
    "fecha_evento": "2025-08-13T16:01:05.103Z",
    "descripcion": "La OP OP-00117 ('Luminaria de acento con control Negro') cambió su estado de 'Insumos Recibidos' a 'Producción Iniciada'.",
    "tipo_evento": "Cambio Estado OP",
    "realizado_por": 1
  }
},
{
  "model": "App_LUMINOVA.historialov",
  "pk": 368,
  "fields": {
    "empresa": 1,
    "orden_venta": 84,
    "fecha_evento": "2025-08-13T16:01:09.486Z",
    "descripcion": "La OP OP-00117 ('Luminaria de acento con control Negro') cambió su estado de 'Producción Iniciada' a 'Completada'.",
    "tipo_evento": "Cambio Estado OP",
    "realizado_por": 1
  }
},
{
  "model": "App_LUMINOVA.historialov",
  "pk": 369,
  "fields": {
    "empresa": 1,
    "orden_venta": 84,
    "fecha_evento": "2025-08-13T16:01:25.412Z",
    "descripcion": "Se generó la factura N° FACT-00048 por un total de $700.00.",
    "tipo_evento": "Facturado",
    "realizado_por": 1
  }
},
{
  "model": "App_LUMINOVA.historialov",
  "pk": 370,
  "fields": {
    "empresa": 1,
    "orden_venta": 84,
    "fecha_evento": "2025-08-13T16:01:45.577Z",
    "descripcion": "Lote de 1 x 'Luminaria de acento con control Negro' (de OP OP-00117) enviado al cliente.",
    "tipo_evento": "Envío",
    "realizado_por": 1
  }
},
{
  "model": "App_LUMINOVA.historialov",
  "pk": 371,
  "fields": {
    "empresa": 1,
    "orden_venta": 84,
    "fecha_evento": "2025-08-13T16:01:45.578Z",
    "descripcion": "Estado de la Orden de Venta cambió de 'Lista para Entrega' a 'Completada/Entregada'.",
    "tipo_evento": "Cambio Estado OV",
    "realizado_por": 1
  }
},
{
  "model": "App_LUMINOVA.empresa",
  "pk": 1,
  "fields": {
    "nombre": "Luminova ERP",
    "razon_social": "Luminova ERP",
    "cuit": "00-00000000-0",
    "direccion": "General Miller 2176",
    "telefono": "1169695436",
    "email": "dgimenez.developer@gmail.com",
    "fecha_creacion": "2025-10-02T13:34:54.479Z",
    "activa": true
  }
},
{
  "model": "App_LUMINOVA.empresa",
  "pk": 2,
  "fields": {
    "nombre": "Sabores del Valle",
    "razon_social": "Sabores del Valle S.A.",
    "cuit": "30-71234567-8",
    "direccion": "Av. Gastronómica 456, Ciudad",
    "telefono": "351-9876543",
    "email": "info@saboresdellevalle.com",
    "fecha_creacion": "2025-11-27T16:11:14.247Z",
    "activa": true
  }
},
{
  "model": "App_LUMINOVA.deposito",
  "pk": 1,
  "fields": {
    "nombre": "Depósito Central Luminova",
    "empresa": 1,
    "ubicacion": "",
    "descripcion": "Depósito de Prodcutos e Insumos previos a la implementación Multideposito"
  }
},
{
  "model": "App_LUMINOVA.deposito",
  "pk": 2,
  "fields": {
    "nombre": "Depósito Maestranza",
    "empresa": 1,
    "ubicacion": "",
    "descripcion": "Depósito de insumos para el perosnal de Maestranza"
  }
},
{
  "model": "App_LUMINOVA.deposito",
  "pk": 5,
  "fields": {
    "nombre": "Depósito de Mantenimiento",
    "empresa": 1,
    "ubicacion": "",
    "descripcion": ""
  }
},
{
  "model": "App_LUMINOVA.deposito",
  "pk": 6,
  "fields": {
    "nombre": "Cocina Principal",
    "empresa": 2,
    "ubicacion": "Planta Principal",
    "descripcion": "Área de preparación de alimentos"
  }
},
{
  "model": "App_LUMINOVA.deposito",
  "pk": 7,
  "fields": {
    "nombre": "Almacén Seco",
    "empresa": 2,
    "ubicacion": "Sector A - Planta Baja",
    "descripcion": "Almacenamiento de secos y no perecederos"
  }
},
{
  "model": "App_LUMINOVA.deposito",
  "pk": 8,
  "fields": {
    "nombre": "Cámara Frigorífica",
    "empresa": 2,
    "ubicacion": "Sector B - Temperatura controlada",
    "descripcion": "Refrigerados y congelados"
  }
},
{
  "model": "App_LUMINOVA.usuariodeposito",
  "pk": 2,
  "fields": {
    "usuario": 11,
    "deposito": 1,
    "empresa": 1,
    "puede_transferir": true,
    "puede_entradas": true,
    "puede_salidas": true,
    "fecha_asignacion": "2025-08-03T13:48:07.745Z"
  }
},
{
  "model": "App_LUMINOVA.usuariodeposito",
  "pk": 11,
  "fields": {
    "usuario": 13,
    "deposito": 2,
    "empresa": 1,
    "puede_transferir": true,
    "puede_entradas": true,
    "puede_salidas": true,
    "fecha_asignacion": "2025-08-03T14:06:50.654Z"
  }
},
{
  "model": "App_LUMINOVA.usuariodeposito",
  "pk": 12,
  "fields": {
    "usuario": 13,
    "deposito": 5,
    "empresa": 1,
    "puede_transferir": true,
    "puede_entradas": true,
    "puede_salidas": true,
    "fecha_asignacion": "2025-08-03T14:06:50.655Z"
  }
},
{
  "model": "App_LUMINOVA.stockinsumo",
  "pk": 1,
  "fields": {
    "empresa": 1,
    "insumo": 2,
    "deposito": 1,
    "cantidad": 34996
  }
},
{
  "model": "App_LUMINOVA.stockinsumo",
  "pk": 2,
  "fields": {
    "empresa": 1,
    "insumo": 3,
    "deposito": 1,
    "cantidad": 16992
  }
},
{
  "model": "App_LUMINOVA.stockinsumo",
  "pk": 3,
  "fields": {
    "empresa": 1,
    "insumo": 4,
    "deposito": 1,
    "cantidad": 14999
  }
},
{
  "model": "App_LUMINOVA.stockinsumo",
  "pk": 4,
  "fields": {
    "empresa": 1,
    "insumo": 5,
    "deposito": 1,
    "cantidad": 21269
  }
},
{
  "model": "App_LUMINOVA.stockinsumo",
  "pk": 5,
  "fields": {
    "empresa": 1,
    "insumo": 6,
    "deposito": 1,
    "cantidad": 28899
  }
},
{
  "model": "App_LUMINOVA.stockinsumo",
  "pk": 6,
  "fields": {
    "empresa": 1,
    "insumo": 8,
    "deposito": 1,
    "cantidad": 15500
  }
},
{
  "model": "App_LUMINOVA.stockinsumo",
  "pk": 7,
  "fields": {
    "empresa": 1,
    "insumo": 9,
    "deposito": 1,
    "cantidad": 14999
  }
},
{
  "model": "App_LUMINOVA.stockinsumo",
  "pk": 8,
  "fields": {
    "empresa": 1,
    "insumo": 10,
    "deposito": 1,
    "cantidad": 14000
  }
},
{
  "model": "App_LUMINOVA.stockinsumo",
  "pk": 9,
  "fields": {
    "empresa": 1,
    "insumo": 11,
    "deposito": 1,
    "cantidad": 25000
  }
},
{
  "model": "App_LUMINOVA.stockinsumo",
  "pk": 10,
  "fields": {
    "empresa": 1,
    "insumo": 12,
    "deposito": 1,
    "cantidad": 27000
  }
},
{
  "model": "App_LUMINOVA.stockinsumo",
  "pk": 11,
  "fields": {
    "empresa": 1,
    "insumo": 13,
    "deposito": 1,
    "cantidad": 35999
  }
},
{
  "model": "App_LUMINOVA.stockinsumo",
  "pk": 12,
  "fields": {
    "empresa": 1,
    "insumo": 14,
    "deposito": 1,
    "cantidad": 33999
  }
},
{
  "model": "App_LUMINOVA.stockinsumo",
  "pk": 13,
  "fields": {
    "empresa": 1,
    "insumo": 15,
    "deposito": 1,
    "cantidad": 32899
  }
},
{
  "model": "App_LUMINOVA.stockinsumo",
  "pk": 14,
  "fields": {
    "empresa": 1,
    "insumo": 16,
    "deposito": 1,
    "cantidad": 23000
  }
},
{
  "model": "App_LUMINOVA.stockinsumo",
  "pk": 15,
  "fields": {
    "empresa": 1,
    "insumo": 17,
    "deposito": 1,
    "cantidad": 22000
  }
},
{
  "model": "App_LUMINOVA.stockinsumo",
  "pk": 16,
  "fields": {
    "empresa": 1,
    "insumo": 18,
    "deposito": 1,
    "cantidad": 40000
  }
},
{
  "model": "App_LUMINOVA.stockinsumo",
  "pk": 17,
  "fields": {
    "empresa": 1,
    "insumo": 19,
    "deposito": 1,
    "cantidad": 31000
  }
},
{
  "model": "App_LUMINOVA.stockinsumo",
  "pk": 18,
  "fields": {
    "empresa": 1,
    "insumo": 20,
    "deposito": 1,
    "cantidad": 30000
  }
},
{
  "model": "App_LUMINOVA.stockinsumo",
  "pk": 19,
  "fields": {
    "empresa": 1,
    "insumo": 21,
    "deposito": 1,
    "cantidad": 29000
  }
},
{
  "model": "App_LUMINOVA.stockinsumo",
  "pk": 20,
  "fields": {
    "empresa": 1,
    "insumo": 22,
    "deposito": 1,
    "cantidad": 34000
  }
},
{
  "model": "App_LUMINOVA.stockinsumo",
  "pk": 21,
  "fields": {
    "empresa": 1,
    "insumo": 23,
    "deposito": 1,
    "cantidad": 31000
  }
},
{
  "model": "App_LUMINOVA.stockinsumo",
  "pk": 22,
  "fields": {
    "empresa": 1,
    "insumo": 24,
    "deposito": 1,
    "cantidad": 17000
  }
},
{
  "model": "App_LUMINOVA.stockinsumo",
  "pk": 23,
  "fields": {
    "empresa": 1,
    "insumo": 25,
    "deposito": 1,
    "cantidad": 24000
  }
},
{
  "model": "App_LUMINOVA.stockinsumo",
  "pk": 24,
  "fields": {
    "empresa": 1,
    "insumo": 26,
    "deposito": 1,
    "cantidad": 20000
  }
},
{
  "model": "App_LUMINOVA.stockinsumo",
  "pk": 25,
  "fields": {
    "empresa": 1,
    "insumo": 27,
    "deposito": 1,
    "cantidad": 24995
  }
},
{
  "model": "App_LUMINOVA.stockinsumo",
  "pk": 26,
  "fields": {
    "empresa": 1,
    "insumo": 28,
    "deposito": 1,
    "cantidad": 31999
  }
},
{
  "model": "App_LUMINOVA.stockinsumo",
  "pk": 27,
  "fields": {
    "empresa": 1,
    "insumo": 29,
    "deposito": 1,
    "cantidad": 2000
  }
},
{
  "model": "App_LUMINOVA.stockinsumo",
  "pk": 28,
  "fields": {
    "empresa": 1,
    "insumo": 30,
    "deposito": 1,
    "cantidad": 29999
  }
},
{
  "model": "App_LUMINOVA.stockinsumo",
  "pk": 29,
  "fields": {
    "empresa": 1,
    "insumo": 31,
    "deposito": 1,
    "cantidad": 29000
  }
},
{
  "model": "App_LUMINOVA.stockinsumo",
  "pk": 30,
  "fields": {
    "empresa": 1,
    "insumo": 32,
    "deposito": 1,
    "cantidad": 28000
  }
},
{
  "model": "App_LUMINOVA.stockinsumo",
  "pk": 31,
  "fields": {
    "empresa": 1,
    "insumo": 33,
    "deposito": 1,
    "cantidad": 27000
  }
},
{
  "model": "App_LUMINOVA.stockinsumo",
  "pk": 32,
  "fields": {
    "empresa": 1,
    "insumo": 34,
    "deposito": 1,
    "cantidad": 22000
  }
},
{
  "model": "App_LUMINOVA.stockinsumo",
  "pk": 33,
  "fields": {
    "empresa": 1,
    "insumo": 35,
    "deposito": 1,
    "cantidad": 16000
  }
},
{
  "model": "App_LUMINOVA.stockinsumo",
  "pk": 34,
  "fields": {
    "empresa": 1,
    "insumo": 36,
    "deposito": 1,
    "cantidad": 18000
  }
},
{
  "model": "App_LUMINOVA.stockinsumo",
  "pk": 35,
  "fields": {
    "empresa": 1,
    "insumo": 37,
    "deposito": 1,
    "cantidad": 14997
  }
},
{
  "model": "App_LUMINOVA.stockinsumo",
  "pk": 36,
  "fields": {
    "empresa": 1,
    "insumo": 38,
    "deposito": 1,
    "cantidad": 24500
  }
},
{
  "model": "App_LUMINOVA.stockinsumo",
  "pk": 37,
  "fields": {
    "empresa": 1,
    "insumo": 39,
    "deposito": 1,
    "cantidad": 24999
  }
},
{
  "model": "App_LUMINOVA.stockinsumo",
  "pk": 38,
  "fields": {
    "empresa": 1,
    "insumo": 40,
    "deposito": 1,
    "cantidad": 21100
  }
},
{
  "model": "App_LUMINOVA.stockinsumo",
  "pk": 39,
  "fields": {
    "empresa": 1,
    "insumo": 41,
    "deposito": 1,
    "cantidad": 25594
  }
},
{
  "model": "App_LUMINOVA.stockinsumo",
  "pk": 40,
  "fields": {
    "empresa": 1,
    "insumo": 42,
    "deposito": 1,
    "cantidad": 24700
  }
},
{
  "model": "App_LUMINOVA.stockinsumo",
  "pk": 41,
  "fields": {
    "empresa": 1,
    "insumo": 43,
    "deposito": 1,
    "cantidad": 28000
  }
},
{
  "model": "App_LUMINOVA.stockinsumo",
  "pk": 42,
  "fields": {
    "empresa": 1,
    "insumo": 44,
    "deposito": 1,
    "cantidad": 32500
  }
},
{
  "model": "App_LUMINOVA.stockinsumo",
  "pk": 43,
  "fields": {
    "empresa": 1,
    "insumo": 45,
    "deposito": 1,
    "cantidad": 24999
  }
},
{
  "model": "App_LUMINOVA.stockinsumo",
  "pk": 44,
  "fields": {
    "empresa": 1,
    "insumo": 46,
    "deposito": 1,
    "cantidad": 35000
  }
},
{
  "model": "App_LUMINOVA.stockinsumo",
  "pk": 45,
  "fields": {
    "empresa": 1,
    "insumo": 47,
    "deposito": 1,
    "cantidad": 32000
  }
},
{
  "model": "App_LUMINOVA.stockinsumo",
  "pk": 46,
  "fields": {
    "empresa": 1,
    "insumo": 48,
    "deposito": 1,
    "cantidad": 30000
  }
},
{
  "model": "App_LUMINOVA.stockinsumo",
  "pk": 47,
  "fields": {
    "empresa": 1,
    "insumo": 49,
    "deposito": 1,
    "cantidad": 31000
  }
},
{
  "model": "App_LUMINOVA.stockinsumo",
  "pk": 48,
  "fields": {
    "empresa": 1,
    "insumo": 50,
    "deposito": 1,
    "cantidad": 30000
  }
},
{
  "model": "App_LUMINOVA.stockinsumo",
  "pk": 49,
  "fields": {
    "empresa": 1,
    "insumo": 51,
    "deposito": 1,
    "cantidad": 29000
  }
},
{
  "model": "App_LUMINOVA.stockinsumo",
  "pk": 50,
  "fields": {
    "empresa": 1,
    "insumo": 52,
    "deposito": 1,
    "cantidad": 28000
  }
},
{
  "model": "App_LUMINOVA.stockinsumo",
  "pk": 51,
  "fields": {
    "empresa": 1,
    "insumo": 53,
    "deposito": 1,
    "cantidad": 22998
  }
},
{
  "model": "App_LUMINOVA.stockinsumo",
  "pk": 52,
  "fields": {
    "empresa": 1,
    "insumo": 54,
    "deposito": 1,
    "cantidad": 26999
  }
},
{
  "model": "App_LUMINOVA.stockinsumo",
  "pk": 53,
  "fields": {
    "empresa": 1,
    "insumo": 55,
    "deposito": 1,
    "cantidad": 33000
  }
},
{
  "model": "App_LUMINOVA.stockinsumo",
  "pk": 54,
  "fields": {
    "empresa": 1,
    "insumo": 56,
    "deposito": 1,
    "cantidad": 32600
  }
},
{
  "model": "App_LUMINOVA.stockinsumo",
  "pk": 55,
  "fields": {
    "empresa": 1,
    "insumo": 57,
    "deposito": 1,
    "cantidad": 34000
  }
},
{
  "model": "App_LUMINOVA.stockinsumo",
  "pk": 56,
  "fields": {
    "empresa": 1,
    "insumo": 58,
    "deposito": 1,
    "cantidad": 30000
  }
},
{
  "model": "App_LUMINOVA.stockinsumo",
  "pk": 57,
  "fields": {
    "empresa": 1,
    "insumo": 59,
    "deposito": 1,
    "cantidad": 30000
  }
},
{
  "model": "App_LUMINOVA.stockinsumo",
  "pk": 58,
  "fields": {
    "empresa": 1,
    "insumo": 60,
    "deposito": 1,
    "cantidad": 30000
  }
},
{
  "model": "App_LUMINOVA.stockinsumo",
  "pk": 64,
  "fields": {
    "empresa": 1,
    "insumo": 65,
    "deposito": 2,
    "cantidad": 99
  }
},
{
  "model": "App_LUMINOVA.stockinsumo",
  "pk": 65,
  "fields": {
    "empresa": 1,
    "insumo": 66,
    "deposito": 2,
    "cantidad": 10
  }
},
{
  "model": "App_LUMINOVA.stockinsumo",
  "pk": 66,
  "fields": {
    "empresa": 1,
    "insumo": 67,
    "deposito": 5,
    "cantidad": 0
  }
},
{
  "model": "App_LUMINOVA.stockinsumo",
  "pk": 67,
  "fields": {
    "empresa": 1,
    "insumo": 68,
    "deposito": 2,
    "cantidad": 0
  }
},
{
  "model": "App_LUMINOVA.stockinsumo",
  "pk": 68,
  "fields": {
    "empresa": 1,
    "insumo": 69,
    "deposito": 5,
    "cantidad": 0
  }
},
{
  "model": "App_LUMINOVA.stockinsumo",
  "pk": 69,
  "fields": {
    "empresa": 1,
    "insumo": 2,
    "deposito": 2,
    "cantidad": 34998
  }
},
{
  "model": "App_LUMINOVA.stockinsumo",
  "pk": 70,
  "fields": {
    "empresa": 1,
    "insumo": 3,
    "deposito": 2,
    "cantidad": 16993
  }
},
{
  "model": "App_LUMINOVA.stockinsumo",
  "pk": 71,
  "fields": {
    "empresa": 1,
    "insumo": 4,
    "deposito": 2,
    "cantidad": 15000
  }
},
{
  "model": "App_LUMINOVA.stockinsumo",
  "pk": 72,
  "fields": {
    "empresa": 1,
    "insumo": 5,
    "deposito": 2,
    "cantidad": 21277
  }
},
{
  "model": "App_LUMINOVA.stockinsumo",
  "pk": 73,
  "fields": {
    "empresa": 1,
    "insumo": 6,
    "deposito": 2,
    "cantidad": 28970
  }
},
{
  "model": "App_LUMINOVA.stockinsumo",
  "pk": 74,
  "fields": {
    "empresa": 1,
    "insumo": 8,
    "deposito": 2,
    "cantidad": 15500
  }
},
{
  "model": "App_LUMINOVA.stockinsumo",
  "pk": 75,
  "fields": {
    "empresa": 1,
    "insumo": 9,
    "deposito": 2,
    "cantidad": 14999
  }
},
{
  "model": "App_LUMINOVA.stockinsumo",
  "pk": 76,
  "fields": {
    "empresa": 1,
    "insumo": 10,
    "deposito": 2,
    "cantidad": 14000
  }
},
{
  "model": "App_LUMINOVA.stockinsumo",
  "pk": 77,
  "fields": {
    "empresa": 1,
    "insumo": 11,
    "deposito": 2,
    "cantidad": 25000
  }
},
{
  "model": "App_LUMINOVA.stockinsumo",
  "pk": 78,
  "fields": {
    "empresa": 1,
    "insumo": 12,
    "deposito": 2,
    "cantidad": 27000
  }
},
{
  "model": "App_LUMINOVA.stockinsumo",
  "pk": 79,
  "fields": {
    "empresa": 1,
    "insumo": 13,
    "deposito": 2,
    "cantidad": 36000
  }
},
{
  "model": "App_LUMINOVA.stockinsumo",
  "pk": 80,
  "fields": {
    "empresa": 1,
    "insumo": 14,
    "deposito": 2,
    "cantidad": 33999
  }
},
{
  "model": "App_LUMINOVA.stockinsumo",
  "pk": 81,
  "fields": {
    "empresa": 1,
    "insumo": 15,
    "deposito": 2,
    "cantidad": 32900
  }
},
{
  "model": "App_LUMINOVA.stockinsumo",
  "pk": 82,
  "fields": {
    "empresa": 1,
    "insumo": 16,
    "deposito": 2,
    "cantidad": 23000
  }
},
{
  "model": "App_LUMINOVA.stockinsumo",
  "pk": 83,
  "fields": {
    "empresa": 1,
    "insumo": 17,
    "deposito": 2,
    "cantidad": 22000
  }
},
{
  "model": "App_LUMINOVA.stockinsumo",
  "pk": 84,
  "fields": {
    "empresa": 1,
    "insumo": 18,
    "deposito": 2,
    "cantidad": 40000
  }
},
{
  "model": "App_LUMINOVA.stockinsumo",
  "pk": 85,
  "fields": {
    "empresa": 1,
    "insumo": 19,
    "deposito": 2,
    "cantidad": 31000
  }
},
{
  "model": "App_LUMINOVA.stockinsumo",
  "pk": 86,
  "fields": {
    "empresa": 1,
    "insumo": 20,
    "deposito": 2,
    "cantidad": 30000
  }
},
{
  "model": "App_LUMINOVA.stockinsumo",
  "pk": 87,
  "fields": {
    "empresa": 1,
    "insumo": 21,
    "deposito": 2,
    "cantidad": 29000
  }
},
{
  "model": "App_LUMINOVA.stockinsumo",
  "pk": 88,
  "fields": {
    "empresa": 1,
    "insumo": 22,
    "deposito": 2,
    "cantidad": 34000
  }
},
{
  "model": "App_LUMINOVA.stockinsumo",
  "pk": 89,
  "fields": {
    "empresa": 1,
    "insumo": 23,
    "deposito": 2,
    "cantidad": 31000
  }
},
{
  "model": "App_LUMINOVA.stockinsumo",
  "pk": 90,
  "fields": {
    "empresa": 1,
    "insumo": 24,
    "deposito": 2,
    "cantidad": 17000
  }
},
{
  "model": "App_LUMINOVA.stockinsumo",
  "pk": 91,
  "fields": {
    "empresa": 1,
    "insumo": 25,
    "deposito": 2,
    "cantidad": 24000
  }
},
{
  "model": "App_LUMINOVA.stockinsumo",
  "pk": 92,
  "fields": {
    "empresa": 1,
    "insumo": 26,
    "deposito": 2,
    "cantidad": 20000
  }
},
{
  "model": "App_LUMINOVA.stockinsumo",
  "pk": 93,
  "fields": {
    "empresa": 1,
    "insumo": 27,
    "deposito": 2,
    "cantidad": 24996
  }
},
{
  "model": "App_LUMINOVA.stockinsumo",
  "pk": 94,
  "fields": {
    "empresa": 1,
    "insumo": 28,
    "deposito": 2,
    "cantidad": 31999
  }
},
{
  "model": "App_LUMINOVA.stockinsumo",
  "pk": 95,
  "fields": {
    "empresa": 1,
    "insumo": 29,
    "deposito": 2,
    "cantidad": 23000
  }
},
{
  "model": "App_LUMINOVA.stockinsumo",
  "pk": 96,
  "fields": {
    "empresa": 1,
    "insumo": 30,
    "deposito": 2,
    "cantidad": 30001
  }
},
{
  "model": "App_LUMINOVA.stockinsumo",
  "pk": 97,
  "fields": {
    "empresa": 1,
    "insumo": 31,
    "deposito": 2,
    "cantidad": 29000
  }
},
{
  "model": "App_LUMINOVA.stockinsumo",
  "pk": 98,
  "fields": {
    "empresa": 1,
    "insumo": 32,
    "deposito": 2,
    "cantidad": 28000
  }
},
{
  "model": "App_LUMINOVA.stockinsumo",
  "pk": 99,
  "fields": {
    "empresa": 1,
    "insumo": 33,
    "deposito": 2,
    "cantidad": 27000
  }
},
{
  "model": "App_LUMINOVA.stockinsumo",
  "pk": 100,
  "fields": {
    "empresa": 1,
    "insumo": 34,
    "deposito": 2,
    "cantidad": 22000
  }
},
{
  "model": "App_LUMINOVA.stockinsumo",
  "pk": 101,
  "fields": {
    "empresa": 1,
    "insumo": 35,
    "deposito": 2,
    "cantidad": 16000
  }
},
{
  "model": "App_LUMINOVA.stockinsumo",
  "pk": 102,
  "fields": {
    "empresa": 1,
    "insumo": 36,
    "deposito": 2,
    "cantidad": 18000
  }
},
{
  "model": "App_LUMINOVA.stockinsumo",
  "pk": 103,
  "fields": {
    "empresa": 1,
    "insumo": 37,
    "deposito": 2,
    "cantidad": 14997
  }
},
{
  "model": "App_LUMINOVA.stockinsumo",
  "pk": 104,
  "fields": {
    "empresa": 1,
    "insumo": 38,
    "deposito": 2,
    "cantidad": 24500
  }
},
{
  "model": "App_LUMINOVA.stockinsumo",
  "pk": 105,
  "fields": {
    "empresa": 1,
    "insumo": 39,
    "deposito": 2,
    "cantidad": 25000
  }
},
{
  "model": "App_LUMINOVA.stockinsumo",
  "pk": 106,
  "fields": {
    "empresa": 1,
    "insumo": 40,
    "deposito": 2,
    "cantidad": 21100
  }
},
{
  "model": "App_LUMINOVA.stockinsumo",
  "pk": 107,
  "fields": {
    "empresa": 1,
    "insumo": 41,
    "deposito": 2,
    "cantidad": 25595
  }
},
{
  "model": "App_LUMINOVA.stockinsumo",
  "pk": 108,
  "fields": {
    "empresa": 1,
    "insumo": 42,
    "deposito": 2,
    "cantidad": 24700
  }
},
{
  "model": "App_LUMINOVA.stockinsumo",
  "pk": 109,
  "fields": {
    "empresa": 1,
    "insumo": 43,
    "deposito": 2,
    "cantidad": 28000
  }
},
{
  "model": "App_LUMINOVA.stockinsumo",
  "pk": 110,
  "fields": {
    "empresa": 1,
    "insumo": 44,
    "deposito": 2,
    "cantidad": 32500
  }
},
{
  "model": "App_LUMINOVA.stockinsumo",
  "pk": 111,
  "fields": {
    "empresa": 1,
    "insumo": 45,
    "deposito": 2,
    "cantidad": 25000
  }
},
{
  "model": "App_LUMINOVA.stockinsumo",
  "pk": 112,
  "fields": {
    "empresa": 1,
    "insumo": 46,
    "deposito": 2,
    "cantidad": 35000
  }
},
{
  "model": "App_LUMINOVA.stockinsumo",
  "pk": 113,
  "fields": {
    "empresa": 1,
    "insumo": 47,
    "deposito": 2,
    "cantidad": 32000
  }
},
{
  "model": "App_LUMINOVA.stockinsumo",
  "pk": 114,
  "fields": {
    "empresa": 1,
    "insumo": 48,
    "deposito": 2,
    "cantidad": 30000
  }
},
{
  "model": "App_LUMINOVA.stockinsumo",
  "pk": 115,
  "fields": {
    "empresa": 1,
    "insumo": 49,
    "deposito": 2,
    "cantidad": 31000
  }
},
{
  "model": "App_LUMINOVA.stockinsumo",
  "pk": 116,
  "fields": {
    "empresa": 1,
    "insumo": 50,
    "deposito": 2,
    "cantidad": 30000
  }
},
{
  "model": "App_LUMINOVA.stockinsumo",
  "pk": 117,
  "fields": {
    "empresa": 1,
    "insumo": 51,
    "deposito": 2,
    "cantidad": 29000
  }
},
{
  "model": "App_LUMINOVA.stockinsumo",
  "pk": 118,
  "fields": {
    "empresa": 1,
    "insumo": 52,
    "deposito": 2,
    "cantidad": 28000
  }
},
{
  "model": "App_LUMINOVA.stockinsumo",
  "pk": 119,
  "fields": {
    "empresa": 1,
    "insumo": 53,
    "deposito": 2,
    "cantidad": 22999
  }
},
{
  "model": "App_LUMINOVA.stockinsumo",
  "pk": 120,
  "fields": {
    "empresa": 1,
    "insumo": 54,
    "deposito": 2,
    "cantidad": 27000
  }
},
{
  "model": "App_LUMINOVA.stockinsumo",
  "pk": 121,
  "fields": {
    "empresa": 1,
    "insumo": 55,
    "deposito": 2,
    "cantidad": 33000
  }
},
{
  "model": "App_LUMINOVA.stockinsumo",
  "pk": 122,
  "fields": {
    "empresa": 1,
    "insumo": 56,
    "deposito": 2,
    "cantidad": 32600
  }
},
{
  "model": "App_LUMINOVA.stockinsumo",
  "pk": 123,
  "fields": {
    "empresa": 1,
    "insumo": 57,
    "deposito": 2,
    "cantidad": 34000
  }
},
{
  "model": "App_LUMINOVA.stockinsumo",
  "pk": 124,
  "fields": {
    "empresa": 1,
    "insumo": 58,
    "deposito": 2,
    "cantidad": 30000
  }
},
{
  "model": "App_LUMINOVA.stockinsumo",
  "pk": 125,
  "fields": {
    "empresa": 1,
    "insumo": 59,
    "deposito": 2,
    "cantidad": 30000
  }
},
{
  "model": "App_LUMINOVA.stockinsumo",
  "pk": 126,
  "fields": {
    "empresa": 1,
    "insumo": 60,
    "deposito": 2,
    "cantidad": 30000
  }
},
{
  "model": "App_LUMINOVA.stockinsumo",
  "pk": 127,
  "fields": {
    "empresa": 1,
    "insumo": 67,
    "deposito": 2,
    "cantidad": 0
  }
},
{
  "model": "App_LUMINOVA.stockinsumo",
  "pk": 128,
  "fields": {
    "empresa": 1,
    "insumo": 69,
    "deposito": 2,
    "cantidad": 0
  }
},
{
  "model": "App_LUMINOVA.stockinsumo",
  "pk": 129,
  "fields": {
    "empresa": 1,
    "insumo": 70,
    "deposito": 2,
    "cantidad": 70
  }
},
{
  "model": "App_LUMINOVA.stockinsumo",
  "pk": 130,
  "fields": {
    "empresa": 1,
    "insumo": 71,
    "deposito": 2,
    "cantidad": 7
  }
},
{
  "model": "App_LUMINOVA.stockinsumo",
  "pk": 131,
  "fields": {
    "empresa": 1,
    "insumo": 72,
    "deposito": 2,
    "cantidad": 1000
  }
},
{
  "model": "App_LUMINOVA.stockinsumo",
  "pk": 132,
  "fields": {
    "empresa": 1,
    "insumo": 73,
    "deposito": 2,
    "cantidad": 2
  }
},
{
  "model": "App_LUMINOVA.stockproductoterminado",
  "pk": 1,
  "fields": {
    "empresa": 1,
    "producto": 9,
    "deposito": 2,
    "cantidad": 0
  }
},
{
  "model": "App_LUMINOVA.stockproductoterminado",
  "pk": 2,
  "fields": {
    "empresa": 1,
    "producto": 1,
    "deposito": 1,
    "cantidad": 2188
  }
},
{
  "model": "App_LUMINOVA.stockproductoterminado",
  "pk": 3,
  "fields": {
    "empresa": 1,
    "producto": 2,
    "deposito": 1,
    "cantidad": 1
  }
},
{
  "model": "App_LUMINOVA.stockproductoterminado",
  "pk": 4,
  "fields": {
    "empresa": 1,
    "producto": 3,
    "deposito": 1,
    "cantidad": 2
  }
},
{
  "model": "App_LUMINOVA.stockproductoterminado",
  "pk": 5,
  "fields": {
    "empresa": 1,
    "producto": 4,
    "deposito": 1,
    "cantidad": 4
  }
},
{
  "model": "App_LUMINOVA.stockproductoterminado",
  "pk": 6,
  "fields": {
    "empresa": 1,
    "producto": 5,
    "deposito": 1,
    "cantidad": 29
  }
},
{
  "model": "App_LUMINOVA.stockproductoterminado",
  "pk": 7,
  "fields": {
    "empresa": 1,
    "producto": 6,
    "deposito": 1,
    "cantidad": 3
  }
},
{
  "model": "App_LUMINOVA.stockproductoterminado",
  "pk": 8,
  "fields": {
    "empresa": 1,
    "producto": 7,
    "deposito": 1,
    "cantidad": 7
  }
},
{
  "model": "App_LUMINOVA.stockproductoterminado",
  "pk": 9,
  "fields": {
    "empresa": 1,
    "producto": 8,
    "deposito": 1,
    "cantidad": 5
  }
},
{
  "model": "App_LUMINOVA.stockproductoterminado",
  "pk": 10,
  "fields": {
    "empresa": 1,
    "producto": 10,
    "deposito": 5,
    "cantidad": 1
  }
},
{
  "model": "App_LUMINOVA.stockproductoterminado",
  "pk": 11,
  "fields": {
    "empresa": 1,
    "producto": 11,
    "deposito": 2,
    "cantidad": 1
  }
},
{
  "model": "App_LUMINOVA.movimientostock",
  "pk": 1,
  "fields": {
    "empresa": 1,
    "insumo": 15,
    "producto": null,
    "deposito_origen": 1,
    "deposito_destino": 2,
    "cantidad": 96,
    "tipo": "transferencia",
    "fecha": "2025-07-31T16:06:22.957Z",
    "usuario": 1,
    "motivo": "Transferencia entre depósitos"
  }
},
{
  "model": "App_LUMINOVA.movimientostock",
  "pk": 7,
  "fields": {
    "empresa": 1,
    "insumo": 65,
    "producto": null,
    "deposito_origen": 1,
    "deposito_destino": 2,
    "cantidad": 100,
    "tipo": "transferencia",
    "fecha": "2025-07-31T19:16:12.457Z",
    "usuario": 1,
    "motivo": "Pedido de reposicón"
  }
},
{
  "model": "App_LUMINOVA.movimientostock",
  "pk": 8,
  "fields": {
    "empresa": 1,
    "insumo": 11,
    "producto": null,
    "deposito_origen": 1,
    "deposito_destino": 5,
    "cantidad": 1,
    "tipo": "transferencia",
    "fecha": "2025-08-03T23:34:45.258Z",
    "usuario": null,
    "motivo": "Transferencia automática"
  }
},
{
  "model": "App_LUMINOVA.movimientostock",
  "pk": 9,
  "fields": {
    "empresa": 1,
    "insumo": 11,
    "producto": null,
    "deposito_origen": 1,
    "deposito_destino": 5,
    "cantidad": 1,
    "tipo": "transferencia",
    "fecha": "2025-08-03T23:34:45.259Z",
    "usuario": 1,
    "motivo": "Transferencia entre depósitos"
  }
},
{
  "model": "App_LUMINOVA.movimientostock",
  "pk": 10,
  "fields": {
    "empresa": 1,
    "insumo": 45,
    "producto": null,
    "deposito_origen": 1,
    "deposito_destino": 2,
    "cantidad": 1,
    "tipo": "transferencia",
    "fecha": "2025-08-04T10:44:13.984Z",
    "usuario": null,
    "motivo": "Transferencia entre depósitos"
  }
},
{
  "model": "App_LUMINOVA.movimientostock",
  "pk": 11,
  "fields": {
    "empresa": 1,
    "insumo": 45,
    "producto": null,
    "deposito_origen": 1,
    "deposito_destino": 2,
    "cantidad": 1,
    "tipo": "transferencia",
    "fecha": "2025-08-04T10:44:13.989Z",
    "usuario": 1,
    "motivo": "Prueba"
  }
},
{
  "model": "App_LUMINOVA.movimientostock",
  "pk": 12,
  "fields": {
    "empresa": 1,
    "insumo": 45,
    "producto": null,
    "deposito_origen": 1,
    "deposito_destino": 5,
    "cantidad": 1,
    "tipo": "transferencia",
    "fecha": "2025-08-04T11:57:18.682Z",
    "usuario": null,
    "motivo": "Transferencia entre depósitos"
  }
},
{
  "model": "App_LUMINOVA.movimientostock",
  "pk": 13,
  "fields": {
    "empresa": 1,
    "insumo": 45,
    "producto": null,
    "deposito_origen": 1,
    "deposito_destino": 5,
    "cantidad": 1,
    "tipo": "transferencia",
    "fecha": "2025-08-04T11:57:18.683Z",
    "usuario": 1,
    "motivo": "Transferencia entre depósitos"
  }
},
{
  "model": "App_LUMINOVA.movimientostock",
  "pk": 14,
  "fields": {
    "empresa": 1,
    "insumo": 6,
    "producto": null,
    "deposito_origen": 1,
    "deposito_destino": 2,
    "cantidad": 70,
    "tipo": "transferencia",
    "fecha": "2025-08-07T02:11:58.635Z",
    "usuario": 1,
    "motivo": "Transferencia entre depósitos"
  }
},
{
  "model": "App_LUMINOVA.movimientostock",
  "pk": 15,
  "fields": {
    "empresa": 1,
    "insumo": null,
    "producto": 5,
    "deposito_origen": 1,
    "deposito_destino": 5,
    "cantidad": 1,
    "tipo": "transferencia",
    "fecha": "2025-08-07T02:57:59.447Z",
    "usuario": 1,
    "motivo": "Transferencia entre depósitos"
  }
},
{
  "model": "App_LUMINOVA.movimientostock",
  "pk": 16,
  "fields": {
    "empresa": 1,
    "insumo": 5,
    "producto": null,
    "deposito_origen": 1,
    "deposito_destino": 2,
    "cantidad": 7,
    "tipo": "transferencia",
    "fecha": "2025-08-07T03:13:28.497Z",
    "usuario": 1,
    "motivo": "Prueba 3"
  }
},
{
  "model": "App_LUMINOVA.movimientostock",
  "pk": 17,
  "fields": {
    "empresa": 1,
    "insumo": 29,
    "producto": null,
    "deposito_origen": 1,
    "deposito_destino": 2,
    "cantidad": 1000,
    "tipo": "transferencia",
    "fecha": "2025-08-07T16:30:34.151Z",
    "usuario": 1,
    "motivo": "Prueba de Ofertas"
  }
},
{
  "model": "App_LUMINOVA.movimientostock",
  "pk": 18,
  "fields": {
    "empresa": 1,
    "insumo": 30,
    "producto": null,
    "deposito_origen": 1,
    "deposito_destino": 2,
    "cantidad": 1,
    "tipo": "transferencia",
    "fecha": "2025-08-08T03:04:09.875Z",
    "usuario": 1,
    "motivo": "Prueba Fede 1"
  }
},
{
  "model": "App_LUMINOVA.movimientostock",
  "pk": 19,
  "fields": {
    "empresa": 1,
    "insumo": 65,
    "producto": null,
    "deposito_origen": 2,
    "deposito_destino": 1,
    "cantidad": 1,
    "tipo": "transferencia",
    "fecha": "2025-08-08T03:07:13.000Z",
    "usuario": 1,
    "motivo": "Transferencia entre depósitos"
  }
},
{
  "model": "App_LUMINOVA.movimientostock",
  "pk": 20,
  "fields": {
    "empresa": 1,
    "insumo": 30,
    "producto": null,
    "deposito_origen": 1,
    "deposito_destino": 2,
    "cantidad": 1,
    "tipo": "transferencia",
    "fecha": "2025-08-13T16:02:54.107Z",
    "usuario": 1,
    "motivo": "Transferencia entre depósitos"
  }
},
{
  "model": "App_LUMINOVA.movimientostock",
  "pk": 21,
  "fields": {
    "empresa": 1,
    "insumo": null,
    "producto": 2,
    "deposito_origen": 1,
    "deposito_destino": 2,
    "cantidad": 1,
    "tipo": "transferencia",
    "fecha": "2025-08-13T16:03:03.246Z",
    "usuario": 1,
    "motivo": "Transferencia entre depósitos"
  }
},
{
  "model": "App_LUMINOVA.notificacionsistema",
  "pk": 18,
  "fields": {
    "empresa": 1,
    "tipo": "stock_bajo",
    "titulo": "Stock crítico: Porta LED 2213254-1",
    "mensaje": "El insumo 'Porta LED 2213254-1' en el depósito 'Depósito Central Luminova' tiene stock crítico (5000 unidades). Se recomienda generar una orden de compra.",
    "remitente": 1,
    "destinatario_grupo": "compras",
    "prioridad": "alta",
    "datos_contexto": {
      "insumo_id": 11,
      "insumo_descripcion": "Porta LED 2213254-1",
      "deposito_id": 1,
      "deposito_nombre": "Depósito Central Luminova",
      "stock_actual": 5000,
      "umbral_critico": 15000,
      "accion_sugerida": "crear_oc"
    },
    "leida": false,
    "atendida": false,
    "fecha_creacion": "2025-08-02T13:02:46.018Z",
    "fecha_lectura": null,
    "fecha_atencion": null,
    "fecha_expiracion": null
  }
}
]
