--
-- PostgreSQL database dump
--

\restrict WqhreswEKJHz6gOHG6DVvMJP7pBuvzZJEnuN55IApG8YTkAHE1Qv3CllXDCUZX0

-- Dumped from database version 17.6 (Ubuntu 17.6-0ubuntu0.25.04.1)
-- Dumped by pg_dump version 17.6 (Ubuntu 17.6-0ubuntu0.25.04.1)

SET statement_timeout = 0;
SET lock_timeout = 0;
SET idle_in_transaction_session_timeout = 0;
SET transaction_timeout = 0;
SET client_encoding = 'UTF8';
SET standard_conforming_strings = on;
SELECT pg_catalog.set_config('search_path', '', false);
SET check_function_bodies = false;
SET xmloption = content;
SET client_min_messages = warning;
SET row_security = off;

SET default_tablespace = '';

SET default_table_access_method = heap;

--
-- Name: App_LUMINOVA_auditoriaacceso; Type: TABLE; Schema: public; Owner: luminova_user
--

CREATE TABLE public."App_LUMINOVA_auditoriaacceso" (
    id bigint NOT NULL,
    accion character varying(255) NOT NULL,
    fecha_hora timestamp with time zone NOT NULL,
    ip_address inet,
    user_agent text,
    usuario_id integer
);


ALTER TABLE public."App_LUMINOVA_auditoriaacceso" OWNER TO luminova_user;

--
-- Name: App_LUMINOVA_auditoriaacceso_id_seq; Type: SEQUENCE; Schema: public; Owner: luminova_user
--

ALTER TABLE public."App_LUMINOVA_auditoriaacceso" ALTER COLUMN id ADD GENERATED BY DEFAULT AS IDENTITY (
    SEQUENCE NAME public."App_LUMINOVA_auditoriaacceso_id_seq"
    START WITH 1
    INCREMENT BY 1
    NO MINVALUE
    NO MAXVALUE
    CACHE 1
);


--
-- Name: App_LUMINOVA_categoriainsumo; Type: TABLE; Schema: public; Owner: luminova_user
--

CREATE TABLE public."App_LUMINOVA_categoriainsumo" (
    id bigint NOT NULL,
    nombre character varying(100) NOT NULL,
    imagen character varying(100),
    deposito_id bigint
);


ALTER TABLE public."App_LUMINOVA_categoriainsumo" OWNER TO luminova_user;

--
-- Name: App_LUMINOVA_categoriainsumo_id_seq; Type: SEQUENCE; Schema: public; Owner: luminova_user
--

ALTER TABLE public."App_LUMINOVA_categoriainsumo" ALTER COLUMN id ADD GENERATED BY DEFAULT AS IDENTITY (
    SEQUENCE NAME public."App_LUMINOVA_categoriainsumo_id_seq"
    START WITH 1
    INCREMENT BY 1
    NO MINVALUE
    NO MAXVALUE
    CACHE 1
);


--
-- Name: App_LUMINOVA_categoriaproductoterminado; Type: TABLE; Schema: public; Owner: luminova_user
--

CREATE TABLE public."App_LUMINOVA_categoriaproductoterminado" (
    id bigint NOT NULL,
    nombre character varying(100) NOT NULL,
    imagen character varying(100),
    deposito_id bigint
);


ALTER TABLE public."App_LUMINOVA_categoriaproductoterminado" OWNER TO luminova_user;

--
-- Name: App_LUMINOVA_categoriaproductoterminado_id_seq; Type: SEQUENCE; Schema: public; Owner: luminova_user
--

ALTER TABLE public."App_LUMINOVA_categoriaproductoterminado" ALTER COLUMN id ADD GENERATED BY DEFAULT AS IDENTITY (
    SEQUENCE NAME public."App_LUMINOVA_categoriaproductoterminado_id_seq"
    START WITH 1
    INCREMENT BY 1
    NO MINVALUE
    NO MAXVALUE
    CACHE 1
);


--
-- Name: App_LUMINOVA_cliente; Type: TABLE; Schema: public; Owner: luminova_user
--

CREATE TABLE public."App_LUMINOVA_cliente" (
    id bigint NOT NULL,
    nombre character varying(150) NOT NULL,
    direccion text NOT NULL,
    telefono character varying(25) NOT NULL,
    email character varying(254)
);


ALTER TABLE public."App_LUMINOVA_cliente" OWNER TO luminova_user;

--
-- Name: App_LUMINOVA_cliente_id_seq; Type: SEQUENCE; Schema: public; Owner: luminova_user
--

ALTER TABLE public."App_LUMINOVA_cliente" ALTER COLUMN id ADD GENERATED BY DEFAULT AS IDENTITY (
    SEQUENCE NAME public."App_LUMINOVA_cliente_id_seq"
    START WITH 1
    INCREMENT BY 1
    NO MINVALUE
    NO MAXVALUE
    CACHE 1
);


--
-- Name: App_LUMINOVA_componenteproducto; Type: TABLE; Schema: public; Owner: luminova_user
--

CREATE TABLE public."App_LUMINOVA_componenteproducto" (
    id bigint NOT NULL,
    cantidad_necesaria integer NOT NULL,
    insumo_id bigint NOT NULL,
    producto_terminado_id bigint NOT NULL,
    CONSTRAINT "App_LUMINOVA_componenteproducto_cantidad_necesaria_check" CHECK ((cantidad_necesaria >= 0))
);


ALTER TABLE public."App_LUMINOVA_componenteproducto" OWNER TO luminova_user;

--
-- Name: App_LUMINOVA_componenteproducto_id_seq; Type: SEQUENCE; Schema: public; Owner: luminova_user
--

ALTER TABLE public."App_LUMINOVA_componenteproducto" ALTER COLUMN id ADD GENERATED BY DEFAULT AS IDENTITY (
    SEQUENCE NAME public."App_LUMINOVA_componenteproducto_id_seq"
    START WITH 1
    INCREMENT BY 1
    NO MINVALUE
    NO MAXVALUE
    CACHE 1
);


--
-- Name: App_LUMINOVA_deposito; Type: TABLE; Schema: public; Owner: luminova_user
--

CREATE TABLE public."App_LUMINOVA_deposito" (
    id bigint NOT NULL,
    nombre character varying(100) NOT NULL,
    ubicacion character varying(255) NOT NULL,
    descripcion text NOT NULL
);


ALTER TABLE public."App_LUMINOVA_deposito" OWNER TO luminova_user;

--
-- Name: App_LUMINOVA_deposito_id_seq; Type: SEQUENCE; Schema: public; Owner: luminova_user
--

ALTER TABLE public."App_LUMINOVA_deposito" ALTER COLUMN id ADD GENERATED BY DEFAULT AS IDENTITY (
    SEQUENCE NAME public."App_LUMINOVA_deposito_id_seq"
    START WITH 1
    INCREMENT BY 1
    NO MINVALUE
    NO MAXVALUE
    CACHE 1
);


--
-- Name: App_LUMINOVA_estadoorden; Type: TABLE; Schema: public; Owner: luminova_user
--

CREATE TABLE public."App_LUMINOVA_estadoorden" (
    id bigint NOT NULL,
    nombre character varying(50) NOT NULL
);


ALTER TABLE public."App_LUMINOVA_estadoorden" OWNER TO luminova_user;

--
-- Name: App_LUMINOVA_estadoorden_id_seq; Type: SEQUENCE; Schema: public; Owner: luminova_user
--

ALTER TABLE public."App_LUMINOVA_estadoorden" ALTER COLUMN id ADD GENERATED BY DEFAULT AS IDENTITY (
    SEQUENCE NAME public."App_LUMINOVA_estadoorden_id_seq"
    START WITH 1
    INCREMENT BY 1
    NO MINVALUE
    NO MAXVALUE
    CACHE 1
);


--
-- Name: App_LUMINOVA_fabricante; Type: TABLE; Schema: public; Owner: luminova_user
--

CREATE TABLE public."App_LUMINOVA_fabricante" (
    id bigint NOT NULL,
    nombre character varying(100) NOT NULL,
    contacto character varying(100) NOT NULL,
    telefono character varying(25) NOT NULL,
    email character varying(254)
);


ALTER TABLE public."App_LUMINOVA_fabricante" OWNER TO luminova_user;

--
-- Name: App_LUMINOVA_fabricante_id_seq; Type: SEQUENCE; Schema: public; Owner: luminova_user
--

ALTER TABLE public."App_LUMINOVA_fabricante" ALTER COLUMN id ADD GENERATED BY DEFAULT AS IDENTITY (
    SEQUENCE NAME public."App_LUMINOVA_fabricante_id_seq"
    START WITH 1
    INCREMENT BY 1
    NO MINVALUE
    NO MAXVALUE
    CACHE 1
);


--
-- Name: App_LUMINOVA_factura; Type: TABLE; Schema: public; Owner: luminova_user
--

CREATE TABLE public."App_LUMINOVA_factura" (
    id bigint NOT NULL,
    numero_factura character varying(50) NOT NULL,
    fecha_emision timestamp with time zone NOT NULL,
    total_facturado numeric(12,2) NOT NULL,
    orden_venta_id bigint NOT NULL
);


ALTER TABLE public."App_LUMINOVA_factura" OWNER TO luminova_user;

--
-- Name: App_LUMINOVA_factura_id_seq; Type: SEQUENCE; Schema: public; Owner: luminova_user
--

ALTER TABLE public."App_LUMINOVA_factura" ALTER COLUMN id ADD GENERATED BY DEFAULT AS IDENTITY (
    SEQUENCE NAME public."App_LUMINOVA_factura_id_seq"
    START WITH 1
    INCREMENT BY 1
    NO MINVALUE
    NO MAXVALUE
    CACHE 1
);


--
-- Name: App_LUMINOVA_historialov; Type: TABLE; Schema: public; Owner: luminova_user
--

CREATE TABLE public."App_LUMINOVA_historialov" (
    id bigint NOT NULL,
    fecha_evento timestamp with time zone NOT NULL,
    descripcion character varying(255) NOT NULL,
    tipo_evento character varying(50),
    orden_venta_id bigint NOT NULL,
    realizado_por_id integer
);


ALTER TABLE public."App_LUMINOVA_historialov" OWNER TO luminova_user;

--
-- Name: App_LUMINOVA_historialov_id_seq; Type: SEQUENCE; Schema: public; Owner: luminova_user
--

ALTER TABLE public."App_LUMINOVA_historialov" ALTER COLUMN id ADD GENERATED BY DEFAULT AS IDENTITY (
    SEQUENCE NAME public."App_LUMINOVA_historialov_id_seq"
    START WITH 1
    INCREMENT BY 1
    NO MINVALUE
    NO MAXVALUE
    CACHE 1
);


--
-- Name: App_LUMINOVA_insumo; Type: TABLE; Schema: public; Owner: luminova_user
--

CREATE TABLE public."App_LUMINOVA_insumo" (
    id bigint NOT NULL,
    descripcion character varying(255) NOT NULL,
    fabricante_id bigint,
    imagen character varying(100),
    stock integer NOT NULL,
    categoria_id bigint NOT NULL,
    cantidad_en_pedido integer,
    deposito_id bigint,
    notificado_a_compras boolean NOT NULL,
    CONSTRAINT "App_LUMINOVA_insumo_cantidad_en_pedido_check" CHECK ((cantidad_en_pedido >= 0))
);


ALTER TABLE public."App_LUMINOVA_insumo" OWNER TO luminova_user;

--
-- Name: App_LUMINOVA_insumo_id_seq; Type: SEQUENCE; Schema: public; Owner: luminova_user
--

ALTER TABLE public."App_LUMINOVA_insumo" ALTER COLUMN id ADD GENERATED BY DEFAULT AS IDENTITY (
    SEQUENCE NAME public."App_LUMINOVA_insumo_id_seq"
    START WITH 1
    INCREMENT BY 1
    NO MINVALUE
    NO MAXVALUE
    CACHE 1
);


--
-- Name: App_LUMINOVA_itemordenventa; Type: TABLE; Schema: public; Owner: luminova_user
--

CREATE TABLE public."App_LUMINOVA_itemordenventa" (
    id bigint NOT NULL,
    cantidad integer NOT NULL,
    precio_unitario_venta numeric(10,2) NOT NULL,
    subtotal numeric(12,2) NOT NULL,
    orden_venta_id bigint NOT NULL,
    producto_terminado_id bigint NOT NULL,
    CONSTRAINT "App_LUMINOVA_itemordenventa_cantidad_check" CHECK ((cantidad >= 0))
);


ALTER TABLE public."App_LUMINOVA_itemordenventa" OWNER TO luminova_user;

--
-- Name: App_LUMINOVA_itemordenventa_id_seq; Type: SEQUENCE; Schema: public; Owner: luminova_user
--

ALTER TABLE public."App_LUMINOVA_itemordenventa" ALTER COLUMN id ADD GENERATED BY DEFAULT AS IDENTITY (
    SEQUENCE NAME public."App_LUMINOVA_itemordenventa_id_seq"
    START WITH 1
    INCREMENT BY 1
    NO MINVALUE
    NO MAXVALUE
    CACHE 1
);


--
-- Name: App_LUMINOVA_loteproductoterminado; Type: TABLE; Schema: public; Owner: luminova_user
--

CREATE TABLE public."App_LUMINOVA_loteproductoterminado" (
    id bigint NOT NULL,
    cantidad integer NOT NULL,
    fecha_creacion timestamp with time zone NOT NULL,
    enviado boolean NOT NULL,
    op_asociada_id bigint NOT NULL,
    producto_id bigint NOT NULL,
    deposito_id bigint,
    CONSTRAINT "App_LUMINOVA_loteproductoterminado_cantidad_check" CHECK ((cantidad >= 0))
);


ALTER TABLE public."App_LUMINOVA_loteproductoterminado" OWNER TO luminova_user;

--
-- Name: App_LUMINOVA_loteproductoterminado_id_seq; Type: SEQUENCE; Schema: public; Owner: luminova_user
--

ALTER TABLE public."App_LUMINOVA_loteproductoterminado" ALTER COLUMN id ADD GENERATED BY DEFAULT AS IDENTITY (
    SEQUENCE NAME public."App_LUMINOVA_loteproductoterminado_id_seq"
    START WITH 1
    INCREMENT BY 1
    NO MINVALUE
    NO MAXVALUE
    CACHE 1
);


--
-- Name: App_LUMINOVA_movimientostock; Type: TABLE; Schema: public; Owner: luminova_user
--

CREATE TABLE public."App_LUMINOVA_movimientostock" (
    id bigint NOT NULL,
    cantidad integer NOT NULL,
    tipo character varying(20) NOT NULL,
    fecha timestamp with time zone NOT NULL,
    motivo character varying(255) NOT NULL,
    deposito_destino_id bigint,
    deposito_origen_id bigint,
    insumo_id bigint,
    producto_id bigint,
    usuario_id integer
);


ALTER TABLE public."App_LUMINOVA_movimientostock" OWNER TO luminova_user;

--
-- Name: App_LUMINOVA_movimientostock_id_seq; Type: SEQUENCE; Schema: public; Owner: luminova_user
--

ALTER TABLE public."App_LUMINOVA_movimientostock" ALTER COLUMN id ADD GENERATED BY DEFAULT AS IDENTITY (
    SEQUENCE NAME public."App_LUMINOVA_movimientostock_id_seq"
    START WITH 1
    INCREMENT BY 1
    NO MINVALUE
    NO MAXVALUE
    CACHE 1
);


--
-- Name: App_LUMINOVA_notificacionsistema; Type: TABLE; Schema: public; Owner: luminova_user
--

CREATE TABLE public."App_LUMINOVA_notificacionsistema" (
    id bigint NOT NULL,
    tipo character varying(30) NOT NULL,
    titulo character varying(200) NOT NULL,
    mensaje text NOT NULL,
    destinatario_grupo character varying(20) NOT NULL,
    prioridad character varying(10) NOT NULL,
    datos_contexto jsonb,
    leida boolean NOT NULL,
    atendida boolean NOT NULL,
    fecha_creacion timestamp with time zone NOT NULL,
    fecha_lectura timestamp with time zone,
    fecha_atencion timestamp with time zone,
    fecha_expiracion timestamp with time zone,
    remitente_id integer NOT NULL
);


ALTER TABLE public."App_LUMINOVA_notificacionsistema" OWNER TO luminova_user;

--
-- Name: App_LUMINOVA_notificacionsistema_id_seq; Type: SEQUENCE; Schema: public; Owner: luminova_user
--

ALTER TABLE public."App_LUMINOVA_notificacionsistema" ALTER COLUMN id ADD GENERATED BY DEFAULT AS IDENTITY (
    SEQUENCE NAME public."App_LUMINOVA_notificacionsistema_id_seq"
    START WITH 1
    INCREMENT BY 1
    NO MINVALUE
    NO MAXVALUE
    CACHE 1
);


--
-- Name: App_LUMINOVA_ofertaproveedor; Type: TABLE; Schema: public; Owner: luminova_user
--

CREATE TABLE public."App_LUMINOVA_ofertaproveedor" (
    id bigint NOT NULL,
    precio_unitario_compra numeric(10,2) NOT NULL,
    tiempo_entrega_estimado_dias integer NOT NULL,
    fecha_actualizacion_precio timestamp with time zone NOT NULL,
    insumo_id bigint NOT NULL,
    proveedor_id bigint NOT NULL
);


ALTER TABLE public."App_LUMINOVA_ofertaproveedor" OWNER TO luminova_user;

--
-- Name: App_LUMINOVA_ofertaproveedor_id_seq; Type: SEQUENCE; Schema: public; Owner: luminova_user
--

ALTER TABLE public."App_LUMINOVA_ofertaproveedor" ALTER COLUMN id ADD GENERATED BY DEFAULT AS IDENTITY (
    SEQUENCE NAME public."App_LUMINOVA_ofertaproveedor_id_seq"
    START WITH 1
    INCREMENT BY 1
    NO MINVALUE
    NO MAXVALUE
    CACHE 1
);


--
-- Name: App_LUMINOVA_orden; Type: TABLE; Schema: public; Owner: luminova_user
--

CREATE TABLE public."App_LUMINOVA_orden" (
    id bigint NOT NULL,
    numero_orden character varying(20) NOT NULL,
    tipo character varying(20) NOT NULL,
    fecha_creacion timestamp with time zone NOT NULL,
    estado character varying(30) NOT NULL,
    cantidad_principal integer,
    precio_unitario_compra numeric(10,2),
    total_orden_compra numeric(12,2) NOT NULL,
    fecha_estimada_entrega date,
    numero_tracking character varying(50),
    notas text,
    insumo_principal_id bigint,
    proveedor_id bigint NOT NULL,
    deposito_id bigint,
    CONSTRAINT "App_LUMINOVA_orden_cantidad_principal_check" CHECK ((cantidad_principal >= 0))
);


ALTER TABLE public."App_LUMINOVA_orden" OWNER TO luminova_user;

--
-- Name: App_LUMINOVA_orden_id_seq; Type: SEQUENCE; Schema: public; Owner: luminova_user
--

ALTER TABLE public."App_LUMINOVA_orden" ALTER COLUMN id ADD GENERATED BY DEFAULT AS IDENTITY (
    SEQUENCE NAME public."App_LUMINOVA_orden_id_seq"
    START WITH 1
    INCREMENT BY 1
    NO MINVALUE
    NO MAXVALUE
    CACHE 1
);


--
-- Name: App_LUMINOVA_ordenproduccion; Type: TABLE; Schema: public; Owner: luminova_user
--

CREATE TABLE public."App_LUMINOVA_ordenproduccion" (
    id bigint NOT NULL,
    numero_op character varying(20) NOT NULL,
    cantidad_a_producir integer NOT NULL,
    fecha_solicitud timestamp with time zone NOT NULL,
    fecha_inicio_planificada date,
    fecha_fin_planificada date,
    notas text,
    estado_op_id bigint,
    orden_venta_origen_id bigint,
    producto_a_producir_id bigint NOT NULL,
    sector_asignado_op_id bigint,
    fecha_fin_real timestamp with time zone,
    fecha_inicio_real timestamp with time zone,
    tipo_orden character varying(3) NOT NULL,
    CONSTRAINT "App_LUMINOVA_ordenproduccion_cantidad_a_producir_check" CHECK ((cantidad_a_producir >= 0))
);


ALTER TABLE public."App_LUMINOVA_ordenproduccion" OWNER TO luminova_user;

--
-- Name: App_LUMINOVA_ordenproduccion_id_seq; Type: SEQUENCE; Schema: public; Owner: luminova_user
--

ALTER TABLE public."App_LUMINOVA_ordenproduccion" ALTER COLUMN id ADD GENERATED BY DEFAULT AS IDENTITY (
    SEQUENCE NAME public."App_LUMINOVA_ordenproduccion_id_seq"
    START WITH 1
    INCREMENT BY 1
    NO MINVALUE
    NO MAXVALUE
    CACHE 1
);


--
-- Name: App_LUMINOVA_ordenventa; Type: TABLE; Schema: public; Owner: luminova_user
--

CREATE TABLE public."App_LUMINOVA_ordenventa" (
    id bigint NOT NULL,
    numero_ov character varying(20) NOT NULL,
    fecha_creacion timestamp with time zone NOT NULL,
    estado character varying(50) NOT NULL,
    total_ov numeric(12,2) NOT NULL,
    notas text,
    cliente_id bigint NOT NULL
);


ALTER TABLE public."App_LUMINOVA_ordenventa" OWNER TO luminova_user;

--
-- Name: App_LUMINOVA_ordenventa_id_seq; Type: SEQUENCE; Schema: public; Owner: luminova_user
--

ALTER TABLE public."App_LUMINOVA_ordenventa" ALTER COLUMN id ADD GENERATED BY DEFAULT AS IDENTITY (
    SEQUENCE NAME public."App_LUMINOVA_ordenventa_id_seq"
    START WITH 1
    INCREMENT BY 1
    NO MINVALUE
    NO MAXVALUE
    CACHE 1
);


--
-- Name: App_LUMINOVA_passwordchangerequired; Type: TABLE; Schema: public; Owner: luminova_user
--

CREATE TABLE public."App_LUMINOVA_passwordchangerequired" (
    id bigint NOT NULL,
    created_at timestamp with time zone NOT NULL,
    user_id integer NOT NULL
);


ALTER TABLE public."App_LUMINOVA_passwordchangerequired" OWNER TO luminova_user;

--
-- Name: App_LUMINOVA_passwordchangerequired_id_seq; Type: SEQUENCE; Schema: public; Owner: luminova_user
--

ALTER TABLE public."App_LUMINOVA_passwordchangerequired" ALTER COLUMN id ADD GENERATED BY DEFAULT AS IDENTITY (
    SEQUENCE NAME public."App_LUMINOVA_passwordchangerequired_id_seq"
    START WITH 1
    INCREMENT BY 1
    NO MINVALUE
    NO MAXVALUE
    CACHE 1
);


--
-- Name: App_LUMINOVA_productoterminado; Type: TABLE; Schema: public; Owner: luminova_user
--

CREATE TABLE public."App_LUMINOVA_productoterminado" (
    id bigint NOT NULL,
    descripcion character varying(255) NOT NULL,
    precio_unitario numeric(10,2) NOT NULL,
    stock integer NOT NULL,
    modelo character varying(50),
    potencia integer,
    acabado character varying(50),
    color_luz character varying(50),
    material character varying(50),
    imagen character varying(100),
    categoria_id bigint NOT NULL,
    deposito_id bigint,
    produccion_habilitada boolean NOT NULL,
    stock_minimo integer NOT NULL,
    stock_objetivo integer NOT NULL
);


ALTER TABLE public."App_LUMINOVA_productoterminado" OWNER TO luminova_user;

--
-- Name: App_LUMINOVA_productoterminado_id_seq; Type: SEQUENCE; Schema: public; Owner: luminova_user
--

ALTER TABLE public."App_LUMINOVA_productoterminado" ALTER COLUMN id ADD GENERATED BY DEFAULT AS IDENTITY (
    SEQUENCE NAME public."App_LUMINOVA_productoterminado_id_seq"
    START WITH 1
    INCREMENT BY 1
    NO MINVALUE
    NO MAXVALUE
    CACHE 1
);


--
-- Name: App_LUMINOVA_proveedor; Type: TABLE; Schema: public; Owner: luminova_user
--

CREATE TABLE public."App_LUMINOVA_proveedor" (
    id bigint NOT NULL,
    nombre character varying(100) NOT NULL,
    contacto character varying(100) NOT NULL,
    telefono character varying(25) NOT NULL,
    email character varying(254)
);


ALTER TABLE public."App_LUMINOVA_proveedor" OWNER TO luminova_user;

--
-- Name: App_LUMINOVA_proveedor_id_seq; Type: SEQUENCE; Schema: public; Owner: luminova_user
--

ALTER TABLE public."App_LUMINOVA_proveedor" ALTER COLUMN id ADD GENERATED BY DEFAULT AS IDENTITY (
    SEQUENCE NAME public."App_LUMINOVA_proveedor_id_seq"
    START WITH 1
    INCREMENT BY 1
    NO MINVALUE
    NO MAXVALUE
    CACHE 1
);


--
-- Name: App_LUMINOVA_reportes; Type: TABLE; Schema: public; Owner: luminova_user
--

CREATE TABLE public."App_LUMINOVA_reportes" (
    id bigint NOT NULL,
    n_reporte character varying(20) NOT NULL,
    fecha timestamp with time zone NOT NULL,
    tipo_problema character varying(100) NOT NULL,
    informe_reporte text,
    orden_produccion_asociada_id bigint,
    reportado_por_id integer,
    sector_reporta_id bigint,
    fecha_resolucion timestamp with time zone,
    resuelto boolean NOT NULL
);


ALTER TABLE public."App_LUMINOVA_reportes" OWNER TO luminova_user;

--
-- Name: App_LUMINOVA_reportes_id_seq; Type: SEQUENCE; Schema: public; Owner: luminova_user
--

ALTER TABLE public."App_LUMINOVA_reportes" ALTER COLUMN id ADD GENERATED BY DEFAULT AS IDENTITY (
    SEQUENCE NAME public."App_LUMINOVA_reportes_id_seq"
    START WITH 1
    INCREMENT BY 1
    NO MINVALUE
    NO MAXVALUE
    CACHE 1
);


--
-- Name: App_LUMINOVA_roldescripcion; Type: TABLE; Schema: public; Owner: luminova_user
--

CREATE TABLE public."App_LUMINOVA_roldescripcion" (
    id bigint NOT NULL,
    descripcion text NOT NULL,
    group_id integer NOT NULL
);


ALTER TABLE public."App_LUMINOVA_roldescripcion" OWNER TO luminova_user;

--
-- Name: App_LUMINOVA_roldescripcion_id_seq; Type: SEQUENCE; Schema: public; Owner: luminova_user
--

ALTER TABLE public."App_LUMINOVA_roldescripcion" ALTER COLUMN id ADD GENERATED BY DEFAULT AS IDENTITY (
    SEQUENCE NAME public."App_LUMINOVA_roldescripcion_id_seq"
    START WITH 1
    INCREMENT BY 1
    NO MINVALUE
    NO MAXVALUE
    CACHE 1
);


--
-- Name: App_LUMINOVA_sectorasignado; Type: TABLE; Schema: public; Owner: luminova_user
--

CREATE TABLE public."App_LUMINOVA_sectorasignado" (
    id bigint NOT NULL,
    nombre character varying(50) NOT NULL
);


ALTER TABLE public."App_LUMINOVA_sectorasignado" OWNER TO luminova_user;

--
-- Name: App_LUMINOVA_sectorasignado_id_seq; Type: SEQUENCE; Schema: public; Owner: luminova_user
--

ALTER TABLE public."App_LUMINOVA_sectorasignado" ALTER COLUMN id ADD GENERATED BY DEFAULT AS IDENTITY (
    SEQUENCE NAME public."App_LUMINOVA_sectorasignado_id_seq"
    START WITH 1
    INCREMENT BY 1
    NO MINVALUE
    NO MAXVALUE
    CACHE 1
);


--
-- Name: App_LUMINOVA_stockinsumo; Type: TABLE; Schema: public; Owner: luminova_user
--

CREATE TABLE public."App_LUMINOVA_stockinsumo" (
    id bigint NOT NULL,
    cantidad integer NOT NULL,
    deposito_id bigint NOT NULL,
    insumo_id bigint NOT NULL
);


ALTER TABLE public."App_LUMINOVA_stockinsumo" OWNER TO luminova_user;

--
-- Name: App_LUMINOVA_stockinsumo_id_seq; Type: SEQUENCE; Schema: public; Owner: luminova_user
--

ALTER TABLE public."App_LUMINOVA_stockinsumo" ALTER COLUMN id ADD GENERATED BY DEFAULT AS IDENTITY (
    SEQUENCE NAME public."App_LUMINOVA_stockinsumo_id_seq"
    START WITH 1
    INCREMENT BY 1
    NO MINVALUE
    NO MAXVALUE
    CACHE 1
);


--
-- Name: App_LUMINOVA_stockproductoterminado; Type: TABLE; Schema: public; Owner: luminova_user
--

CREATE TABLE public."App_LUMINOVA_stockproductoterminado" (
    id bigint NOT NULL,
    cantidad integer NOT NULL,
    deposito_id bigint NOT NULL,
    producto_id bigint NOT NULL
);


ALTER TABLE public."App_LUMINOVA_stockproductoterminado" OWNER TO luminova_user;

--
-- Name: App_LUMINOVA_stockproductoterminado_id_seq; Type: SEQUENCE; Schema: public; Owner: luminova_user
--

ALTER TABLE public."App_LUMINOVA_stockproductoterminado" ALTER COLUMN id ADD GENERATED BY DEFAULT AS IDENTITY (
    SEQUENCE NAME public."App_LUMINOVA_stockproductoterminado_id_seq"
    START WITH 1
    INCREMENT BY 1
    NO MINVALUE
    NO MAXVALUE
    CACHE 1
);


--
-- Name: App_LUMINOVA_usuariodeposito; Type: TABLE; Schema: public; Owner: luminova_user
--

CREATE TABLE public."App_LUMINOVA_usuariodeposito" (
    id bigint NOT NULL,
    puede_transferir boolean NOT NULL,
    puede_entradas boolean NOT NULL,
    puede_salidas boolean NOT NULL,
    fecha_asignacion timestamp with time zone NOT NULL,
    deposito_id bigint NOT NULL,
    usuario_id integer NOT NULL
);


ALTER TABLE public."App_LUMINOVA_usuariodeposito" OWNER TO luminova_user;

--
-- Name: App_LUMINOVA_usuariodeposito_id_seq; Type: SEQUENCE; Schema: public; Owner: luminova_user
--

ALTER TABLE public."App_LUMINOVA_usuariodeposito" ALTER COLUMN id ADD GENERATED BY DEFAULT AS IDENTITY (
    SEQUENCE NAME public."App_LUMINOVA_usuariodeposito_id_seq"
    START WITH 1
    INCREMENT BY 1
    NO MINVALUE
    NO MAXVALUE
    CACHE 1
);


--
-- Name: auth_group; Type: TABLE; Schema: public; Owner: luminova_user
--

CREATE TABLE public.auth_group (
    id integer NOT NULL,
    name character varying(150) NOT NULL
);


ALTER TABLE public.auth_group OWNER TO luminova_user;

--
-- Name: auth_group_id_seq; Type: SEQUENCE; Schema: public; Owner: luminova_user
--

ALTER TABLE public.auth_group ALTER COLUMN id ADD GENERATED BY DEFAULT AS IDENTITY (
    SEQUENCE NAME public.auth_group_id_seq
    START WITH 1
    INCREMENT BY 1
    NO MINVALUE
    NO MAXVALUE
    CACHE 1
);


--
-- Name: auth_group_permissions; Type: TABLE; Schema: public; Owner: luminova_user
--

CREATE TABLE public.auth_group_permissions (
    id bigint NOT NULL,
    group_id integer NOT NULL,
    permission_id integer NOT NULL
);


ALTER TABLE public.auth_group_permissions OWNER TO luminova_user;

--
-- Name: auth_group_permissions_id_seq; Type: SEQUENCE; Schema: public; Owner: luminova_user
--

ALTER TABLE public.auth_group_permissions ALTER COLUMN id ADD GENERATED BY DEFAULT AS IDENTITY (
    SEQUENCE NAME public.auth_group_permissions_id_seq
    START WITH 1
    INCREMENT BY 1
    NO MINVALUE
    NO MAXVALUE
    CACHE 1
);


--
-- Name: auth_permission; Type: TABLE; Schema: public; Owner: luminova_user
--

CREATE TABLE public.auth_permission (
    id integer NOT NULL,
    name character varying(255) NOT NULL,
    content_type_id integer NOT NULL,
    codename character varying(100) NOT NULL
);


ALTER TABLE public.auth_permission OWNER TO luminova_user;

--
-- Name: auth_permission_id_seq; Type: SEQUENCE; Schema: public; Owner: luminova_user
--

ALTER TABLE public.auth_permission ALTER COLUMN id ADD GENERATED BY DEFAULT AS IDENTITY (
    SEQUENCE NAME public.auth_permission_id_seq
    START WITH 1
    INCREMENT BY 1
    NO MINVALUE
    NO MAXVALUE
    CACHE 1
);


--
-- Name: auth_user; Type: TABLE; Schema: public; Owner: luminova_user
--

CREATE TABLE public.auth_user (
    id integer NOT NULL,
    password character varying(128) NOT NULL,
    last_login timestamp with time zone,
    is_superuser boolean NOT NULL,
    username character varying(150) NOT NULL,
    first_name character varying(150) NOT NULL,
    last_name character varying(150) NOT NULL,
    email character varying(254) NOT NULL,
    is_staff boolean NOT NULL,
    is_active boolean NOT NULL,
    date_joined timestamp with time zone NOT NULL
);


ALTER TABLE public.auth_user OWNER TO luminova_user;

--
-- Name: auth_user_groups; Type: TABLE; Schema: public; Owner: luminova_user
--

CREATE TABLE public.auth_user_groups (
    id bigint NOT NULL,
    user_id integer NOT NULL,
    group_id integer NOT NULL
);


ALTER TABLE public.auth_user_groups OWNER TO luminova_user;

--
-- Name: auth_user_groups_id_seq; Type: SEQUENCE; Schema: public; Owner: luminova_user
--

ALTER TABLE public.auth_user_groups ALTER COLUMN id ADD GENERATED BY DEFAULT AS IDENTITY (
    SEQUENCE NAME public.auth_user_groups_id_seq
    START WITH 1
    INCREMENT BY 1
    NO MINVALUE
    NO MAXVALUE
    CACHE 1
);


--
-- Name: auth_user_id_seq; Type: SEQUENCE; Schema: public; Owner: luminova_user
--

ALTER TABLE public.auth_user ALTER COLUMN id ADD GENERATED BY DEFAULT AS IDENTITY (
    SEQUENCE NAME public.auth_user_id_seq
    START WITH 1
    INCREMENT BY 1
    NO MINVALUE
    NO MAXVALUE
    CACHE 1
);


--
-- Name: auth_user_user_permissions; Type: TABLE; Schema: public; Owner: luminova_user
--

CREATE TABLE public.auth_user_user_permissions (
    id bigint NOT NULL,
    user_id integer NOT NULL,
    permission_id integer NOT NULL
);


ALTER TABLE public.auth_user_user_permissions OWNER TO luminova_user;

--
-- Name: auth_user_user_permissions_id_seq; Type: SEQUENCE; Schema: public; Owner: luminova_user
--

ALTER TABLE public.auth_user_user_permissions ALTER COLUMN id ADD GENERATED BY DEFAULT AS IDENTITY (
    SEQUENCE NAME public.auth_user_user_permissions_id_seq
    START WITH 1
    INCREMENT BY 1
    NO MINVALUE
    NO MAXVALUE
    CACHE 1
);


--
-- Name: django_admin_log; Type: TABLE; Schema: public; Owner: luminova_user
--

CREATE TABLE public.django_admin_log (
    id integer NOT NULL,
    action_time timestamp with time zone NOT NULL,
    object_id text,
    object_repr character varying(200) NOT NULL,
    action_flag smallint NOT NULL,
    change_message text NOT NULL,
    content_type_id integer,
    user_id integer NOT NULL,
    CONSTRAINT django_admin_log_action_flag_check CHECK ((action_flag >= 0))
);


ALTER TABLE public.django_admin_log OWNER TO luminova_user;

--
-- Name: django_admin_log_id_seq; Type: SEQUENCE; Schema: public; Owner: luminova_user
--

ALTER TABLE public.django_admin_log ALTER COLUMN id ADD GENERATED BY DEFAULT AS IDENTITY (
    SEQUENCE NAME public.django_admin_log_id_seq
    START WITH 1
    INCREMENT BY 1
    NO MINVALUE
    NO MAXVALUE
    CACHE 1
);


--
-- Name: django_content_type; Type: TABLE; Schema: public; Owner: luminova_user
--

CREATE TABLE public.django_content_type (
    id integer NOT NULL,
    app_label character varying(100) NOT NULL,
    model character varying(100) NOT NULL
);


ALTER TABLE public.django_content_type OWNER TO luminova_user;

--
-- Name: django_content_type_id_seq; Type: SEQUENCE; Schema: public; Owner: luminova_user
--

ALTER TABLE public.django_content_type ALTER COLUMN id ADD GENERATED BY DEFAULT AS IDENTITY (
    SEQUENCE NAME public.django_content_type_id_seq
    START WITH 1
    INCREMENT BY 1
    NO MINVALUE
    NO MAXVALUE
    CACHE 1
);


--
-- Name: django_migrations; Type: TABLE; Schema: public; Owner: luminova_user
--

CREATE TABLE public.django_migrations (
    id bigint NOT NULL,
    app character varying(255) NOT NULL,
    name character varying(255) NOT NULL,
    applied timestamp with time zone NOT NULL
);


ALTER TABLE public.django_migrations OWNER TO luminova_user;

--
-- Name: django_migrations_id_seq; Type: SEQUENCE; Schema: public; Owner: luminova_user
--

ALTER TABLE public.django_migrations ALTER COLUMN id ADD GENERATED BY DEFAULT AS IDENTITY (
    SEQUENCE NAME public.django_migrations_id_seq
    START WITH 1
    INCREMENT BY 1
    NO MINVALUE
    NO MAXVALUE
    CACHE 1
);


--
-- Name: django_session; Type: TABLE; Schema: public; Owner: luminova_user
--

CREATE TABLE public.django_session (
    session_key character varying(40) NOT NULL,
    session_data text NOT NULL,
    expire_date timestamp with time zone NOT NULL
);


ALTER TABLE public.django_session OWNER TO luminova_user;

--
-- Data for Name: App_LUMINOVA_auditoriaacceso; Type: TABLE DATA; Schema: public; Owner: luminova_user
--

COPY public."App_LUMINOVA_auditoriaacceso" (id, accion, fecha_hora, ip_address, user_agent, usuario_id) FROM stdin;
1	Inicio de sesión	2025-10-02 09:26:47.030111-03	127.0.0.1	Mozilla/5.0 (X11; Ubuntu; Linux x86_64; rv:143.0) Gecko/20100101 Firefox/143.0	1
2	Cierre de sesión	2025-10-02 09:31:25.833186-03	127.0.0.1	Mozilla/5.0 (X11; Ubuntu; Linux x86_64; rv:143.0) Gecko/20100101 Firefox/143.0	1
3	Inicio de sesión	2025-10-02 09:31:36.8311-03	127.0.0.1	Mozilla/5.0 (X11; Ubuntu; Linux x86_64; rv:143.0) Gecko/20100101 Firefox/143.0	1
4	Inicio de sesión	2025-10-02 09:49:06.984173-03	127.0.0.1	Mozilla/5.0 (X11; Ubuntu; Linux x86_64; rv:143.0) Gecko/20100101 Firefox/143.0	14
\.


--
-- Data for Name: App_LUMINOVA_categoriainsumo; Type: TABLE DATA; Schema: public; Owner: luminova_user
--

COPY public."App_LUMINOVA_categoriainsumo" (id, nombre, imagen, deposito_id) FROM stdin;
27	CLS Drivers LED	categorias_insumos/cls_driver_1.webp	2
28	Conectores para Iluminación	categorias_insumos/cone_1.png	2
1	Módulos Led	categorias_insumos/01_YsWQxN7.webp	1
2	Porta Led Cob	categorias_insumos/WhatsApp_Image_2025-05-22_at_11_v73cxwD.03.26_AM.jpeg	1
3	Lentes para Iluminación Led	categorias_insumos/Lente_para_Iluminacion_LED2.webp	1
4	Disipadores de Calor para LED	categorias_insumos/disipador_1.webp	1
5	CLS Drivers LED	categorias_insumos/cls_driver_1.webp	1
7	Reflectores de LED	categorias_insumos/ref_led_4.jpg	1
8	Cables para Iluminación LED	categorias_insumos/cable_2.jpg	1
9	Conectores para Iluminación	categorias_insumos/cone_1.png	1
10	Conectores y Módulos para Alumbrado Público	categorias_insumos/cym_2.webp	1
11	Fuentes de Alimentación para LED	categorias_insumos/fuente_3.webp	1
12	Iluminación LED en Tiras y Cintas	categorias_insumos/tira_4.webp	1
13	LED COB	categorias_insumos/led_cob_1.webp	1
14	Lentes de Alto Brillo	categorias_insumos/lab_1.webp	1
15	Sistema de Control de Iluminacion LED	categorias_insumos/cci_4.webp	1
16	Soporte para Matriz LED	categorias_insumos/sop_1.webp	1
21	Módulos Led	categorias_insumos/categorias_insumos/clone_1_2.webp	2
22	Uvas	categorias_insumos/uvas-1.jpg	2
23	Porta Led Cob	categorias_insumos/WhatsApp_Image_2025-05-22_at_11_v73cxwD.03.26_AM.jpeg	5
24	LED COB	categorias_insumos/led_cob_1.webp	2
25	LED COB	categorias_insumos/led_cob_1.webp	5
26	Módulos Led	categorias_insumos/01_YsWQxN7.webp	5
\.


--
-- Data for Name: App_LUMINOVA_categoriaproductoterminado; Type: TABLE DATA; Schema: public; Owner: luminova_user
--

COPY public."App_LUMINOVA_categoriaproductoterminado" (id, nombre, imagen, deposito_id) FROM stdin;
1	Iluminación General	categorias_productos/ilum-general_5TfkQfl.jpg	1
4	Downlight LED empotrable	categorias_productos/Downlight_Empotrable.webp	1
5	Panel LED de techo integrado	categorias_productos/panel_led_de_techo.jpg	1
6	Luminaria lineal para barra de luz	categorias_productos/luminaria_lineal_para_barra.jpg	1
7	Luminaria de acento con control DALI	categorias_productos/Luminaria_de_acento_con_control_DALI.jpg	1
8	Luminaria de calle o alumbrado público	categorias_productos/Luminaria_de_calle_o_alumbrado_público.jpg	1
9	Lámpara de escritorio LED regulable	categorias_productos/Lámpara_de_escritorio_LED_regulable.webp	1
10	Iluminación decorativa con tiras LED	categorias_productos/Iluminación_decorativa_con_tiras_LED.jpg	1
11	Vinos	categorias_productos/vinos.jpg	2
12	Luminaria lineal para barra de luz	categorias_productos/luminaria_lineal_para_barra.jpg	5
13	Downlight LED empotrable	categorias_productos/Downlight_Empotrable.webp	2
\.


--
-- Data for Name: App_LUMINOVA_cliente; Type: TABLE DATA; Schema: public; Owner: luminova_user
--

COPY public."App_LUMINOVA_cliente" (id, nombre, direccion, telefono, email) FROM stdin;
1	Federico Tomás Paal	Avenida Siempre Viva 742	+54 11 4567-8909	federicopaal@gmail.com
2	Daro Gmnz	Avenida Siempre Viva 742	+54 11 6969 1234	dgimenez.developer@gmail.com
3	Franco	Avenida 123	+1 925-583-8452	franco@gmail.com
\.


--
-- Data for Name: App_LUMINOVA_componenteproducto; Type: TABLE DATA; Schema: public; Owner: luminova_user
--

COPY public."App_LUMINOVA_componenteproducto" (id, cantidad_necesaria, insumo_id, producto_terminado_id) FROM stdin;
\.


--
-- Data for Name: App_LUMINOVA_deposito; Type: TABLE DATA; Schema: public; Owner: luminova_user
--

COPY public."App_LUMINOVA_deposito" (id, nombre, ubicacion, descripcion) FROM stdin;
1	Depósito Central Luminova		Depósito de Prodcutos e Insumos previos a la implementación Multideposito
2	Depósito Maestranza		Depósito de insumos para el perosnal de Maestranza
5	Depósito de Mantenimiento		
\.


--
-- Data for Name: App_LUMINOVA_estadoorden; Type: TABLE DATA; Schema: public; Owner: luminova_user
--

COPY public."App_LUMINOVA_estadoorden" (id, nombre) FROM stdin;
1	Pendiente
2	Confirmada
3	Producción Iniciada
4	Lista para Entrega
5	Completada
6	Cancelada
7	Producción Parcial
8	Pausada
9	Insumos Solicitados
10	Insumos Recibidos
11	Resolución Pendiente
12	Planificada
13	En Proceso
\.


--
-- Data for Name: App_LUMINOVA_fabricante; Type: TABLE DATA; Schema: public; Owner: luminova_user
--

COPY public."App_LUMINOVA_fabricante" (id, nombre, contacto, telefono, email) FROM stdin;
1	Newark	newark@newark.com	+1 925-583-8452	newark@newark.com
2	Osram	Juan Osram	+1 925-583-8452	osram@osram.com
3	Alibaba	Pepe Alibaba	+1 925-583-8452	alibaba@gmail.com
4	Bridgelux	Lucas Bridgelux	+1 925-583-8452	bridgelux@gmail.com
5	Standard	Osvaldo Standard	+1 925-583-8452	standard@standard.com
6	Arrow	Olverio Arrow	+1 925-583-8452	arrow@gmail.com
7	Element14	Roberto	+1 925-583-8452	element14@gmail.com
8	DigiKey	Franco DigiKey	+1 925-583-8452	digiKey@gmail.com
9	Mouser	Mauro Mouser	+1 925-583-8452	mouser@gmail.com
10	Dongguan Lenstar Opto	Gerardo Dongguan	+1 925-583-8452	DLO@gmail.com
11	Ideal	Ulises Ideal	+1 925-583-8452	ideal@gmail.com
12	TE Connectivity	Jorge Connectivity	+1 925-583-8452	TEConn@gmail.com
13	STMICROELECTRONICS	Mario STM	+1 925-583-8452	stm@gmail.com
14	Siemens	Santiago Siemens	+1 925-583-8452	siemens@gmail.com
15	FISCHER ELEKTRONIK	Federico Fischer	+1 925-583-8452	fischer@gmail.com
16	DIODES INC.	Dario Diodes	+1 925-583-8452	diodes@gmail.com
17	TEXAS INSTRUMENTS	Agustin Texas	+1 925-583-8452	texasins@gmail.com
18	WAKEFIELD THERMAL	Walter WAKEFIELD	+1 925-583-8452	wakefield@gmail.com
19	Sunon Fans	Martin Sunon	+1 925-583-8452	sunon@gmail.com
20	LEDIL	Leandro LEDIL	+1 925-583-8452	ledil@gmail.com
21	LUMEX	Luciano Lumex	+1 925-583-8452	lumex@gmail.com
22	STEGO	Dante STEGO	+1 925-583-8452	stego@gmail.com
23	CML INNOVATIVE TECHNOLOGIES	Lautaro CML	+1 925-583-8452	CML@gmail.com
24	NVENT HOFFMAN	Mauricio NVENT	+1 925-583-8452	NVENT@gmail.com
25	WAGO	Walter Wago	+1 925-583-8452	wago@gmail.com
26	AMPHENOL COMMUNICATIONS SOLUTIONS	AMPHENOL	+1 925-583-8452	ACS@gmail.com
27	MULTICOMP PRO	MULTICOMP PRO	+1 925-583-8452	MP@gmail.com
28	MEAN WELL	MEAN WELL	+1 925-583-8452	MW@gmail.com
29	TT ELECTRONICS / OPTEK TECHNOLOGY	TT ELECTRONICS / OPTEK TECHNOLOGY	+1 925-583-8452	TT@gmail.com
30	PLAZMO INDUSTRIES	PLAZMO INDUSTRIES	+1 925-583-8452	plazmo@gmail.com
31	CREE LED	CREE LED	+1 925-583-8452	CL@gmail.com
32	DIALIGHT	DIALIGHT	+1 925-583-8452	DIALIGHT@gmail.com
\.


--
-- Data for Name: App_LUMINOVA_factura; Type: TABLE DATA; Schema: public; Owner: luminova_user
--

COPY public."App_LUMINOVA_factura" (id, numero_factura, fecha_emision, total_facturado, orden_venta_id) FROM stdin;
\.


--
-- Data for Name: App_LUMINOVA_historialov; Type: TABLE DATA; Schema: public; Owner: luminova_user
--

COPY public."App_LUMINOVA_historialov" (id, fecha_evento, descripcion, tipo_evento, orden_venta_id, realizado_por_id) FROM stdin;
64	2025-10-02 09:39:50.650551-03	Orden de Venta creada en estado 'Cancelada'.	\N	21	\N
65	2025-10-02 09:39:50.653879-03	Orden de Venta creada en estado 'Completada/Entregada'.	\N	22	\N
66	2025-10-02 09:39:50.655595-03	Orden de Venta creada en estado 'Completada/Entregada'.	\N	23	\N
67	2025-10-02 09:39:50.657405-03	Orden de Venta creada en estado 'Completada/Entregada'.	\N	24	\N
68	2025-10-02 09:39:50.65938-03	Orden de Venta creada en estado 'Completada/Entregada'.	\N	25	\N
69	2025-10-02 09:39:50.661243-03	Orden de Venta creada en estado 'Cancelada'.	\N	26	\N
70	2025-10-02 09:39:50.663118-03	Orden de Venta creada en estado 'Completada/Entregada'.	\N	27	\N
71	2025-10-02 09:39:50.666094-03	Orden de Venta creada en estado 'Completada/Entregada'.	\N	28	\N
72	2025-10-02 09:39:50.668733-03	Orden de Venta creada en estado 'Completada/Entregada'.	\N	29	\N
73	2025-10-02 09:39:50.670447-03	Orden de Venta creada en estado 'Completada/Entregada'.	\N	30	\N
74	2025-10-02 09:39:50.67213-03	Orden de Venta creada en estado 'Cancelada'.	\N	31	\N
75	2025-10-02 09:39:50.674287-03	Orden de Venta creada en estado 'Completada/Entregada'.	\N	32	\N
76	2025-10-02 09:39:50.676149-03	Orden de Venta creada en estado 'Completada/Entregada'.	\N	33	\N
77	2025-10-02 09:39:50.677782-03	Orden de Venta creada en estado 'Completada/Entregada'.	\N	34	\N
78	2025-10-02 09:39:50.679334-03	Orden de Venta creada en estado 'Completada/Entregada'.	\N	35	\N
79	2025-10-02 09:39:50.6811-03	Orden de Venta creada en estado 'Completada/Entregada'.	\N	36	\N
80	2025-10-02 09:39:50.684814-03	Orden de Venta creada en estado 'Completada/Entregada'.	\N	37	\N
81	2025-10-02 09:39:50.686625-03	Orden de Venta creada en estado 'Completada/Entregada'.	\N	39	\N
82	2025-10-02 09:39:50.688391-03	Orden de Venta creada en estado 'Completada/Entregada'.	\N	40	\N
83	2025-10-02 09:39:50.690106-03	Orden de Venta creada en estado 'Completada/Entregada'.	\N	41	\N
84	2025-10-02 09:39:50.691953-03	Orden de Venta creada en estado 'Completada/Entregada'.	\N	42	\N
85	2025-10-02 09:39:50.693811-03	Orden de Venta creada en estado 'Completada/Entregada'.	\N	43	\N
86	2025-10-02 09:39:50.695594-03	Orden de Venta creada en estado 'Completada/Entregada'.	\N	44	\N
87	2025-10-02 09:39:50.697918-03	Orden de Venta creada en estado 'Completada/Entregada'.	\N	45	\N
88	2025-10-02 09:39:50.701375-03	Orden de Venta creada en estado 'Completada/Entregada'.	\N	46	\N
89	2025-10-02 09:39:50.703119-03	Orden de Venta creada en estado 'Completada/Entregada'.	\N	47	\N
90	2025-10-02 09:39:50.704829-03	Orden de Venta creada en estado 'Completada/Entregada'.	\N	48	\N
91	2025-10-02 09:39:50.70649-03	Orden de Venta creada en estado 'Completada/Entregada'.	\N	49	\N
92	2025-10-02 09:39:50.708111-03	Orden de Venta creada en estado 'Completada/Entregada'.	\N	50	\N
93	2025-10-02 09:39:50.709882-03	Orden de Venta creada en estado 'Cancelada'.	\N	51	\N
94	2025-10-02 09:39:50.711489-03	Orden de Venta creada en estado 'Completada/Entregada'.	\N	52	\N
95	2025-10-02 09:39:50.713227-03	Orden de Venta creada en estado 'Completada/Entregada'.	\N	53	\N
96	2025-10-02 09:39:50.716044-03	Orden de Venta creada en estado 'Completada/Entregada'.	\N	54	\N
97	2025-10-02 09:39:50.718127-03	Orden de Venta creada en estado 'Completada/Entregada'.	\N	55	\N
98	2025-10-02 09:39:50.7197-03	Orden de Venta creada en estado 'Completada/Entregada'.	\N	56	\N
99	2025-10-02 09:39:50.72152-03	Orden de Venta creada en estado 'Completada/Entregada'.	\N	57	\N
100	2025-10-02 09:39:50.722887-03	Orden de Venta creada en estado 'Completada/Entregada'.	\N	58	\N
101	2025-10-02 09:39:50.724071-03	Orden de Venta creada en estado 'Completada/Entregada'.	\N	59	\N
102	2025-10-02 09:39:50.725509-03	Orden de Venta creada en estado 'Completada/Entregada'.	\N	60	\N
103	2025-10-02 09:39:50.726739-03	Orden de Venta creada en estado 'Completada/Entregada'.	\N	61	\N
104	2025-10-02 09:39:50.728048-03	Orden de Venta creada en estado 'Completada/Entregada'.	\N	62	\N
105	2025-10-02 09:39:50.729518-03	Orden de Venta creada en estado 'Completada/Entregada'.	\N	63	\N
106	2025-10-02 09:39:50.730811-03	Orden de Venta creada en estado 'Completada/Entregada'.	\N	64	\N
107	2025-10-02 09:39:50.732094-03	Orden de Venta creada en estado 'Completada/Entregada'.	\N	65	\N
108	2025-10-02 09:39:50.733376-03	Orden de Venta creada en estado 'Completada/Entregada'.	\N	66	\N
109	2025-10-02 09:39:50.734714-03	Orden de Venta creada en estado 'Completada/Entregada'.	\N	67	\N
110	2025-10-02 09:39:50.736083-03	Orden de Venta creada en estado 'Completada/Entregada'.	\N	68	\N
111	2025-10-02 09:39:50.737278-03	Orden de Venta creada en estado 'Completada/Entregada'.	\N	69	\N
112	2025-10-02 09:39:50.738596-03	Orden de Venta creada en estado 'Completada/Entregada'.	\N	70	\N
113	2025-10-02 09:39:50.739805-03	Orden de Venta creada en estado 'Completada/Entregada'.	\N	71	\N
114	2025-10-02 09:39:50.740917-03	Orden de Venta creada en estado 'Completada/Entregada'.	\N	72	\N
115	2025-10-02 09:39:50.742272-03	Orden de Venta creada en estado 'Completada/Entregada'.	\N	73	\N
116	2025-10-02 09:39:50.743615-03	Orden de Venta creada en estado 'Completada/Entregada'.	\N	74	\N
117	2025-10-02 09:39:50.744826-03	Orden de Venta creada en estado 'Completada/Entregada'.	\N	75	\N
118	2025-10-02 09:39:50.745991-03	Orden de Venta creada en estado 'Completada/Entregada'.	\N	76	\N
119	2025-10-02 09:39:50.747179-03	Orden de Venta creada en estado 'Completada/Entregada'.	\N	77	\N
120	2025-10-02 09:39:50.748463-03	Orden de Venta creada en estado 'Completada/Entregada'.	\N	78	\N
121	2025-10-02 09:39:50.750011-03	Orden de Venta creada en estado 'Insumos Solicitados'.	\N	79	\N
122	2025-10-02 09:39:50.751476-03	Orden de Venta creada en estado 'Producción Iniciada'.	\N	80	\N
123	2025-10-02 09:39:50.752745-03	Orden de Venta creada en estado 'Completada/Entregada'.	\N	81	\N
124	2025-10-02 09:39:50.754049-03	Orden de Venta creada en estado 'Completada/Entregada'.	\N	82	\N
125	2025-10-02 09:39:50.755223-03	Orden de Venta creada en estado 'Insumos Solicitados'.	\N	83	\N
126	2025-10-02 09:39:50.756372-03	Orden de Venta creada en estado 'Completada/Entregada'.	\N	84	\N
269	2025-10-02 09:44:03.214398-03	Se generó la Orden de Producción OP-00001 para el producto 'Lámpara LED Estándar'.	\N	21	\N
270	2025-10-02 09:44:03.223957-03	Se generó la Orden de Producción OP-00002 para el producto 'Lámpara LED Estándar'.	\N	21	\N
271	2025-10-02 09:44:03.232684-03	Se generó la Orden de Producción OP-00003 para el producto 'Lámpara LED Estándar'.	\N	22	\N
272	2025-10-02 09:44:03.240714-03	Se generó la Orden de Producción OP-00004 para el producto 'Lámpara LED Estándar'.	\N	23	\N
273	2025-10-02 09:44:03.248638-03	Se generó la Orden de Producción OP-00005 para el producto 'Lámpara LED Estándar'.	\N	24	\N
274	2025-10-02 09:44:03.256563-03	Se generó la Orden de Producción OP-00006 para el producto 'Lámpara LED Estándar'.	\N	25	\N
275	2025-10-02 09:44:03.264265-03	Se generó la Orden de Producción OP-00007 para el producto 'Lámpara LED Estándar'.	\N	27	\N
276	2025-10-02 09:44:03.272179-03	Se generó la Orden de Producción OP-00008 para el producto 'Lámpara LED Estándar'.	\N	28	\N
277	2025-10-02 09:44:03.279798-03	Se generó la Orden de Producción OP-00009 para el producto 'Lámpara LED Estándar'.	\N	29	\N
278	2025-10-02 09:44:03.288092-03	Se generó la Orden de Producción OP-00010 para el producto 'Lámpara LED Estándar'.	\N	30	\N
279	2025-10-02 09:44:03.295945-03	Se generó la Orden de Producción OP-00011 para el producto 'Lámpara LED Estándar'.	\N	31	\N
280	2025-10-02 09:44:03.303796-03	Se generó la Orden de Producción OP-00012 para el producto 'Lámpara LED Estándar'.	\N	32	\N
281	2025-10-02 09:44:03.311633-03	Se generó la Orden de Producción OP-00013 para el producto 'Lámpara LED Estándar'.	\N	33	\N
282	2025-10-02 09:44:03.319677-03	Se generó la Orden de Producción OP-00014 para el producto 'Lámpara LED Estándar'.	\N	34	\N
283	2025-10-02 09:44:03.327398-03	Se generó la Orden de Producción OP-00015 para el producto 'Lámpara LED Estándar'.	\N	35	\N
284	2025-10-02 09:44:03.335477-03	Se generó la Orden de Producción OP-00016 para el producto 'Lámpara LED Estándar'.	\N	36	\N
285	2025-10-02 09:44:03.343217-03	Se generó la Orden de Producción OP-00017 para el producto 'Lámpara LED Estándar'.	\N	37	\N
286	2025-10-02 09:44:03.353132-03	Se generó la Orden de Producción OP-00019 para el producto 'Lámpara LED Estándar'.	\N	39	\N
287	2025-10-02 09:44:03.36078-03	Se generó la Orden de Producción OP-00020 para el producto 'Lámpara LED Estándar'.	\N	40	\N
288	2025-10-02 09:44:03.368682-03	Se generó la Orden de Producción OP-00021 para el producto 'Lámpara LED Estándar'.	\N	41	\N
289	2025-10-02 09:44:03.376485-03	Se generó la Orden de Producción OP-00022 para el producto 'Lámpara LED Estándar'.	\N	42	\N
290	2025-10-02 09:44:03.384355-03	Se generó la Orden de Producción OP-00023 para el producto 'Lámpara LED Estándar'.	\N	43	\N
291	2025-10-02 09:44:03.392181-03	Se generó la Orden de Producción OP-00024 para el producto 'Lámpara LED Estándar'.	\N	44	\N
292	2025-10-02 09:44:03.399914-03	Se generó la Orden de Producción OP-00025 para el producto 'Lámpara LED Estándar'.	\N	45	\N
293	2025-10-02 09:44:03.407668-03	Se generó la Orden de Producción OP-00026 para el producto 'Lámpara LED Estándar'.	\N	46	\N
294	2025-10-02 09:44:03.415654-03	Se generó la Orden de Producción OP-00027 para el producto 'Lámpara LED Estándar'.	\N	46	\N
295	2025-10-02 09:44:03.424389-03	Se generó la Orden de Producción OP-00028 para el producto 'Lámpara LED Estándar'.	\N	47	\N
296	2025-10-02 09:44:03.432158-03	Se generó la Orden de Producción OP-00029 para el producto 'Lámpara LED Estándar'.	\N	48	\N
297	2025-10-02 09:44:03.439942-03	Se generó la Orden de Producción OP-00030 para el producto 'Lámpara LED Estándar'.	\N	49	\N
298	2025-10-02 09:44:03.447944-03	Se generó la Orden de Producción OP-00031 para el producto 'Lámpara LED Estándar'.	\N	50	\N
299	2025-10-02 09:44:03.455957-03	Se generó la Orden de Producción OP-00032 para el producto 'Lámpara LED Estándar'.	\N	51	\N
300	2025-10-02 09:44:03.463974-03	Se generó la Orden de Producción OP-00033 para el producto 'Lámpara LED Estándar'.	\N	52	\N
301	2025-10-02 09:44:03.472087-03	Se generó la Orden de Producción OP-00034 para el producto 'Downlight LED empotrable'.	\N	53	\N
302	2025-10-02 09:44:03.48026-03	Se generó la Orden de Producción OP-00035 para el producto 'Lámpara LED Estándar'.	\N	53	\N
303	2025-10-02 09:44:03.489079-03	Se generó la Orden de Producción OP-00036 para el producto 'Lámpara LED Estándar'.	\N	54	\N
304	2025-10-02 09:44:03.49724-03	Se generó la Orden de Producción OP-00037 para el producto 'Lámpara LED Estándar'.	\N	55	\N
305	2025-10-02 09:44:03.504963-03	Se generó la Orden de Producción OP-00038 para el producto 'Downlight LED empotrable'.	\N	56	\N
306	2025-10-02 09:44:03.512009-03	Se generó la Orden de Producción OP-00039 para el producto 'Downlight LED empotrable'.	\N	57	\N
307	2025-10-02 09:44:03.519027-03	Se generó la Orden de Producción OP-00040 para el producto 'Downlight LED empotrable'.	\N	58	\N
308	2025-10-02 09:44:03.525704-03	Se generó la Orden de Producción OP-00041 para el producto 'Lámpara LED Estándar'.	\N	59	\N
309	2025-10-02 09:44:03.53269-03	Se generó la Orden de Producción OP-00042 para el producto 'Lámpara LED Estándar'.	\N	60	\N
310	2025-10-02 09:44:03.539758-03	Se generó la Orden de Producción OP-00043 para el producto 'Downlight LED empotrable'.	\N	61	\N
311	2025-10-02 09:44:03.546586-03	Se generó la Orden de Producción OP-00044 para el producto 'Downlight LED empotrable'.	\N	62	\N
312	2025-10-02 09:44:03.553509-03	Se generó la Orden de Producción OP-00045 para el producto 'Downlight LED empotrable'.	\N	63	\N
313	2025-10-02 09:44:03.560498-03	Se generó la Orden de Producción OP-00046 para el producto 'Lámpara LED Estándar'.	\N	63	\N
314	2025-10-02 09:44:03.568566-03	Se generó la Orden de Producción OP-00047 para el producto 'Lámpara LED Estándar'.	\N	64	\N
315	2025-10-02 09:44:03.575528-03	Se generó la Orden de Producción OP-00048 para el producto 'Downlight LED empotrable'.	\N	64	\N
316	2025-10-02 09:44:03.583112-03	Se generó la Orden de Producción OP-00049 para el producto 'Lámpara LED Estándar'.	\N	65	\N
317	2025-10-02 09:44:03.590889-03	Se generó la Orden de Producción OP-00050 para el producto 'Downlight LED empotrable'.	\N	66	\N
318	2025-10-02 09:44:03.598977-03	Se generó la Orden de Producción OP-00051 para el producto 'Downlight LED empotrable'.	\N	67	\N
319	2025-10-02 09:44:03.606919-03	Se generó la Orden de Producción OP-00052 para el producto 'Panel LED de techo Negro'.	\N	68	\N
320	2025-10-02 09:44:03.614703-03	Se generó la Orden de Producción OP-00053 para el producto 'Luminaria lineal de barra Negro'.	\N	68	\N
321	2025-10-02 09:44:03.623743-03	Se generó la Orden de Producción OP-00054 para el producto 'Luminaria lineal de barra Negro'.	\N	69	\N
322	2025-10-02 09:44:03.632078-03	Se generó la Orden de Producción OP-00055 para el producto 'Panel LED de techo Negro'.	\N	70	\N
323	2025-10-02 09:44:03.640209-03	Se generó la Orden de Producción OP-00056 para el producto 'Downlight LED empotrable'.	\N	71	\N
324	2025-10-02 09:44:03.648318-03	Se generó la Orden de Producción OP-00057 para el producto 'Iluminación decorativa con tiras LED para exterior'.	\N	71	\N
325	2025-10-02 09:44:03.657253-03	Se generó la Orden de Producción OP-00058 para el producto 'Lámpara LED Estándar'.	\N	72	\N
326	2025-10-02 09:44:03.665-03	Se generó la Orden de Producción OP-00059 para el producto 'Panel LED de techo Negro'.	\N	73	\N
327	2025-10-02 09:44:03.673677-03	Se generó la Orden de Producción OP-00105 para el producto 'Luminaria lineal de barra Negro'.	\N	74	\N
328	2025-10-02 09:44:03.682402-03	Se generó la Orden de Producción OP-00106 para el producto 'Vino'.	\N	75	\N
329	2025-10-02 09:44:03.690501-03	Se generó la Orden de Producción OP-00107 para el producto 'Downlight LED empotrable'.	\N	76	\N
330	2025-10-02 09:44:03.698403-03	Se generó la Orden de Producción OP-00108 para el producto 'Downlight LED empotrable'.	\N	77	\N
331	2025-10-02 09:44:03.706439-03	Se generó la Orden de Producción OP-00109 para el producto 'Lámpara LED Estándar'.	\N	77	\N
332	2025-10-02 09:44:03.715143-03	Se generó la Orden de Producción OP-00110 para el producto 'Luminaria de alumbrado público Negro de LED Blanco'.	\N	78	\N
333	2025-10-02 09:44:03.722868-03	Se generó la Orden de Producción OP-00111 para el producto 'Lámpara LED Estándar'.	\N	78	\N
334	2025-10-02 09:44:03.731718-03	Se generó la Orden de Producción OP-00112 para el producto 'Downlight LED empotrable'.	\N	79	\N
335	2025-10-02 09:44:03.741747-03	Se generó la Orden de Producción OP-00113 para el producto 'Vino'.	\N	80	\N
336	2025-10-02 09:44:03.751147-03	Se generó la Orden de Producción OP-00114 para el producto 'Downlight LED empotrable'.	\N	81	\N
337	2025-10-02 09:44:03.760683-03	Se generó la Orden de Producción OP-00115 para el producto 'Luminaria lineal de barra Negro'.	\N	82	\N
338	2025-10-02 09:44:03.769586-03	Se generó la Orden de Producción OP-00116 para el producto 'Vino'.	\N	83	\N
339	2025-10-02 09:44:03.777573-03	Se generó la Orden de Producción OP-00117 para el producto 'Luminaria de acento con control Negro'.	\N	84	\N
\.


--
-- Data for Name: App_LUMINOVA_insumo; Type: TABLE DATA; Schema: public; Owner: luminova_user
--

COPY public."App_LUMINOVA_insumo" (id, descripcion, fabricante_id, imagen, stock, categoria_id, cantidad_en_pedido, deposito_id, notificado_a_compras) FROM stdin;
9	Módulo LED BXRC-30E10K0-B-73-SE	4	insumos/modulo_led_3.jpg	14999	1	1	1	f
2	Porta LED 50-2204CT	11	insumos/WhatsApp_Image_2025-05-22_at_11_by5Zx3z.03.26_AM.jpeg	34996	2	0	1	f
3	LED Lens, 7 LED Optic, Spot, Transparent, 39.9 mm, Round, PMMA (Polymethylmethacrylate) RoHS Compliant: Yes	20	insumos/Lente_para_Iluminacion_LED2.webp	16992	3	58010	1	t
4	Disipador de Calor para LED, Anodizado negro, LEDs de Diseño 241;o de CI, Aluminio, 2.3 #176;C/W, 10 mm	15	insumos/disipador_1.webp	14999	4	0	1	f
5	Driver LED, Corriente Constante, Entrada:3-5.5V, 16 Salidas, 30 MHz, Salida:20V/100 mA, SOIC-24	13	insumos/cls_driver_1.webp	21269	5	0	1	f
6	Módulo LED DOB sin conductor para bombillas, 3-60 vatios, AC220V	10	insumos/Captura_de_pantalla_36.png	28899	1	0	1	f
8	Módulo LED, OSCONIQ S 5050 Series, Board + LED, Horti Blanco, 253 lm	2	insumos/Modulo_LED_v0aAc5t.webp	15500	1	14523	1	f
10	Siemens 3SU14011BB301AA0 LED Module	14	insumos/modulo_led_4.jpg	14000	1	4000	1	f
11	Porta LED 2213254-1	12	insumos/porta_2.jpg	25000	2	0	1	t
12	Porta LED 50-2001CR	11	insumos/Captura_de_pantalla_37.png	27000	2	0	1	f
13	Driver Led, Reductor, Atenuación 243;n PWM, Entrada:7-30V, Conmutación 243 n:1MHz, Salida:30V/1A, TSOT-23-5	16	insumos/cls_2.webp	35999	5	0	1	f
14	LED DRIVER, LINEAR, 1MHZ, VQFN-32	17	insumos/cls_3.jpg	33999	5	0	1	f
15	Disipador de Calor para LED, Anodizado negro	15	insumos/disipador_2.webp	32899	4	0	1	f
16	Disipador de Calor para LED, DUAL LED Series, SMD LED Arrays, COBs and Driverless AC-LED's	18	insumos/disipador_3.webp	23000	4	0	1	f
17	Redondo TDLM LED Fortimo giratorio Disipador térmico	19	insumos/disipador_4.jpg	22000	4	0	1	f
18	Lentes y ensambles LED LZ4 LENS NARROW SPOT BEAM	2	insumos/lente_2.webp	40000	3	0	1	f
19	Lens With Holder Clear 20° Diffuser Adhesive Tape	20	insumos/lente_3.jpg	31000	3	0	1	f
20	Round Optical Lens Clear Polycarbonate Box	20	insumos/lente_4.jpg	30000	3	0	1	f
21	CREE XPE/G REFLECTOR, SPOT	20	insumos/ref_led_1.jpg	29000	7	0	1	f
22	Reflector LED, Fijación con Pegamento, PC (Policarbonato), 74°, 14.75 mm	20	insumos/ref_led_2.jpg	34000	7	0	1	f
23	Reflector LED, Fijación con Tornillos, PC (Policarbonato), 11°, 87.8 mm	20	insumos/ref_led_3.jpg	31000	7	0	1	f
24	Reflector LED, Fijación con Tornillos, PC (Policarbonato), 19°, 86.2 mm	20	insumos/ref_led_4.jpg	17000	7	0	1	f
70	Módulo LED DOB sin conductor para bombillas, 3-60 vatios, AC220V	10	insumos/Captura_de_pantalla_36.png	70	21	0	2	f
25	Ensamble de Cable, Cable Conector L&#237;nea de Poder 12" para Uso con Barra de Luz LED	21	insumos/Captura_de_pantalla_38.png	24000	8	0	1	f
26	Conjunto de Cable, Receptáculo eléctrico, Extremo Libre, 6.5 ft, 2 m, Blanco	22	insumos/cable_2.jpg	20000	8	0	1	f
27	Conjunto de Cable, Receptáculo de Compresión a Extremo Libre, 1 ft, 300 mm, Rojo	23	insumos/cable_3.webp	24995	8	0	1	f
28	Conjunto de Cable, Conector LED a Extremo Libre, 6.56 ft, 2 m, Negro	24	insumos/cable_4.jpg	31999	8	0	1	f
29	Conector de Luz, Tierra Anterior, Posición Central, Serie LUMI-NUTS, 3 Contactos	25	insumos/cone_1.png	2000	9	0	1	f
30	Accesorio de Caja, Conector, Luces de Carcasa LED Stego 100-240Vca, Blanco	22	insumos/cone_2.jpg	29999	9	0	1	f
31	Conector de Luz, 4 Contactos, Receptáculo eléctrico, 4 mm, Soldable, 1 Líneas	12	insumos/cone_3.webp	29000	9	1	1	f
32	LIGHTING CONN, RCPT, 2POS, PCB MOUNT ROHS COMPLIANT: YES	12	insumos/cone_4.webp	28000	9	0	1	f
33	CONNECTOR, RECEPTACLE, 7POS	12	insumos/cym_1.webp	27000	10	0	1	f
34	Conector para LED de Alumbrado Público, FLB Series, 7 Contactos, Macho, Agujero Pasante	26	insumos/cym_2.webp	22000	10	0	1	f
35	WHT PIXEL CLUSTER, 500M, 80CD, 0.14A/12V ROHS COMPLIANT: YES	27	insumos/cym_3.webp	16000	10	0	1	f
36	Conector para LED de Alumbrado Público, LUMAWISE Endurance S2 Series, 4 Contactos	12	insumos/cym_4.webp	18000	10	0	1	f
37	Driver LED, ITE, 100.8 W, 24 V, 4.2 A, Voltaje Constante, 90 V	28	insumos/fuente_1.webp	14997	11	2	1	f
38	Driver LED, ITE, 21 W, 30 V, 700 mA, Corriente Constante, 90 V	28	insumos/fuente_2.webp	24500	11	0	1	f
39	Driver LED, ITE, 12 W, 12 V, 1 A, Voltaje Constante, 90 V	28	insumos/fuente_3.webp	24999	11	0	1	f
40	Driver LED, ITE, 36 W, 24 V, 1.5 A, Voltaje Constante, 90 V	28	insumos/fuente_4.webp	21100	11	0	1	f
41	Tira de LED, 80 mm, 3 LEDs, Blanco, 12 VDC, 1.5 W, IP67	29	insumos/tira_1.webp	25594	12	0	1	f
42	Tira de LED, 5 m, 300 LEDs, Blanco, 12 V, 20 W	30	insumos/tira_2.webp	24700	12	0	1	f
43	Tira de LED, 480 mm, 60 LEDs, 12 VDC, 5.7 W	30	insumos/tira_3.webp	28000	12	0	1	f
44	LED STRIP LIGHT, WHITE, 45W, 24V, 5M ROHS COMPLIANT: YES	2	insumos/tira_4.webp	32500	12	0	1	f
45	LED, Blanco Frío, CRI 80, 137W, 12000lm, 2.4A, 115°, 36V, 5000K, SMD-2, Redondo, Aplanado	31	insumos/led_cob_1.webp	24999	13	0	1	f
46	LED, Blanco Cálido, CRI 92, 40W, 2100lm, 550mA, 115°, 35V, 2700K, SMD-2, Redondo, Aplanado	31	insumos/led_cob_2.webp	35000	13	0	1	f
47	LED, Blanco Cálido, CRI 80, 9.5W, 440lm, 400mA, 115°, 8.6V, 3000K, SMD-2, Redondo, Aplanado	31	insumos/led_cob_3.webp	32000	13	0	1	f
48	LED, Blanco Cálido, Capacidad 80 CRI, 10.9 W, 355lm, 400mA, 115°, 3000 K, SMD-2, Redondo Punta Plana	31	insumos/led_cob_4.webp	30000	13	0	1	f
49	LED de Alto Brillo, Serie 521, Rojo, Verde, 60 °, R 660nm, G 565nm	32	insumos/lab_1.webp	31000	14	0	1	f
50	High Brightness LED, XLamp ML-E Series, 535 nm, Green, 30.6 lm, 150 mA RoHS Compliant: Yes	31	insumos/lab_2.webp	30000	14	0	1	f
51	LED de Alto Brillo, OSLON Compact PL Series, Blanco, 120 °, 1880 lm, 1.5 A	2	insumos/lab_3.webp	29000	14	0	1	f
52	LED de Alto Brillo, XLamp XP-G3 Series, Azul, 451 nm, 130 &#176;, 2 A	31	insumos/lab_4.webp	28000	14	0	1	f
53	DIMMER MODULE, 230VAC, 6A ROHS COMPLIANT: YES	2	insumos/cci_1.webp	22998	15	0	1	f
54	TRANSCEIVER MOD, DALI DT8, 230VAC, 1-CH ROHS COMPLIANT: YES	2	insumos/cci_2.webp	26999	15	0	1	f
55	CONTROL UNIT, DALI, 240VAC, 3W ROHS COMPLIANT: YES	2	insumos/cci_3.webp	33000	15	0	1	f
56	LIGHT MANAGEMENT SYSTEM, DALI-2, 230V ROHS COMPLIANT: YES	2	insumos/cci_4.webp	32600	15	0	1	f
57	Adaptador de LED, Chip-Lok®, 50mm, 90°C (194°F), M3, Blanco, Para Uso con CREE	11	insumos/sop_1.webp	34000	16	0	1	f
58	Adaptador de LED, Chip-Lok®, Para Lena, 53.3mm, 90°C (194°F), Lengüeta Separada, Blanco	11	insumos/sop_2.webp	30000	16	0	1	f
59	Porta LED, LUMAWISE, 3A, 250V, Dorado, Para Uso con LEDs Cree CXA 25XX	12	insumos/sop_3.webp	30000	16	0	1	f
60	Adaptador de LED, Chip-Lok, Reflector en Ángulo, 47.38mm, 90°C (194°F), Lengüeta Separada, Blanco	11	insumos/sop_4.webp	30000	16	0	1	f
65	Módulo LED, OSCONIQ S 5050 Series, Board + LED, Horti Blanco, 253 lm	2	insumos/clone_8_2_fYwy41J.webp	99	21	14523	2	f
66	uva blanca	18	insumos/uva-blanca.webp	10	22	0	2	f
67	Porta LED 2213254-1	12	insumos/porta_2.jpg	0	23	0	5	f
68	LED, Blanco Frío, CRI 80, 137W, 12000lm, 2.4A, 115°, 36V, 5000K, SMD-2, Redondo, Aplanado	31	insumos/led_cob_1.webp	0	24	0	2	f
69	LED, Blanco Frío, CRI 80, 137W, 12000lm, 2.4A, 115°, 36V, 5000K, SMD-2, Redondo, Aplanado	31	insumos/led_cob_1.webp	0	25	0	5	f
71	Driver LED, Corriente Constante, Entrada:3-5.5V, 16 Salidas, 30 MHz, Salida:20V/100 mA, SOIC-24	13	insumos/cls_driver_1.webp	7	27	0	2	f
72	Conector de Luz, Tierra Anterior, Posición Central, Serie LUMI-NUTS, 3 Contactos	25	insumos/cone_1.png	1000	28	0	2	f
73	Accesorio de Caja, Conector, Luces de Carcasa LED Stego 100-240Vca, Blanco	22	insumos/cone_2.jpg	2	28	0	2	f
\.


--
-- Data for Name: App_LUMINOVA_itemordenventa; Type: TABLE DATA; Schema: public; Owner: luminova_user
--

COPY public."App_LUMINOVA_itemordenventa" (id, cantidad, precio_unitario_venta, subtotal, orden_venta_id, producto_terminado_id) FROM stdin;
\.


--
-- Data for Name: App_LUMINOVA_loteproductoterminado; Type: TABLE DATA; Schema: public; Owner: luminova_user
--

COPY public."App_LUMINOVA_loteproductoterminado" (id, cantidad, fecha_creacion, enviado, op_asociada_id, producto_id, deposito_id) FROM stdin;
\.


--
-- Data for Name: App_LUMINOVA_movimientostock; Type: TABLE DATA; Schema: public; Owner: luminova_user
--

COPY public."App_LUMINOVA_movimientostock" (id, cantidad, tipo, fecha, motivo, deposito_destino_id, deposito_origen_id, insumo_id, producto_id, usuario_id) FROM stdin;
\.


--
-- Data for Name: App_LUMINOVA_notificacionsistema; Type: TABLE DATA; Schema: public; Owner: luminova_user
--

COPY public."App_LUMINOVA_notificacionsistema" (id, tipo, titulo, mensaje, destinatario_grupo, prioridad, datos_contexto, leida, atendida, fecha_creacion, fecha_lectura, fecha_atencion, fecha_expiracion, remitente_id) FROM stdin;
18	stock_bajo	Stock crítico: Porta LED 2213254-1	El insumo 'Porta LED 2213254-1' en el depósito 'Depósito Central Luminova' tiene stock crítico (5000 unidades). Se recomienda generar una orden de compra.	compras	alta	{"insumo_id": 11, "deposito_id": 1, "stock_actual": 5000, "umbral_critico": 15000, "accion_sugerida": "crear_oc", "deposito_nombre": "Depósito Central Luminova", "insumo_descripcion": "Porta LED 2213254-1"}	f	f	2025-08-02 10:02:46.018-03	\N	\N	\N	1
\.


--
-- Data for Name: App_LUMINOVA_ofertaproveedor; Type: TABLE DATA; Schema: public; Owner: luminova_user
--

COPY public."App_LUMINOVA_ofertaproveedor" (id, precio_unitario_compra, tiempo_entrega_estimado_dias, fecha_actualizacion_precio, insumo_id, proveedor_id) FROM stdin;
\.


--
-- Data for Name: App_LUMINOVA_orden; Type: TABLE DATA; Schema: public; Owner: luminova_user
--

COPY public."App_LUMINOVA_orden" (id, numero_orden, tipo, fecha_creacion, estado, cantidad_principal, precio_unitario_compra, total_orden_compra, fecha_estimada_entrega, numero_tracking, notas, insumo_principal_id, proveedor_id, deposito_id) FROM stdin;
\.


--
-- Data for Name: App_LUMINOVA_ordenproduccion; Type: TABLE DATA; Schema: public; Owner: luminova_user
--

COPY public."App_LUMINOVA_ordenproduccion" (id, numero_op, cantidad_a_producir, fecha_solicitud, fecha_inicio_planificada, fecha_fin_planificada, notas, estado_op_id, orden_venta_origen_id, producto_a_producir_id, sector_asignado_op_id, fecha_fin_real, fecha_inicio_real, tipo_orden) FROM stdin;
22	OP-00001	6	2025-05-29 17:59:20.902-03	\N	\N	\N	6	21	1	\N	\N	\N	MTO
23	OP-00002	3	2025-05-29 17:59:20.903-03	\N	\N	\N	6	21	1	\N	\N	\N	MTO
24	OP-00003	2	2025-05-29 18:02:26.094-03	2025-05-29	2025-05-30		5	22	1	1	2025-05-31 22:24:52.59-03	2025-05-29 18:11:40.282-03	MTO
25	OP-00004	1	2025-05-29 18:59:04.702-03	2025-05-29	2025-05-29	bla	5	23	1	1	2025-05-29 19:05:46.202-03	2025-05-29 18:59:25.216-03	MTO
26	OP-00005	1	2025-05-29 19:06:31.754-03	2025-05-29	2025-05-29	Me falta algo	5	24	1	1	2025-05-29 19:10:14.786-03	2025-05-29 19:06:49.201-03	MTO
27	OP-00006	1	2025-05-29 20:21:47.462-03	2025-05-29	2025-05-30		5	25	1	1	2025-05-31 18:18:29.755-03	2025-05-29 20:22:39.635-03	MTO
28	OP-00007	1	2025-05-30 21:20:50.155-03	2025-05-31	2025-05-31	Prueba de  Insumos Solicitados -> Prod Iniciada -> Prod Pausada - > Prod Reiniciada -> Completada	5	27	1	2	2025-05-31 18:07:49.372-03	2025-05-31 18:01:42.373-03	MTO
29	OP-00008	1	2025-05-30 21:21:16.716-03	2025-05-30	2025-05-30	bla	5	28	1	1	2025-05-30 21:23:16.991-03	2025-05-30 21:22:02.193-03	MTO
30	OP-00009	1	2025-05-30 21:59:08.794-03	2025-05-30	2025-05-30	bla	5	29	1	1	2025-05-30 22:01:07.399-03	2025-05-30 21:59:22.945-03	MTO
31	OP-00010	1	2025-05-31 21:26:42.365-03	2025-05-31	2025-05-31	Prod Iniciada > Pausada > Reportar > Reiniciar	5	30	1	1	2025-05-31 21:32:35.848-03	2025-05-31 21:28:10.568-03	MTO
32	OP-00011	1	2025-05-31 23:15:53.966-03	2025-05-31	2025-05-31	Pausada > Reporte > Producción Iniciada	6	31	1	1	\N	2025-05-31 23:17:42.216-03	MTO
33	OP-00012	1	2025-05-31 23:41:36.058-03	2025-05-31	2025-05-31		5	32	1	2	2025-05-31 23:52:27.577-03	2025-05-31 23:41:52.265-03	MTO
34	OP-00013	1	2025-05-31 23:50:12.576-03	2025-05-31	2025-05-31	Pausada > reporte> iniciada	5	33	1	1	2025-05-31 23:53:06.913-03	2025-05-31 23:50:29.597-03	MTO
35	OP-00014	1	2025-05-31 23:54:17.195-03	2025-05-31	2025-05-31		5	34	1	2	2025-05-31 23:55:00.03-03	2025-05-31 23:54:34.364-03	MTO
36	OP-00015	1	2025-06-01 09:29:42.002-03	2025-06-02	2025-06-02		5	35	1	1	2025-06-02 13:43:24.702-03	2025-06-01 09:29:59.158-03	MTO
37	OP-00016	1	2025-06-02 13:40:21.587-03	2025-06-02	2025-06-02		5	36	1	1	2025-06-02 13:41:32.089-03	2025-06-02 13:40:39.306-03	MTO
38	OP-00017	1	2025-06-02 20:50:34.195-03	2025-06-02	2025-06-02		5	37	1	1	2025-06-02 20:54:39.195-03	2025-06-02 20:51:15.558-03	MTO
39	OP-00018	1	2025-06-14 17:47:45.12-03	2025-06-15	2025-06-15		6	\N	1	1	\N	2025-06-14 18:37:13.146-03	MTO
40	OP-00019	1	2025-06-14 18:19:07.856-03	2025-06-15	2025-06-15		5	39	1	1	2025-06-15 09:52:21.101-03	2025-06-14 18:37:46.538-03	MTO
41	OP-00020	1	2025-06-15 10:52:01.497-03	2025-06-15	2025-06-15		5	40	1	2	2025-06-15 10:52:55.238-03	2025-06-15 10:52:23.711-03	MTO
42	OP-00021	1000	2025-06-15 11:14:53.015-03	\N	\N		5	41	1	\N	2025-06-15 11:15:15.159-03	2025-06-15 11:15:01.893-03	MTO
43	OP-00022	1	2025-06-15 11:17:10.989-03	2025-06-15	2025-06-15		5	42	1	1	2025-06-15 11:18:20.881-03	2025-06-15 11:17:22.183-03	MTO
44	OP-00023	10	2025-06-15 11:28:45.213-03	2025-06-15	2025-06-15		5	43	1	2	2025-06-15 11:43:31.829-03	2025-06-15 11:29:01.171-03	MTO
45	OP-00024	1	2025-06-15 11:43:51.125-03	2025-06-15	2025-06-15		5	44	1	1	2025-06-15 11:44:31.79-03	2025-06-15 11:44:12.675-03	MTO
46	OP-00025	100	2025-06-15 11:50:05.839-03	2025-06-15	2025-06-15		5	45	1	2	2025-06-15 11:50:40.684-03	2025-06-15 11:50:18.012-03	MTO
69	OP-00026	11	2025-06-15 18:03:30.953-03	2025-06-15	2025-06-15		5	46	1	1	2025-06-16 05:59:09.378-03	2025-06-15 20:30:21.191-03	MTO
70	OP-00027	100	2025-06-15 18:03:30.956-03	2025-06-15	2025-06-15		5	46	1	2	2025-06-16 06:00:18.74-03	2025-06-16 05:59:42.787-03	MTO
72	OP-00028	100	2025-06-15 20:59:35.043-03	2025-06-16	2025-06-16		5	47	1	1	2025-06-16 06:09:18.6-03	2025-06-16 06:09:06.671-03	MTO
73	OP-00029	1	2025-06-16 06:12:19.202-03	2025-06-16	2025-06-16		5	48	1	2	2025-06-16 06:22:38.903-03	2025-06-16 06:22:23.886-03	MTO
74	OP-00030	1	2025-06-16 06:21:52.717-03	2025-06-16	2025-06-16		5	49	1	1	2025-06-16 07:45:49.035-03	2025-06-16 07:17:40.578-03	MTO
75	OP-00031	1	2025-06-16 08:37:09.262-03	2025-06-16	2025-06-16		5	50	1	2	2025-06-16 08:40:27.634-03	2025-06-16 08:38:11.192-03	MTO
76	OP-00032	1	2025-06-16 09:46:13.106-03	2025-06-16	2025-06-16		6	51	1	1	\N	2025-06-16 09:46:44.091-03	MTO
77	OP-00033	1	2025-06-16 09:48:32.81-03	2025-06-16	2025-06-16		5	52	1	1	2025-06-17 09:47:52.62-03	2025-06-17 09:45:08.331-03	MTO
78	OP-00034	3	2025-06-18 17:49:00.541-03	2025-06-18	2025-06-26		5	53	2	1	2025-06-18 18:09:48.603-03	2025-06-18 17:59:40.917-03	MTO
79	OP-00035	5	2025-06-18 17:49:00.543-03	2025-06-18	2025-06-19		5	53	1	2	2025-06-18 18:13:22.662-03	2025-06-18 18:12:11.221-03	MTO
80	OP-00036	2	2025-06-18 18:34:35.754-03	2025-06-18	2025-06-21		5	54	1	1	2025-06-18 18:39:29.302-03	2025-06-18 18:38:43.486-03	MTO
81	OP-00037	3	2025-06-18 18:44:08.711-03	\N	\N		5	55	1	1	2025-06-18 18:44:32.208-03	2025-06-18 18:44:24.225-03	MTO
82	OP-00038	1	2025-06-18 19:46:34.819-03	2025-06-18	2025-06-18		5	56	2	2	2025-06-19 21:27:21.455-03	2025-06-19 21:22:34.391-03	MTO
83	OP-00039	1	2025-06-18 20:18:35.236-03	2025-06-18	2025-06-18		5	57	2	1	2025-06-23 21:32:38.133-03	2025-06-23 21:32:28.706-03	MTO
84	OP-00040	3	2025-06-19 21:31:42.47-03	2025-06-19	2025-06-20	bla3	5	58	2	1	2025-06-23 21:31:54.448-03	2025-06-19 21:33:51.013-03	MTO
85	OP-00041	5	2025-06-19 21:36:13.804-03	2025-06-23	2025-06-24		5	59	1	1	2025-06-23 21:32:48.884-03	2025-06-23 21:32:30.365-03	MTO
86	OP-00042	3	2025-06-19 21:36:40.113-03	2025-06-19	2025-06-20		5	60	1	1	2025-06-23 21:30:44.363-03	2025-06-19 21:37:22.58-03	MTO
87	OP-00043	1	2025-06-19 21:37:34.178-03	2025-06-19	2025-06-21		5	61	2	2	2025-06-20 19:26:27.262-03	2025-06-20 07:34:49.115-03	MTO
88	OP-00044	5	2025-06-19 21:38:26.978-03	2025-06-19	2025-06-23		5	62	2	1	2025-06-23 21:31:19.375-03	2025-06-19 21:38:57.038-03	MTO
89	OP-00045	3	2025-06-20 14:48:14.283-03	2025-06-20	2025-06-21		5	63	2	1	2025-06-20 14:51:22.819-03	2025-06-20 14:49:45.223-03	MTO
90	OP-00046	2	2025-06-20 14:48:14.284-03	2025-06-20	2025-06-22		5	63	1	2	2025-06-20 14:52:38.408-03	2025-06-20 14:51:58.724-03	MTO
91	OP-00047	4	2025-06-20 15:38:29.844-03	2025-06-20	2025-06-21		5	64	1	1	2025-06-20 15:44:02.925-03	2025-06-20 15:41:06.832-03	MTO
92	OP-00048	3	2025-06-20 15:38:29.845-03	2025-06-20	2025-06-21		5	64	2	2	2025-06-20 15:46:09.481-03	2025-06-20 15:45:41.189-03	MTO
93	OP-00049	3	2025-06-20 19:15:12.078-03	2025-06-20	2025-06-21		5	65	1	1	2025-06-20 19:24:32.27-03	2025-06-20 19:24:14.229-03	MTO
94	OP-00050	3	2025-06-23 21:05:05.257-03	2025-06-23	2025-06-24		5	66	2	1	2025-06-23 21:10:13.153-03	2025-06-23 21:07:11.419-03	MTO
95	OP-00051	1	2025-06-23 21:52:04.372-03	2025-06-23	2025-06-24		5	67	2	1	2025-06-23 21:52:50.164-03	2025-06-23 21:52:34.132-03	MTO
96	OP-00052	2	2025-06-25 12:32:23.573-03	2025-06-25	2025-06-26		5	68	4	1	2025-06-25 12:35:59.838-03	2025-06-25 12:34:02.03-03	MTO
97	OP-00053	3	2025-06-25 12:32:23.574-03	2025-06-25	2025-06-26		5	68	5	3	2025-06-25 12:35:21.854-03	2025-06-25 12:34:04.528-03	MTO
98	OP-00054	1	2025-06-25 12:39:18.602-03	2025-06-25	2025-06-26		5	69	5	3	2025-06-25 12:40:24.459-03	2025-06-25 12:39:53.618-03	MTO
99	OP-00055	2	2025-06-27 12:59:19.141-03	2025-06-27	2025-06-27		5	70	4	4	2025-06-27 13:01:16.297-03	2025-06-27 13:00:42.111-03	MTO
100	OP-00056	1	2025-06-27 14:23:35.782-03	2025-06-27	2025-06-27		5	71	2	1	2025-06-27 14:25:53.272-03	2025-06-27 14:24:58.999-03	MTO
101	OP-00057	1	2025-06-27 14:23:35.783-03	2025-06-27	2025-06-27		5	71	3	4	2025-06-27 14:29:25.975-03	2025-06-27 14:28:09.858-03	MTO
103	OP-00058	1	2025-07-04 17:20:26.928-03	2025-07-04	2025-07-04		5	72	1	1	2025-07-04 17:23:39.428-03	2025-07-04 17:21:48.655-03	MTO
104	OP-00059	1	2025-07-04 17:26:58.469-03	2025-07-04	2025-07-04		5	73	4	3	2025-07-04 17:31:49.893-03	2025-07-04 17:30:49.269-03	MTO
105	OP-00105	1	2025-07-04 19:27:45.033-03	2025-08-03	2025-08-03		5	74	5	1	2025-08-03 17:17:48.525-03	2025-08-03 16:34:40.568-03	MTO
106	OP-00106	1	2025-08-03 11:51:09.292-03	2025-08-03	2025-08-03		5	75	9	2	2025-08-03 17:51:34.116-03	2025-08-03 17:51:24.026-03	MTO
108	OP-00107	1	2025-08-03 16:28:11.915-03	2025-08-03	2025-08-03		5	76	2	4	2025-08-03 17:36:51.973-03	2025-08-03 17:34:53.826-03	MTO
109	OP-00108	1	2025-08-03 16:33:16.469-03	2025-08-03	2025-08-03		5	77	2	2	2025-08-03 17:39:47.824-03	\N	MTO
110	OP-00109	1	2025-08-03 16:33:16.469-03	2025-08-03	2025-08-03		5	77	1	2	2025-08-03 17:47:57.296-03	2025-08-03 17:47:45.025-03	MTO
111	OP-00110	1	2025-08-03 17:54:35.93-03	2025-08-03	2025-08-03		5	78	7	2	2025-08-03 17:55:43.407-03	2025-08-03 17:55:26.237-03	MTO
113	OP-00112	1	2025-08-03 18:03:01.694-03	2025-08-03	2025-08-03		9	79	2	2	\N	\N	MTO
114	OP-00113	1	2025-08-07 15:00:48.459-03	2025-08-07	2025-08-07		3	80	9	2	\N	\N	MTO
115	OP-00114	1	2025-08-07 21:57:39.698-03	2025-08-07	2025-08-07		5	81	2	1	2025-08-07 21:58:55.779-03	2025-08-07 21:58:37.311-03	MTO
116	OP-00115	1	2025-08-09 08:52:05.137-03	2025-08-09	2025-08-09		5	82	5	4	2025-08-09 08:54:38.665-03	2025-08-09 08:53:08.565-03	MTO
117	OP-00116	1	2025-08-11 11:42:35.468-03	2025-08-11	2025-08-11		9	83	9	1	\N	\N	MTO
118	OP-00117	1	2025-08-13 13:00:30.724-03	2025-08-13	2025-08-13		5	84	6	2	2025-08-13 13:01:09.487-03	2025-08-13 13:00:50.599-03	MTO
119	OP-00119	4	2025-08-13 18:30:06.934-03	2025-08-13	2025-08-13		12	\N	2	1	\N	\N	MTS
112	OP-00111	1	2025-08-03 17:54:35.93-03	2025-08-03	2025-08-03		9	78	1	3	\N	\N	MTO
\.


--
-- Data for Name: App_LUMINOVA_ordenventa; Type: TABLE DATA; Schema: public; Owner: luminova_user
--

COPY public."App_LUMINOVA_ordenventa" (id, numero_ov, fecha_creacion, estado, total_ov, notas, cliente_id) FROM stdin;
21	OV-0001	2025-05-29 17:59:20.896-03	CANCELADA	0.18		1
22	OV-0002	2025-05-29 18:02:26.089-03	COMPLETADA	0.04		1
23	OV-0003	2025-05-29 18:59:04.692-03	COMPLETADA	0.02		1
24	OV-0004	2025-05-29 19:06:31.744-03	COMPLETADA	0.02		1
25	OV-0005	2025-05-29 20:21:47.455-03	COMPLETADA	0.02	forro	1
26	OV-0006	2025-05-30 21:00:38.914-03	CANCELADA	0.02		1
27	OV-0007	2025-05-30 21:20:50.142-03	COMPLETADA	0.02		1
28	OV-0008	2025-05-30 21:21:16.707-03	COMPLETADA	0.02	bla bla bla 3	1
29	OV-0009	2025-05-30 21:59:08.788-03	COMPLETADA	0.02		1
30	OV-0010	2025-05-31 21:26:42.352-03	COMPLETADA	0.02	Prueba 1	1
31	OV-0011	2025-05-31 23:15:53.954-03	CANCELADA	0.02	Prueba 1	1
32	OV-0012	2025-05-31 23:41:36.047-03	COMPLETADA	0.02	Prueba 2	1
33	OV-0013	2025-05-31 23:50:12.57-03	COMPLETADA	0.02	Prueba 3	1
34	OV-0014	2025-05-31 23:54:17.187-03	COMPLETADA	0.02	PRUEBA 4	1
35	OV-0015	2025-06-01 09:29:41.997-03	COMPLETADA	0.02		1
36	OV-0016	2025-06-02 13:40:21.58-03	COMPLETADA	0.02	Prueba 1000	1
37	OV-0017	2025-06-02 20:50:34.178-03	COMPLETADA	0.02		1
39	OV-0018	2025-06-14 18:19:07.844-03	COMPLETADA	0.02	Prueba de Edición de OV	1
40	OV-0019	2025-06-15 10:52:01.491-03	COMPLETADA	0.02		1
41	OV-0020	2025-06-15 11:14:53.011-03	COMPLETADA	20.00		1
42	OV-0021	2025-06-15 11:17:10.982-03	COMPLETADA	0.02		1
43	OV-0022	2025-06-15 11:28:45.208-03	COMPLETADA	0.20		1
44	OV-0023	2025-06-15 11:43:51.119-03	COMPLETADA	0.02		1
45	OV-0024	2025-06-15 11:50:05.834-03	COMPLETADA	2.00		1
46	OV-0025	2025-06-15 12:44:58.632-03	COMPLETADA	2.22		1
47	OV-0026	2025-06-15 20:35:05.264-03	COMPLETADA	2.00		1
48	OV-0027	2025-06-16 06:12:19.196-03	COMPLETADA	0.02		1
49	OV-0028	2025-06-16 06:21:52.71-03	COMPLETADA	0.02		1
50	OV-0029	2025-06-16 08:37:09.256-03	COMPLETADA	0.02	Urgente	1
51	OV-0030	2025-06-16 09:46:13.098-03	CANCELADA	0.02		1
52	OV-0031	2025-06-16 09:48:32.805-03	COMPLETADA	0.02		1
53	OV-0032	2025-06-18 17:49:00.531-03	COMPLETADA	90.10		2
54	OV-0033	2025-06-18 18:34:35.748-03	COMPLETADA	0.04		2
55	OV-0034	2025-06-18 18:44:08.706-03	COMPLETADA	0.06		2
56	OV-0035	2025-06-18 19:46:34.811-03	COMPLETADA	30.00		2
57	OV-0036	2025-06-18 20:18:35.229-03	COMPLETADA	30.00		1
58	OV-0037	2025-06-19 21:31:42.464-03	COMPLETADA	90.00	bla	2
59	OV-0038	2025-06-19 21:36:13.799-03	COMPLETADA	0.10		1
60	OV-0039	2025-06-19 21:36:40.108-03	COMPLETADA	0.06		2
61	OV-0040	2025-06-19 21:37:34.173-03	COMPLETADA	30.00		2
62	OV-0041	2025-06-19 21:38:26.973-03	COMPLETADA	150.00		1
63	OV-0042	2025-06-20 14:48:14.276-03	COMPLETADA	90.04	bla	2
64	OV-0043	2025-06-20 15:38:29.837-03	COMPLETADA	90.08		1
65	OV-0044	2025-06-20 19:15:12.073-03	COMPLETADA	0.06		2
66	OV-0045	2025-06-23 21:05:05.248-03	COMPLETADA	90.00		1
67	OV-0046	2025-06-23 21:52:04.366-03	COMPLETADA	30.00		2
68	OV-0047	2025-06-25 12:32:23.567-03	COMPLETADA	2430.00		3
69	OV-0048	2025-06-25 12:39:18.597-03	COMPLETADA	530.00		3
70	OV-0049	2025-06-27 12:59:19.133-03	COMPLETADA	840.00		2
71	OV-0050	2025-06-27 14:23:35.776-03	COMPLETADA	550.00		2
72	OV-0051	2025-07-04 17:20:07.631-03	COMPLETADA	0.02	Urgente	2
73	OV-0052	2025-07-04 17:26:58.459-03	COMPLETADA	420.00		2
74	OV-00074	2025-07-04 19:27:45.019-03	COMPLETADA	530.00		2
75	OV-00075	2025-08-03 11:51:09.284-03	COMPLETADA	12340.00		2
76	OV-00076	2025-08-03 16:28:03.939-03	COMPLETADA	30.00		2
77	OV-00077	2025-08-03 16:33:16.456-03	COMPLETADA	30.02		3
78	OV-00078	2025-08-03 17:54:35.916-03	COMPLETADA	1000.02		1
79	OV-00079	2025-08-03 18:03:01.688-03	INSUMOS_SOLICITADOS	30.00		1
80	OV-00080	2025-08-07 15:00:48.452-03	PRODUCCION_INICIADA	12340.00		1
81	OV-00081	2025-08-07 21:57:39.682-03	COMPLETADA	30.00		1
82	OV-00082	2025-08-09 08:52:05.119-03	COMPLETADA	530.00		1
83	OV-00083	2025-08-11 11:42:35.453-03	INSUMOS_SOLICITADOS	12340.00		1
84	OV-00084	2025-08-13 13:00:30.714-03	COMPLETADA	700.00		2
\.


--
-- Data for Name: App_LUMINOVA_passwordchangerequired; Type: TABLE DATA; Schema: public; Owner: luminova_user
--

COPY public."App_LUMINOVA_passwordchangerequired" (id, created_at, user_id) FROM stdin;
\.


--
-- Data for Name: App_LUMINOVA_productoterminado; Type: TABLE DATA; Schema: public; Owner: luminova_user
--

COPY public."App_LUMINOVA_productoterminado" (id, descripcion, precio_unitario, stock, modelo, potencia, acabado, color_luz, material, imagen, categoria_id, deposito_id, produccion_habilitada, stock_minimo, stock_objetivo) FROM stdin;
1	Lámpara LED Estándar	0.02	2188	S5050	12	Blanco	Blanca	PVC	productos_terminados/lampara_estandard_Yu0DuQC.jpg	1	1	t	437	3282
2	Downlight LED empotrable	30.00	1	DL-DALI01	15	Blanco	1000 Luz Fria	PVC	productos_terminados/Downlight_Empotrable.webp	4	1	t	5	5
3	Iluminación decorativa con tiras LED para exterior	520.00	2	HG-560	12	Blanco	1000 Luz Fria	PVC	productos_terminados/Iluminación_decorativa_con_tiras_LED.jpg	10	1	t	5	5
4	Panel LED de techo Negro	420.00	4	FP-312	24	Negro Mate	1000 Luz Fria	Aluminio	productos_terminados/panel_led_de_techo.jpg	5	1	t	5	6
5	Luminaria lineal de barra Negro	530.00	29	DG-2109	12	Negro Mate	1000 Luz Fria	Aluminio	productos_terminados/luminaria_lineal_para_barra.jpg	6	1	t	5	43
9	Vino	12340.00	10	\N	\N	\N	\N	\N		11	\N	t	5	15
6	Luminaria de acento con control Negro	700.00	3	AO-1203	24	Negro Mate	3000K Cálida	PVC	productos_terminados/Luminaria_de_acento_con_control_DALI.jpg	7	1	t	5	5
7	Luminaria de alumbrado público Negro de LED Blanco	1000.00	7	FC-0921	21	Negro Mate	1000 Luz Fria	PVC	productos_terminados/Luminaria_de_calle_o_alumbrado_público.jpg	8	1	t	5	10
8	Lámpara de escritorio LED regulable	840.00	5	GC-0482	12	Negro Mate	1000 Luz Fria	Aluminio	productos_terminados/Lámpara_de_escritorio_LED_regulable.webp	9	1	t	5	7
10	Luminaria lineal de barra Negro	530.00	1	DG-2109	12	Negro Mate	1000 Luz Fria	Aluminio	productos_terminados/luminaria_lineal_para_barra.jpg	12	5	t	5	5
11	Downlight LED empotrable	30.00	1	DL-DALI01	15	Blanco	1000 Luz Fria	PVC	productos_terminados/Downlight_Empotrable.webp	13	2	t	0	0
\.


--
-- Data for Name: App_LUMINOVA_proveedor; Type: TABLE DATA; Schema: public; Owner: luminova_user
--

COPY public."App_LUMINOVA_proveedor" (id, nombre, contacto, telefono, email) FROM stdin;
\.


--
-- Data for Name: App_LUMINOVA_reportes; Type: TABLE DATA; Schema: public; Owner: luminova_user
--

COPY public."App_LUMINOVA_reportes" (id, n_reporte, fecha, tipo_problema, informe_reporte, orden_produccion_asociada_id, reportado_por_id, sector_reporta_id, fecha_resolucion, resuelto) FROM stdin;
\.


--
-- Data for Name: App_LUMINOVA_roldescripcion; Type: TABLE DATA; Schema: public; Owner: luminova_user
--

COPY public."App_LUMINOVA_roldescripcion" (id, descripcion, group_id) FROM stdin;
\.


--
-- Data for Name: App_LUMINOVA_sectorasignado; Type: TABLE DATA; Schema: public; Owner: luminova_user
--

COPY public."App_LUMINOVA_sectorasignado" (id, nombre) FROM stdin;
1	Grupo A
2	Grupo B
3	Grupo C
4	Grupo D
\.


--
-- Data for Name: App_LUMINOVA_stockinsumo; Type: TABLE DATA; Schema: public; Owner: luminova_user
--

COPY public."App_LUMINOVA_stockinsumo" (id, cantidad, deposito_id, insumo_id) FROM stdin;
1	34996	1	2
2	16992	1	3
3	14999	1	4
4	21269	1	5
5	28899	1	6
6	15500	1	8
7	14999	1	9
8	14000	1	10
9	25000	1	11
10	27000	1	12
11	35999	1	13
12	33999	1	14
13	32899	1	15
14	23000	1	16
15	22000	1	17
16	40000	1	18
17	31000	1	19
18	30000	1	20
19	29000	1	21
20	34000	1	22
21	31000	1	23
22	17000	1	24
23	24000	1	25
24	20000	1	26
25	24995	1	27
26	31999	1	28
27	2000	1	29
28	29999	1	30
29	29000	1	31
30	28000	1	32
31	27000	1	33
32	22000	1	34
33	16000	1	35
34	18000	1	36
35	14997	1	37
36	24500	1	38
37	24999	1	39
38	21100	1	40
39	25594	1	41
40	24700	1	42
41	28000	1	43
42	32500	1	44
43	24999	1	45
44	35000	1	46
45	32000	1	47
46	30000	1	48
47	31000	1	49
48	30000	1	50
49	29000	1	51
50	28000	1	52
51	22998	1	53
52	26999	1	54
53	33000	1	55
54	32600	1	56
55	34000	1	57
56	30000	1	58
57	30000	1	59
58	30000	1	60
59	99	2	65
60	10	2	66
61	0	5	67
62	0	2	68
63	0	5	69
64	70	2	70
65	7	2	71
66	1000	2	72
67	2	2	73
\.


--
-- Data for Name: App_LUMINOVA_stockproductoterminado; Type: TABLE DATA; Schema: public; Owner: luminova_user
--

COPY public."App_LUMINOVA_stockproductoterminado" (id, cantidad, deposito_id, producto_id) FROM stdin;
\.


--
-- Data for Name: App_LUMINOVA_usuariodeposito; Type: TABLE DATA; Schema: public; Owner: luminova_user
--

COPY public."App_LUMINOVA_usuariodeposito" (id, puede_transferir, puede_entradas, puede_salidas, fecha_asignacion, deposito_id, usuario_id) FROM stdin;
2	t	t	t	2025-08-03 10:48:07.745-03	1	11
11	t	t	t	2025-08-03 11:06:50.654-03	2	13
12	t	t	t	2025-08-03 11:06:50.655-03	5	13
\.


--
-- Data for Name: auth_group; Type: TABLE DATA; Schema: public; Owner: luminova_user
--

COPY public.auth_group (id, name) FROM stdin;
1	compras
2	ventas
3	Administrador
4	Producción
6	Depósito
7	produccion
8	control de calidad
9	depósito
10	administrador
\.


--
-- Data for Name: auth_group_permissions; Type: TABLE DATA; Schema: public; Owner: luminova_user
--

COPY public.auth_group_permissions (id, group_id, permission_id) FROM stdin;
\.


--
-- Data for Name: auth_permission; Type: TABLE DATA; Schema: public; Owner: luminova_user
--

COPY public.auth_permission (id, name, content_type_id, codename) FROM stdin;
1	Can add log entry	1	add_logentry
48	Can view sector asignado	12	view_sectorasignado
49	Can add auditoria acceso	13	add_auditoriaacceso
50	Can change auditoria acceso	13	change_auditoriaacceso
51	Can delete auditoria acceso	13	delete_auditoriaacceso
52	Can view auditoria acceso	13	view_auditoriaacceso
53	Can add insumo	14	add_insumo
54	Can change insumo	14	change_insumo
64	Can view factura	16	view_factura
65	Can add producto terminado	17	add_productoterminado
66	Can change producto terminado	17	change_productoterminado
67	Can delete producto terminado	17	delete_productoterminado
68	Can view producto terminado	17	view_productoterminado
69	Can add orden produccion	18	add_ordenproduccion
89	Can add orden	23	add_orden
2	Can change log entry	1	change_logentry
3	Can delete log entry	1	delete_logentry
4	Can view log entry	1	view_logentry
5	Can add permission	2	add_permission
6	Can change permission	2	change_permission
7	Can delete permission	2	delete_permission
8	Can view permission	2	view_permission
9	Can add group	3	add_group
10	Can change group	3	change_group
11	Can delete group	3	delete_group
12	Can view group	3	view_group
13	Can add user	4	add_user
14	Can change user	4	change_user
15	Can delete user	4	delete_user
16	Can view user	4	view_user
17	Can add content type	5	add_contenttype
18	Can change content type	5	change_contenttype
19	Can delete content type	5	delete_contenttype
20	Can view content type	5	view_contenttype
21	Can add session	6	add_session
22	Can change session	6	change_session
23	Can delete session	6	delete_session
24	Can view session	6	view_session
25	Can add Categoría de Insumo	7	add_categoriainsumo
26	Can change Categoría de Insumo	7	change_categoriainsumo
27	Can delete Categoría de Insumo	7	delete_categoriainsumo
28	Can view Categoría de Insumo	7	view_categoriainsumo
29	Can add Categoría de Producto Terminado	8	add_categoriaproductoterminado
30	Can change Categoría de Producto Terminado	8	change_categoriaproductoterminado
31	Can delete Categoría de Producto Terminado	8	delete_categoriaproductoterminado
32	Can view Categoría de Producto Terminado	8	view_categoriaproductoterminado
33	Can add cliente	9	add_cliente
34	Can change cliente	9	change_cliente
35	Can delete cliente	9	delete_cliente
36	Can view cliente	9	view_cliente
37	Can add estado orden	10	add_estadoorden
38	Can change estado orden	10	change_estadoorden
39	Can delete estado orden	10	delete_estadoorden
40	Can view estado orden	10	view_estadoorden
41	Can add proveedor	11	add_proveedor
42	Can change proveedor	11	change_proveedor
43	Can delete proveedor	11	delete_proveedor
44	Can view proveedor	11	view_proveedor
45	Can add sector asignado	12	add_sectorasignado
46	Can change sector asignado	12	change_sectorasignado
47	Can delete sector asignado	12	delete_sectorasignado
76	Can view item orden venta	19	view_itemordenventa
77	Can add reportes	20	add_reportes
78	Can change reportes	20	change_reportes
79	Can delete reportes	20	delete_reportes
80	Can view reportes	20	view_reportes
55	Can delete insumo	14	delete_insumo
56	Can view insumo	14	view_insumo
57	Can add orden venta	15	add_ordenventa
58	Can change orden venta	15	change_ordenventa
59	Can delete orden venta	15	delete_ordenventa
60	Can view orden venta	15	view_ordenventa
61	Can add factura	16	add_factura
62	Can change factura	16	change_factura
63	Can delete factura	16	delete_factura
70	Can change orden produccion	18	change_ordenproduccion
71	Can delete orden produccion	18	delete_ordenproduccion
72	Can view orden produccion	18	view_ordenproduccion
73	Can add item orden venta	19	add_itemordenventa
74	Can change item orden venta	19	change_itemordenventa
75	Can delete item orden venta	19	delete_itemordenventa
81	Can add rol descripcion	21	add_roldescripcion
82	Can change rol descripcion	21	change_roldescripcion
83	Can delete rol descripcion	21	delete_roldescripcion
84	Can view rol descripcion	21	view_roldescripcion
85	Can add Componente de Producto (BOM)	22	add_componenteproducto
86	Can change Componente de Producto (BOM)	22	change_componenteproducto
87	Can delete Componente de Producto (BOM)	22	delete_componenteproducto
88	Can view Componente de Producto (BOM)	22	view_componenteproducto
90	Can change orden	23	change_orden
91	Can delete orden	23	delete_orden
92	Can view orden	23	view_orden
93	Can add fabricante	24	add_fabricante
94	Can change fabricante	24	change_fabricante
95	Can delete fabricante	24	delete_fabricante
96	Can view fabricante	24	view_fabricante
97	Can add Oferta de Proveedor por Insumo	25	add_ofertaproveedor
98	Can change Oferta de Proveedor por Insumo	25	change_ofertaproveedor
99	Can delete Oferta de Proveedor por Insumo	25	delete_ofertaproveedor
100	Can view Oferta de Proveedor por Insumo	25	view_ofertaproveedor
101	Can add lote producto terminado	26	add_loteproductoterminado
102	Can change lote producto terminado	26	change_loteproductoterminado
103	Can delete lote producto terminado	26	delete_loteproductoterminado
104	Can view lote producto terminado	26	view_loteproductoterminado
105	Can add Historial de Orden de Venta	27	add_historialov
106	Can change Historial de Orden de Venta	27	change_historialov
107	Can delete Historial de Orden de Venta	27	delete_historialov
108	Can view Historial de Orden de Venta	27	view_historialov
109	Can add password change required	28	add_passwordchangerequired
110	Can change password change required	28	change_passwordchangerequired
111	Can delete password change required	28	delete_passwordchangerequired
112	Can view password change required	28	view_passwordchangerequired
113	Can add deposito	29	add_deposito
114	Can change deposito	29	change_deposito
115	Can delete deposito	29	delete_deposito
116	Can view deposito	29	view_deposito
117	Can add stock producto terminado	30	add_stockproductoterminado
118	Can change stock producto terminado	30	change_stockproductoterminado
119	Can delete stock producto terminado	30	delete_stockproductoterminado
120	Can view stock producto terminado	30	view_stockproductoterminado
121	Can add stock insumo	31	add_stockinsumo
122	Can change stock insumo	31	change_stockinsumo
123	Can delete stock insumo	31	delete_stockinsumo
124	Can view stock insumo	31	view_stockinsumo
125	Can add movimiento stock	32	add_movimientostock
126	Can change movimiento stock	32	change_movimientostock
127	Can delete movimiento stock	32	delete_movimientostock
128	Can view movimiento stock	32	view_movimientostock
129	Can add Asignación Usuario-Depósito	33	add_usuariodeposito
130	Can change Asignación Usuario-Depósito	33	change_usuariodeposito
131	Can delete Asignación Usuario-Depósito	33	delete_usuariodeposito
132	Can view Asignación Usuario-Depósito	33	view_usuariodeposito
133	Can add Notificación del Sistema	34	add_notificacionsistema
134	Can change Notificación del Sistema	34	change_notificacionsistema
135	Can delete Notificación del Sistema	34	delete_notificacionsistema
136	Can view Notificación del Sistema	34	view_notificacionsistema
\.


--
-- Data for Name: auth_user; Type: TABLE DATA; Schema: public; Owner: luminova_user
--

COPY public.auth_user (id, password, last_login, is_superuser, username, first_name, last_name, email, is_staff, is_active, date_joined) FROM stdin;
1	pbkdf2_sha256$1000000$jcsyMpHR3KAPC5PXWKaNKf$+pujP/9HFOLyMrJyrv9gUksmdo0y3nAOX4vPIGGyIbA=	2025-10-02 09:32:45.029-03	t	admin			federicopaal@gmail.com	t	t	2025-05-24 08:10:53.626-03
8	pbkdf2_sha256$1000000$x3TxOE8EqyXQwWtnhyWkll$MC+QDGsqOxOx0TFxQ+gn8vHdik6HeR3HkdOW6F+d12o=	2025-08-03 10:34:43.46-03	f	aovejero			aovejero@luminova.com.ar	f	t	2025-06-17 22:26:43.734-03
9	pbkdf2_sha256$1000000$LbeN86dF1SDT7JwVNiInB2$18dEn2q00khoW0anAv5ZaH97SIW+T1Hpn8WiD4rDsJI=	2025-06-18 17:24:54.162-03	f	Test Ventas			ventas@gmail.com.ar	f	t	2025-06-18 17:24:22.402-03
11	pbkdf2_sha256$1000000$D8wkGMebI1Iy82TcYB1me8$/YgjKlzF55z0oKyO5B+mYNwzadZba6tgNHn3VjRqSKQ=	2025-08-09 09:08:06.983-03	f	fpaal			fpaal@luminova.com.ar	f	t	2025-08-01 11:20:19.23-03
13	pbkdf2_sha256$1000000$HybehQwbp6McgEhwepNobe$v6am8Vtj4ASy9FlP+/lGUbImdxsEYTnmmIERbsntF6w=	2025-08-08 00:09:13.374-03	f	fcaivano			fcaivano@luminova.com	f	t	2025-08-03 11:06:50.304-03
14	pbkdf2_sha256$1000000$FsxbiAvIstCZnir3IMhvqV$bP9+VTjpvd3PEAoMWUrQdNR6eGKd0d+UVTArnRmAksI=	2025-10-02 09:49:06.981797-03	t	luminova-admin			dgimenez.developer@gmail.com	t	t	2025-10-02 09:48:29.059372-03
\.


--
-- Data for Name: auth_user_groups; Type: TABLE DATA; Schema: public; Owner: luminova_user
--

COPY public.auth_user_groups (id, user_id, group_id) FROM stdin;
1	8	1
2	9	2
3	11	6
4	13	6
\.


--
-- Data for Name: auth_user_user_permissions; Type: TABLE DATA; Schema: public; Owner: luminova_user
--

COPY public.auth_user_user_permissions (id, user_id, permission_id) FROM stdin;
\.


--
-- Data for Name: django_admin_log; Type: TABLE DATA; Schema: public; Owner: luminova_user
--

COPY public.django_admin_log (id, action_time, object_id, object_repr, action_flag, change_message, content_type_id, user_id) FROM stdin;
\.


--
-- Data for Name: django_content_type; Type: TABLE DATA; Schema: public; Owner: luminova_user
--

COPY public.django_content_type (id, app_label, model) FROM stdin;
1	admin	logentry
2	auth	permission
3	auth	group
4	auth	user
5	contenttypes	contenttype
6	sessions	session
7	App_LUMINOVA	categoriainsumo
8	App_LUMINOVA	categoriaproductoterminado
9	App_LUMINOVA	cliente
10	App_LUMINOVA	estadoorden
11	App_LUMINOVA	proveedor
12	App_LUMINOVA	sectorasignado
13	App_LUMINOVA	auditoriaacceso
14	App_LUMINOVA	insumo
15	App_LUMINOVA	ordenventa
16	App_LUMINOVA	factura
17	App_LUMINOVA	productoterminado
18	App_LUMINOVA	ordenproduccion
19	App_LUMINOVA	itemordenventa
20	App_LUMINOVA	reportes
21	App_LUMINOVA	roldescripcion
22	App_LUMINOVA	componenteproducto
23	App_LUMINOVA	orden
24	App_LUMINOVA	fabricante
25	App_LUMINOVA	ofertaproveedor
26	App_LUMINOVA	loteproductoterminado
27	App_LUMINOVA	historialov
28	App_LUMINOVA	passwordchangerequired
29	App_LUMINOVA	deposito
30	App_LUMINOVA	movimientostock
31	App_LUMINOVA	stockinsumo
32	App_LUMINOVA	stockproductoterminado
33	App_LUMINOVA	usuariodeposito
34	App_LUMINOVA	notificacionsistema
\.


--
-- Data for Name: django_migrations; Type: TABLE DATA; Schema: public; Owner: luminova_user
--

COPY public.django_migrations (id, app, name, applied) FROM stdin;
1	contenttypes	0001_initial	2025-10-02 09:16:04.353524-03
2	auth	0001_initial	2025-10-02 09:16:04.395548-03
3	contenttypes	0002_remove_content_type_name	2025-10-02 09:16:04.406274-03
4	auth	0002_alter_permission_name_max_length	2025-10-02 09:16:04.412121-03
5	auth	0003_alter_user_email_max_length	2025-10-02 09:16:04.418367-03
6	auth	0004_alter_user_username_opts	2025-10-02 09:16:04.423346-03
7	auth	0005_alter_user_last_login_null	2025-10-02 09:16:04.429657-03
8	auth	0006_require_contenttypes_0002	2025-10-02 09:16:04.431119-03
9	auth	0007_alter_validators_add_error_messages	2025-10-02 09:16:04.43684-03
10	auth	0008_alter_user_username_max_length	2025-10-02 09:16:04.44417-03
11	auth	0009_alter_user_last_name_max_length	2025-10-02 09:16:04.451197-03
12	auth	0010_alter_group_name_max_length	2025-10-02 09:16:04.457652-03
13	auth	0011_update_proxy_permissions	2025-10-02 09:16:04.464023-03
14	auth	0012_alter_user_first_name_max_length	2025-10-02 09:16:04.470113-03
15	App_LUMINOVA	0001_initial	2025-10-02 09:16:04.586021-03
16	App_LUMINOVA	0002_orden	2025-10-02 09:16:04.606346-03
17	App_LUMINOVA	0003_fabricante_alter_ordenproduccion_notas	2025-10-02 09:16:04.621516-03
18	App_LUMINOVA	0004_alter_ordenventa_estado	2025-10-02 09:16:04.628936-03
19	App_LUMINOVA	0005_alter_ordenventa_estado	2025-10-02 09:16:04.633991-03
20	App_LUMINOVA	0006_ordenproduccion_fecha_fin_real_and_more	2025-10-02 09:16:04.65285-03
21	App_LUMINOVA	0007_remove_insumo_precio_unitario_and_more	2025-10-02 09:16:04.700652-03
22	App_LUMINOVA	0008_insumo_cantidad_en_pedido	2025-10-02 09:16:04.707863-03
23	App_LUMINOVA	0009_alter_insumo_cantidad_en_pedido	2025-10-02 09:16:04.71265-03
24	App_LUMINOVA	0010_reportes_reportado_por_reportes_sector_reporta	2025-10-02 09:16:04.754856-03
25	App_LUMINOVA	0011_alter_ordenventa_estado	2025-10-02 09:16:04.75904-03
26	App_LUMINOVA	0012_alter_insumo_fabricante	2025-10-02 09:16:04.795072-03
27	App_LUMINOVA	0013_alter_insumo_cantidad_en_pedido_alter_orden_estado	2025-10-02 09:16:04.805838-03
28	App_LUMINOVA	0014_productoterminado_op_asociada	2025-10-02 09:16:04.822029-03
29	App_LUMINOVA	0015_remove_productoterminado_op_asociada_and_more	2025-10-02 09:16:04.85919-03
30	App_LUMINOVA	0016_historialov	2025-10-02 09:16:04.880075-03
31	App_LUMINOVA	0017_reportes_fecha_resolucion_reportes_resuelto	2025-10-02 09:16:04.898915-03
32	App_LUMINOVA	0018_passwordchangerequired	2025-10-02 09:16:04.928487-03
33	App_LUMINOVA	0019_deposito_insumo_deposito_and_more	2025-10-02 09:16:04.978788-03
34	App_LUMINOVA	0020_categoriainsumo_deposito_and_more	2025-10-02 09:16:05.013616-03
35	App_LUMINOVA	0021_alter_categoriainsumo_deposito_movimientostock_and_more	2025-10-02 09:16:05.130745-03
36	App_LUMINOVA	0021_alter_categoriainsumo_deposito	2025-10-02 09:16:05.15456-03
37	App_LUMINOVA	0022_merge_20250731_1259	2025-10-02 09:16:05.156957-03
38	App_LUMINOVA	0023_alter_categoriainsumo_nombre_and_more	2025-10-02 09:16:05.198753-03
39	App_LUMINOVA	0024_usuariodeposito	2025-10-02 09:16:05.22759-03
40	App_LUMINOVA	0010_orden_deposito	2025-10-02 09:16:05.251976-03
41	App_LUMINOVA	0025_merge_0010_orden_deposito_0024_usuariodeposito	2025-10-02 09:16:05.253482-03
42	App_LUMINOVA	0026_notificacion_sistema	2025-10-02 09:16:05.293457-03
43	App_LUMINOVA	0027_insumo_notificado_a_compras	2025-10-02 09:16:05.305338-03
44	App_LUMINOVA	0028_ordenproduccion_tipo_orden_and_more	2025-10-02 09:16:05.368837-03
45	admin	0001_initial	2025-10-02 09:16:05.398228-03
46	admin	0002_logentry_remove_auto_add	2025-10-02 09:16:05.409783-03
47	admin	0003_logentry_add_action_flag_choices	2025-10-02 09:16:05.420518-03
48	sessions	0001_initial	2025-10-02 09:16:05.42858-03
\.


--
-- Data for Name: django_session; Type: TABLE DATA; Schema: public; Owner: luminova_user
--

COPY public.django_session (session_key, session_data, expire_date) FROM stdin;
1lbhbxzhmjwhpy369g0efop4i3gwnb7c	.eJxVjEEOwiAQRe_C2hBGaAGX7nsGwgyMVA0kpV0Z765NutDtf-_9lwhxW0vYel7CnMRFgDj9bhjpkesO0j3WW5PU6rrMKHdFHrTLqaX8vB7u30GJvXxrBFSUEezoPCsL4CwheibQ4JU6a5s0upEHAGQ0bHhwVuWYkAx60uL9AeGIOCY:1v4ITA:kak-u1iCdXRO8h1zQaZv7N3ocCotR-V5QqKrq0qJCUQ	2025-10-16 09:31:36.83333-03
duw6ruqzqoopq6lri72qeqfirqjb8oys	.eJxVzMsOwiAUBNB_YW0Il_IQl-79BnIvD6kaSEq7Mv67NOlCtzNn5s08bmvxW0-LnyO7MFDs9BsShmeqexMfWO-Nh1bXZSa-E360nd9aTK_rYf8OCvYy1kMmFHky0iQ8U3TSAqWJsgYVMFuJjoQcImglo7BoLDoVAEEDGBTs8wU1gTiY:1v4Ik7:CktNJswqtxThPJGqqt5r6eD3vrGjLInHuMDyA7fcRl0	2025-10-16 09:49:07.010954-03
\.


--
-- Name: App_LUMINOVA_auditoriaacceso_id_seq; Type: SEQUENCE SET; Schema: public; Owner: luminova_user
--

SELECT pg_catalog.setval('public."App_LUMINOVA_auditoriaacceso_id_seq"', 4, true);


--
-- Name: App_LUMINOVA_categoriainsumo_id_seq; Type: SEQUENCE SET; Schema: public; Owner: luminova_user
--

SELECT pg_catalog.setval('public."App_LUMINOVA_categoriainsumo_id_seq"', 28, true);


--
-- Name: App_LUMINOVA_categoriaproductoterminado_id_seq; Type: SEQUENCE SET; Schema: public; Owner: luminova_user
--

SELECT pg_catalog.setval('public."App_LUMINOVA_categoriaproductoterminado_id_seq"', 13, true);


--
-- Name: App_LUMINOVA_cliente_id_seq; Type: SEQUENCE SET; Schema: public; Owner: luminova_user
--

SELECT pg_catalog.setval('public."App_LUMINOVA_cliente_id_seq"', 3, true);


--
-- Name: App_LUMINOVA_componenteproducto_id_seq; Type: SEQUENCE SET; Schema: public; Owner: luminova_user
--

SELECT pg_catalog.setval('public."App_LUMINOVA_componenteproducto_id_seq"', 1, false);


--
-- Name: App_LUMINOVA_deposito_id_seq; Type: SEQUENCE SET; Schema: public; Owner: luminova_user
--

SELECT pg_catalog.setval('public."App_LUMINOVA_deposito_id_seq"', 5, true);


--
-- Name: App_LUMINOVA_estadoorden_id_seq; Type: SEQUENCE SET; Schema: public; Owner: luminova_user
--

SELECT pg_catalog.setval('public."App_LUMINOVA_estadoorden_id_seq"', 13, true);


--
-- Name: App_LUMINOVA_fabricante_id_seq; Type: SEQUENCE SET; Schema: public; Owner: luminova_user
--

SELECT pg_catalog.setval('public."App_LUMINOVA_fabricante_id_seq"', 32, true);


--
-- Name: App_LUMINOVA_factura_id_seq; Type: SEQUENCE SET; Schema: public; Owner: luminova_user
--

SELECT pg_catalog.setval('public."App_LUMINOVA_factura_id_seq"', 1, false);


--
-- Name: App_LUMINOVA_historialov_id_seq; Type: SEQUENCE SET; Schema: public; Owner: luminova_user
--

SELECT pg_catalog.setval('public."App_LUMINOVA_historialov_id_seq"', 339, true);


--
-- Name: App_LUMINOVA_insumo_id_seq; Type: SEQUENCE SET; Schema: public; Owner: luminova_user
--

SELECT pg_catalog.setval('public."App_LUMINOVA_insumo_id_seq"', 73, true);


--
-- Name: App_LUMINOVA_itemordenventa_id_seq; Type: SEQUENCE SET; Schema: public; Owner: luminova_user
--

SELECT pg_catalog.setval('public."App_LUMINOVA_itemordenventa_id_seq"', 1, false);


--
-- Name: App_LUMINOVA_loteproductoterminado_id_seq; Type: SEQUENCE SET; Schema: public; Owner: luminova_user
--

SELECT pg_catalog.setval('public."App_LUMINOVA_loteproductoterminado_id_seq"', 1, false);


--
-- Name: App_LUMINOVA_movimientostock_id_seq; Type: SEQUENCE SET; Schema: public; Owner: luminova_user
--

SELECT pg_catalog.setval('public."App_LUMINOVA_movimientostock_id_seq"', 1, false);


--
-- Name: App_LUMINOVA_notificacionsistema_id_seq; Type: SEQUENCE SET; Schema: public; Owner: luminova_user
--

SELECT pg_catalog.setval('public."App_LUMINOVA_notificacionsistema_id_seq"', 18, true);


--
-- Name: App_LUMINOVA_ofertaproveedor_id_seq; Type: SEQUENCE SET; Schema: public; Owner: luminova_user
--

SELECT pg_catalog.setval('public."App_LUMINOVA_ofertaproveedor_id_seq"', 1, false);


--
-- Name: App_LUMINOVA_orden_id_seq; Type: SEQUENCE SET; Schema: public; Owner: luminova_user
--

SELECT pg_catalog.setval('public."App_LUMINOVA_orden_id_seq"', 1, false);


--
-- Name: App_LUMINOVA_ordenproduccion_id_seq; Type: SEQUENCE SET; Schema: public; Owner: luminova_user
--

SELECT pg_catalog.setval('public."App_LUMINOVA_ordenproduccion_id_seq"', 119, true);


--
-- Name: App_LUMINOVA_ordenventa_id_seq; Type: SEQUENCE SET; Schema: public; Owner: luminova_user
--

SELECT pg_catalog.setval('public."App_LUMINOVA_ordenventa_id_seq"', 84, true);


--
-- Name: App_LUMINOVA_passwordchangerequired_id_seq; Type: SEQUENCE SET; Schema: public; Owner: luminova_user
--

SELECT pg_catalog.setval('public."App_LUMINOVA_passwordchangerequired_id_seq"', 1, false);


--
-- Name: App_LUMINOVA_productoterminado_id_seq; Type: SEQUENCE SET; Schema: public; Owner: luminova_user
--

SELECT pg_catalog.setval('public."App_LUMINOVA_productoterminado_id_seq"', 11, true);


--
-- Name: App_LUMINOVA_proveedor_id_seq; Type: SEQUENCE SET; Schema: public; Owner: luminova_user
--

SELECT pg_catalog.setval('public."App_LUMINOVA_proveedor_id_seq"', 1, false);


--
-- Name: App_LUMINOVA_reportes_id_seq; Type: SEQUENCE SET; Schema: public; Owner: luminova_user
--

SELECT pg_catalog.setval('public."App_LUMINOVA_reportes_id_seq"', 1, false);


--
-- Name: App_LUMINOVA_roldescripcion_id_seq; Type: SEQUENCE SET; Schema: public; Owner: luminova_user
--

SELECT pg_catalog.setval('public."App_LUMINOVA_roldescripcion_id_seq"', 1, false);


--
-- Name: App_LUMINOVA_sectorasignado_id_seq; Type: SEQUENCE SET; Schema: public; Owner: luminova_user
--

SELECT pg_catalog.setval('public."App_LUMINOVA_sectorasignado_id_seq"', 4, true);


--
-- Name: App_LUMINOVA_stockinsumo_id_seq; Type: SEQUENCE SET; Schema: public; Owner: luminova_user
--

SELECT pg_catalog.setval('public."App_LUMINOVA_stockinsumo_id_seq"', 67, true);


--
-- Name: App_LUMINOVA_stockproductoterminado_id_seq; Type: SEQUENCE SET; Schema: public; Owner: luminova_user
--

SELECT pg_catalog.setval('public."App_LUMINOVA_stockproductoterminado_id_seq"', 1, false);


--
-- Name: App_LUMINOVA_usuariodeposito_id_seq; Type: SEQUENCE SET; Schema: public; Owner: luminova_user
--

SELECT pg_catalog.setval('public."App_LUMINOVA_usuariodeposito_id_seq"', 12, true);


--
-- Name: auth_group_id_seq; Type: SEQUENCE SET; Schema: public; Owner: luminova_user
--

SELECT pg_catalog.setval('public.auth_group_id_seq', 10, true);


--
-- Name: auth_group_permissions_id_seq; Type: SEQUENCE SET; Schema: public; Owner: luminova_user
--

SELECT pg_catalog.setval('public.auth_group_permissions_id_seq', 1, false);


--
-- Name: auth_permission_id_seq; Type: SEQUENCE SET; Schema: public; Owner: luminova_user
--

SELECT pg_catalog.setval('public.auth_permission_id_seq', 136, true);


--
-- Name: auth_user_groups_id_seq; Type: SEQUENCE SET; Schema: public; Owner: luminova_user
--

SELECT pg_catalog.setval('public.auth_user_groups_id_seq', 4, true);


--
-- Name: auth_user_id_seq; Type: SEQUENCE SET; Schema: public; Owner: luminova_user
--

SELECT pg_catalog.setval('public.auth_user_id_seq', 14, true);


--
-- Name: auth_user_user_permissions_id_seq; Type: SEQUENCE SET; Schema: public; Owner: luminova_user
--

SELECT pg_catalog.setval('public.auth_user_user_permissions_id_seq', 1, false);


--
-- Name: django_admin_log_id_seq; Type: SEQUENCE SET; Schema: public; Owner: luminova_user
--

SELECT pg_catalog.setval('public.django_admin_log_id_seq', 1, false);


--
-- Name: django_content_type_id_seq; Type: SEQUENCE SET; Schema: public; Owner: luminova_user
--

SELECT pg_catalog.setval('public.django_content_type_id_seq', 34, true);


--
-- Name: django_migrations_id_seq; Type: SEQUENCE SET; Schema: public; Owner: luminova_user
--

SELECT pg_catalog.setval('public.django_migrations_id_seq', 48, true);


--
-- Name: App_LUMINOVA_auditoriaacceso App_LUMINOVA_auditoriaacceso_pkey; Type: CONSTRAINT; Schema: public; Owner: luminova_user
--

ALTER TABLE ONLY public."App_LUMINOVA_auditoriaacceso"
    ADD CONSTRAINT "App_LUMINOVA_auditoriaacceso_pkey" PRIMARY KEY (id);


--
-- Name: App_LUMINOVA_categoriainsumo App_LUMINOVA_categoriainsumo_nombre_deposito_id_2c048d22_uniq; Type: CONSTRAINT; Schema: public; Owner: luminova_user
--

ALTER TABLE ONLY public."App_LUMINOVA_categoriainsumo"
    ADD CONSTRAINT "App_LUMINOVA_categoriainsumo_nombre_deposito_id_2c048d22_uniq" UNIQUE (nombre, deposito_id);


--
-- Name: App_LUMINOVA_categoriainsumo App_LUMINOVA_categoriainsumo_pkey; Type: CONSTRAINT; Schema: public; Owner: luminova_user
--

ALTER TABLE ONLY public."App_LUMINOVA_categoriainsumo"
    ADD CONSTRAINT "App_LUMINOVA_categoriainsumo_pkey" PRIMARY KEY (id);


--
-- Name: App_LUMINOVA_categoriaproductoterminado App_LUMINOVA_categoriapr_nombre_deposito_id_f80a2192_uniq; Type: CONSTRAINT; Schema: public; Owner: luminova_user
--

ALTER TABLE ONLY public."App_LUMINOVA_categoriaproductoterminado"
    ADD CONSTRAINT "App_LUMINOVA_categoriapr_nombre_deposito_id_f80a2192_uniq" UNIQUE (nombre, deposito_id);


--
-- Name: App_LUMINOVA_categoriaproductoterminado App_LUMINOVA_categoriaproductoterminado_pkey; Type: CONSTRAINT; Schema: public; Owner: luminova_user
--

ALTER TABLE ONLY public."App_LUMINOVA_categoriaproductoterminado"
    ADD CONSTRAINT "App_LUMINOVA_categoriaproductoterminado_pkey" PRIMARY KEY (id);


--
-- Name: App_LUMINOVA_cliente App_LUMINOVA_cliente_email_key; Type: CONSTRAINT; Schema: public; Owner: luminova_user
--

ALTER TABLE ONLY public."App_LUMINOVA_cliente"
    ADD CONSTRAINT "App_LUMINOVA_cliente_email_key" UNIQUE (email);


--
-- Name: App_LUMINOVA_cliente App_LUMINOVA_cliente_nombre_key; Type: CONSTRAINT; Schema: public; Owner: luminova_user
--

ALTER TABLE ONLY public."App_LUMINOVA_cliente"
    ADD CONSTRAINT "App_LUMINOVA_cliente_nombre_key" UNIQUE (nombre);


--
-- Name: App_LUMINOVA_cliente App_LUMINOVA_cliente_pkey; Type: CONSTRAINT; Schema: public; Owner: luminova_user
--

ALTER TABLE ONLY public."App_LUMINOVA_cliente"
    ADD CONSTRAINT "App_LUMINOVA_cliente_pkey" PRIMARY KEY (id);


--
-- Name: App_LUMINOVA_componenteproducto App_LUMINOVA_componentep_producto_terminado_id_in_3bda3f65_uniq; Type: CONSTRAINT; Schema: public; Owner: luminova_user
--

ALTER TABLE ONLY public."App_LUMINOVA_componenteproducto"
    ADD CONSTRAINT "App_LUMINOVA_componentep_producto_terminado_id_in_3bda3f65_uniq" UNIQUE (producto_terminado_id, insumo_id);


--
-- Name: App_LUMINOVA_componenteproducto App_LUMINOVA_componenteproducto_pkey; Type: CONSTRAINT; Schema: public; Owner: luminova_user
--

ALTER TABLE ONLY public."App_LUMINOVA_componenteproducto"
    ADD CONSTRAINT "App_LUMINOVA_componenteproducto_pkey" PRIMARY KEY (id);


--
-- Name: App_LUMINOVA_deposito App_LUMINOVA_deposito_nombre_key; Type: CONSTRAINT; Schema: public; Owner: luminova_user
--

ALTER TABLE ONLY public."App_LUMINOVA_deposito"
    ADD CONSTRAINT "App_LUMINOVA_deposito_nombre_key" UNIQUE (nombre);


--
-- Name: App_LUMINOVA_deposito App_LUMINOVA_deposito_pkey; Type: CONSTRAINT; Schema: public; Owner: luminova_user
--

ALTER TABLE ONLY public."App_LUMINOVA_deposito"
    ADD CONSTRAINT "App_LUMINOVA_deposito_pkey" PRIMARY KEY (id);


--
-- Name: App_LUMINOVA_estadoorden App_LUMINOVA_estadoorden_nombre_key; Type: CONSTRAINT; Schema: public; Owner: luminova_user
--

ALTER TABLE ONLY public."App_LUMINOVA_estadoorden"
    ADD CONSTRAINT "App_LUMINOVA_estadoorden_nombre_key" UNIQUE (nombre);


--
-- Name: App_LUMINOVA_estadoorden App_LUMINOVA_estadoorden_pkey; Type: CONSTRAINT; Schema: public; Owner: luminova_user
--

ALTER TABLE ONLY public."App_LUMINOVA_estadoorden"
    ADD CONSTRAINT "App_LUMINOVA_estadoorden_pkey" PRIMARY KEY (id);


--
-- Name: App_LUMINOVA_fabricante App_LUMINOVA_fabricante_nombre_key; Type: CONSTRAINT; Schema: public; Owner: luminova_user
--

ALTER TABLE ONLY public."App_LUMINOVA_fabricante"
    ADD CONSTRAINT "App_LUMINOVA_fabricante_nombre_key" UNIQUE (nombre);


--
-- Name: App_LUMINOVA_fabricante App_LUMINOVA_fabricante_pkey; Type: CONSTRAINT; Schema: public; Owner: luminova_user
--

ALTER TABLE ONLY public."App_LUMINOVA_fabricante"
    ADD CONSTRAINT "App_LUMINOVA_fabricante_pkey" PRIMARY KEY (id);


--
-- Name: App_LUMINOVA_factura App_LUMINOVA_factura_numero_factura_key; Type: CONSTRAINT; Schema: public; Owner: luminova_user
--

ALTER TABLE ONLY public."App_LUMINOVA_factura"
    ADD CONSTRAINT "App_LUMINOVA_factura_numero_factura_key" UNIQUE (numero_factura);


--
-- Name: App_LUMINOVA_factura App_LUMINOVA_factura_orden_venta_id_key; Type: CONSTRAINT; Schema: public; Owner: luminova_user
--

ALTER TABLE ONLY public."App_LUMINOVA_factura"
    ADD CONSTRAINT "App_LUMINOVA_factura_orden_venta_id_key" UNIQUE (orden_venta_id);


--
-- Name: App_LUMINOVA_factura App_LUMINOVA_factura_pkey; Type: CONSTRAINT; Schema: public; Owner: luminova_user
--

ALTER TABLE ONLY public."App_LUMINOVA_factura"
    ADD CONSTRAINT "App_LUMINOVA_factura_pkey" PRIMARY KEY (id);


--
-- Name: App_LUMINOVA_historialov App_LUMINOVA_historialov_pkey; Type: CONSTRAINT; Schema: public; Owner: luminova_user
--

ALTER TABLE ONLY public."App_LUMINOVA_historialov"
    ADD CONSTRAINT "App_LUMINOVA_historialov_pkey" PRIMARY KEY (id);


--
-- Name: App_LUMINOVA_insumo App_LUMINOVA_insumo_pkey; Type: CONSTRAINT; Schema: public; Owner: luminova_user
--

ALTER TABLE ONLY public."App_LUMINOVA_insumo"
    ADD CONSTRAINT "App_LUMINOVA_insumo_pkey" PRIMARY KEY (id);


--
-- Name: App_LUMINOVA_itemordenventa App_LUMINOVA_itemordenventa_pkey; Type: CONSTRAINT; Schema: public; Owner: luminova_user
--

ALTER TABLE ONLY public."App_LUMINOVA_itemordenventa"
    ADD CONSTRAINT "App_LUMINOVA_itemordenventa_pkey" PRIMARY KEY (id);


--
-- Name: App_LUMINOVA_loteproductoterminado App_LUMINOVA_loteproductoterminado_pkey; Type: CONSTRAINT; Schema: public; Owner: luminova_user
--

ALTER TABLE ONLY public."App_LUMINOVA_loteproductoterminado"
    ADD CONSTRAINT "App_LUMINOVA_loteproductoterminado_pkey" PRIMARY KEY (id);


--
-- Name: App_LUMINOVA_movimientostock App_LUMINOVA_movimientostock_pkey; Type: CONSTRAINT; Schema: public; Owner: luminova_user
--

ALTER TABLE ONLY public."App_LUMINOVA_movimientostock"
    ADD CONSTRAINT "App_LUMINOVA_movimientostock_pkey" PRIMARY KEY (id);


--
-- Name: App_LUMINOVA_notificacionsistema App_LUMINOVA_notificacionsistema_pkey; Type: CONSTRAINT; Schema: public; Owner: luminova_user
--

ALTER TABLE ONLY public."App_LUMINOVA_notificacionsistema"
    ADD CONSTRAINT "App_LUMINOVA_notificacionsistema_pkey" PRIMARY KEY (id);


--
-- Name: App_LUMINOVA_ofertaproveedor App_LUMINOVA_ofertaprove_insumo_id_proveedor_id_166a7736_uniq; Type: CONSTRAINT; Schema: public; Owner: luminova_user
--

ALTER TABLE ONLY public."App_LUMINOVA_ofertaproveedor"
    ADD CONSTRAINT "App_LUMINOVA_ofertaprove_insumo_id_proveedor_id_166a7736_uniq" UNIQUE (insumo_id, proveedor_id);


--
-- Name: App_LUMINOVA_ofertaproveedor App_LUMINOVA_ofertaproveedor_pkey; Type: CONSTRAINT; Schema: public; Owner: luminova_user
--

ALTER TABLE ONLY public."App_LUMINOVA_ofertaproveedor"
    ADD CONSTRAINT "App_LUMINOVA_ofertaproveedor_pkey" PRIMARY KEY (id);


--
-- Name: App_LUMINOVA_orden App_LUMINOVA_orden_numero_orden_key; Type: CONSTRAINT; Schema: public; Owner: luminova_user
--

ALTER TABLE ONLY public."App_LUMINOVA_orden"
    ADD CONSTRAINT "App_LUMINOVA_orden_numero_orden_key" UNIQUE (numero_orden);


--
-- Name: App_LUMINOVA_orden App_LUMINOVA_orden_pkey; Type: CONSTRAINT; Schema: public; Owner: luminova_user
--

ALTER TABLE ONLY public."App_LUMINOVA_orden"
    ADD CONSTRAINT "App_LUMINOVA_orden_pkey" PRIMARY KEY (id);


--
-- Name: App_LUMINOVA_ordenproduccion App_LUMINOVA_ordenproduccion_numero_op_key; Type: CONSTRAINT; Schema: public; Owner: luminova_user
--

ALTER TABLE ONLY public."App_LUMINOVA_ordenproduccion"
    ADD CONSTRAINT "App_LUMINOVA_ordenproduccion_numero_op_key" UNIQUE (numero_op);


--
-- Name: App_LUMINOVA_ordenproduccion App_LUMINOVA_ordenproduccion_pkey; Type: CONSTRAINT; Schema: public; Owner: luminova_user
--

ALTER TABLE ONLY public."App_LUMINOVA_ordenproduccion"
    ADD CONSTRAINT "App_LUMINOVA_ordenproduccion_pkey" PRIMARY KEY (id);


--
-- Name: App_LUMINOVA_ordenventa App_LUMINOVA_ordenventa_numero_ov_key; Type: CONSTRAINT; Schema: public; Owner: luminova_user
--

ALTER TABLE ONLY public."App_LUMINOVA_ordenventa"
    ADD CONSTRAINT "App_LUMINOVA_ordenventa_numero_ov_key" UNIQUE (numero_ov);


--
-- Name: App_LUMINOVA_ordenventa App_LUMINOVA_ordenventa_pkey; Type: CONSTRAINT; Schema: public; Owner: luminova_user
--

ALTER TABLE ONLY public."App_LUMINOVA_ordenventa"
    ADD CONSTRAINT "App_LUMINOVA_ordenventa_pkey" PRIMARY KEY (id);


--
-- Name: App_LUMINOVA_passwordchangerequired App_LUMINOVA_passwordchangerequired_pkey; Type: CONSTRAINT; Schema: public; Owner: luminova_user
--

ALTER TABLE ONLY public."App_LUMINOVA_passwordchangerequired"
    ADD CONSTRAINT "App_LUMINOVA_passwordchangerequired_pkey" PRIMARY KEY (id);


--
-- Name: App_LUMINOVA_passwordchangerequired App_LUMINOVA_passwordchangerequired_user_id_key; Type: CONSTRAINT; Schema: public; Owner: luminova_user
--

ALTER TABLE ONLY public."App_LUMINOVA_passwordchangerequired"
    ADD CONSTRAINT "App_LUMINOVA_passwordchangerequired_user_id_key" UNIQUE (user_id);


--
-- Name: App_LUMINOVA_productoterminado App_LUMINOVA_productoterminado_pkey; Type: CONSTRAINT; Schema: public; Owner: luminova_user
--

ALTER TABLE ONLY public."App_LUMINOVA_productoterminado"
    ADD CONSTRAINT "App_LUMINOVA_productoterminado_pkey" PRIMARY KEY (id);


--
-- Name: App_LUMINOVA_proveedor App_LUMINOVA_proveedor_nombre_key; Type: CONSTRAINT; Schema: public; Owner: luminova_user
--

ALTER TABLE ONLY public."App_LUMINOVA_proveedor"
    ADD CONSTRAINT "App_LUMINOVA_proveedor_nombre_key" UNIQUE (nombre);


--
-- Name: App_LUMINOVA_proveedor App_LUMINOVA_proveedor_pkey; Type: CONSTRAINT; Schema: public; Owner: luminova_user
--

ALTER TABLE ONLY public."App_LUMINOVA_proveedor"
    ADD CONSTRAINT "App_LUMINOVA_proveedor_pkey" PRIMARY KEY (id);


--
-- Name: App_LUMINOVA_reportes App_LUMINOVA_reportes_n_reporte_key; Type: CONSTRAINT; Schema: public; Owner: luminova_user
--

ALTER TABLE ONLY public."App_LUMINOVA_reportes"
    ADD CONSTRAINT "App_LUMINOVA_reportes_n_reporte_key" UNIQUE (n_reporte);


--
-- Name: App_LUMINOVA_reportes App_LUMINOVA_reportes_pkey; Type: CONSTRAINT; Schema: public; Owner: luminova_user
--

ALTER TABLE ONLY public."App_LUMINOVA_reportes"
    ADD CONSTRAINT "App_LUMINOVA_reportes_pkey" PRIMARY KEY (id);


--
-- Name: App_LUMINOVA_roldescripcion App_LUMINOVA_roldescripcion_group_id_key; Type: CONSTRAINT; Schema: public; Owner: luminova_user
--

ALTER TABLE ONLY public."App_LUMINOVA_roldescripcion"
    ADD CONSTRAINT "App_LUMINOVA_roldescripcion_group_id_key" UNIQUE (group_id);


--
-- Name: App_LUMINOVA_roldescripcion App_LUMINOVA_roldescripcion_pkey; Type: CONSTRAINT; Schema: public; Owner: luminova_user
--

ALTER TABLE ONLY public."App_LUMINOVA_roldescripcion"
    ADD CONSTRAINT "App_LUMINOVA_roldescripcion_pkey" PRIMARY KEY (id);


--
-- Name: App_LUMINOVA_sectorasignado App_LUMINOVA_sectorasignado_nombre_key; Type: CONSTRAINT; Schema: public; Owner: luminova_user
--

ALTER TABLE ONLY public."App_LUMINOVA_sectorasignado"
    ADD CONSTRAINT "App_LUMINOVA_sectorasignado_nombre_key" UNIQUE (nombre);


--
-- Name: App_LUMINOVA_sectorasignado App_LUMINOVA_sectorasignado_pkey; Type: CONSTRAINT; Schema: public; Owner: luminova_user
--

ALTER TABLE ONLY public."App_LUMINOVA_sectorasignado"
    ADD CONSTRAINT "App_LUMINOVA_sectorasignado_pkey" PRIMARY KEY (id);


--
-- Name: App_LUMINOVA_stockinsumo App_LUMINOVA_stockinsumo_insumo_id_deposito_id_50eb6ace_uniq; Type: CONSTRAINT; Schema: public; Owner: luminova_user
--

ALTER TABLE ONLY public."App_LUMINOVA_stockinsumo"
    ADD CONSTRAINT "App_LUMINOVA_stockinsumo_insumo_id_deposito_id_50eb6ace_uniq" UNIQUE (insumo_id, deposito_id);


--
-- Name: App_LUMINOVA_stockinsumo App_LUMINOVA_stockinsumo_pkey; Type: CONSTRAINT; Schema: public; Owner: luminova_user
--

ALTER TABLE ONLY public."App_LUMINOVA_stockinsumo"
    ADD CONSTRAINT "App_LUMINOVA_stockinsumo_pkey" PRIMARY KEY (id);


--
-- Name: App_LUMINOVA_stockproductoterminado App_LUMINOVA_stockproduc_producto_id_deposito_id_d2362203_uniq; Type: CONSTRAINT; Schema: public; Owner: luminova_user
--

ALTER TABLE ONLY public."App_LUMINOVA_stockproductoterminado"
    ADD CONSTRAINT "App_LUMINOVA_stockproduc_producto_id_deposito_id_d2362203_uniq" UNIQUE (producto_id, deposito_id);


--
-- Name: App_LUMINOVA_stockproductoterminado App_LUMINOVA_stockproductoterminado_pkey; Type: CONSTRAINT; Schema: public; Owner: luminova_user
--

ALTER TABLE ONLY public."App_LUMINOVA_stockproductoterminado"
    ADD CONSTRAINT "App_LUMINOVA_stockproductoterminado_pkey" PRIMARY KEY (id);


--
-- Name: App_LUMINOVA_usuariodeposito App_LUMINOVA_usuariodepo_usuario_id_deposito_id_8835f42c_uniq; Type: CONSTRAINT; Schema: public; Owner: luminova_user
--

ALTER TABLE ONLY public."App_LUMINOVA_usuariodeposito"
    ADD CONSTRAINT "App_LUMINOVA_usuariodepo_usuario_id_deposito_id_8835f42c_uniq" UNIQUE (usuario_id, deposito_id);


--
-- Name: App_LUMINOVA_usuariodeposito App_LUMINOVA_usuariodeposito_pkey; Type: CONSTRAINT; Schema: public; Owner: luminova_user
--

ALTER TABLE ONLY public."App_LUMINOVA_usuariodeposito"
    ADD CONSTRAINT "App_LUMINOVA_usuariodeposito_pkey" PRIMARY KEY (id);


--
-- Name: auth_group auth_group_name_key; Type: CONSTRAINT; Schema: public; Owner: luminova_user
--

ALTER TABLE ONLY public.auth_group
    ADD CONSTRAINT auth_group_name_key UNIQUE (name);


--
-- Name: auth_group_permissions auth_group_permissions_group_id_permission_id_0cd325b0_uniq; Type: CONSTRAINT; Schema: public; Owner: luminova_user
--

ALTER TABLE ONLY public.auth_group_permissions
    ADD CONSTRAINT auth_group_permissions_group_id_permission_id_0cd325b0_uniq UNIQUE (group_id, permission_id);


--
-- Name: auth_group_permissions auth_group_permissions_pkey; Type: CONSTRAINT; Schema: public; Owner: luminova_user
--

ALTER TABLE ONLY public.auth_group_permissions
    ADD CONSTRAINT auth_group_permissions_pkey PRIMARY KEY (id);


--
-- Name: auth_group auth_group_pkey; Type: CONSTRAINT; Schema: public; Owner: luminova_user
--

ALTER TABLE ONLY public.auth_group
    ADD CONSTRAINT auth_group_pkey PRIMARY KEY (id);


--
-- Name: auth_permission auth_permission_content_type_id_codename_01ab375a_uniq; Type: CONSTRAINT; Schema: public; Owner: luminova_user
--

ALTER TABLE ONLY public.auth_permission
    ADD CONSTRAINT auth_permission_content_type_id_codename_01ab375a_uniq UNIQUE (content_type_id, codename);


--
-- Name: auth_permission auth_permission_pkey; Type: CONSTRAINT; Schema: public; Owner: luminova_user
--

ALTER TABLE ONLY public.auth_permission
    ADD CONSTRAINT auth_permission_pkey PRIMARY KEY (id);


--
-- Name: auth_user_groups auth_user_groups_pkey; Type: CONSTRAINT; Schema: public; Owner: luminova_user
--

ALTER TABLE ONLY public.auth_user_groups
    ADD CONSTRAINT auth_user_groups_pkey PRIMARY KEY (id);


--
-- Name: auth_user_groups auth_user_groups_user_id_group_id_94350c0c_uniq; Type: CONSTRAINT; Schema: public; Owner: luminova_user
--

ALTER TABLE ONLY public.auth_user_groups
    ADD CONSTRAINT auth_user_groups_user_id_group_id_94350c0c_uniq UNIQUE (user_id, group_id);


--
-- Name: auth_user auth_user_pkey; Type: CONSTRAINT; Schema: public; Owner: luminova_user
--

ALTER TABLE ONLY public.auth_user
    ADD CONSTRAINT auth_user_pkey PRIMARY KEY (id);


--
-- Name: auth_user_user_permissions auth_user_user_permissions_pkey; Type: CONSTRAINT; Schema: public; Owner: luminova_user
--

ALTER TABLE ONLY public.auth_user_user_permissions
    ADD CONSTRAINT auth_user_user_permissions_pkey PRIMARY KEY (id);


--
-- Name: auth_user_user_permissions auth_user_user_permissions_user_id_permission_id_14a6b632_uniq; Type: CONSTRAINT; Schema: public; Owner: luminova_user
--

ALTER TABLE ONLY public.auth_user_user_permissions
    ADD CONSTRAINT auth_user_user_permissions_user_id_permission_id_14a6b632_uniq UNIQUE (user_id, permission_id);


--
-- Name: auth_user auth_user_username_key; Type: CONSTRAINT; Schema: public; Owner: luminova_user
--

ALTER TABLE ONLY public.auth_user
    ADD CONSTRAINT auth_user_username_key UNIQUE (username);


--
-- Name: django_admin_log django_admin_log_pkey; Type: CONSTRAINT; Schema: public; Owner: luminova_user
--

ALTER TABLE ONLY public.django_admin_log
    ADD CONSTRAINT django_admin_log_pkey PRIMARY KEY (id);


--
-- Name: django_content_type django_content_type_app_label_model_76bd3d3b_uniq; Type: CONSTRAINT; Schema: public; Owner: luminova_user
--

ALTER TABLE ONLY public.django_content_type
    ADD CONSTRAINT django_content_type_app_label_model_76bd3d3b_uniq UNIQUE (app_label, model);


--
-- Name: django_content_type django_content_type_pkey; Type: CONSTRAINT; Schema: public; Owner: luminova_user
--

ALTER TABLE ONLY public.django_content_type
    ADD CONSTRAINT django_content_type_pkey PRIMARY KEY (id);


--
-- Name: django_migrations django_migrations_pkey; Type: CONSTRAINT; Schema: public; Owner: luminova_user
--

ALTER TABLE ONLY public.django_migrations
    ADD CONSTRAINT django_migrations_pkey PRIMARY KEY (id);


--
-- Name: django_session django_session_pkey; Type: CONSTRAINT; Schema: public; Owner: luminova_user
--

ALTER TABLE ONLY public.django_session
    ADD CONSTRAINT django_session_pkey PRIMARY KEY (session_key);


--
-- Name: App_LUMINOVA_auditoriaacceso_usuario_id_e934bf8c; Type: INDEX; Schema: public; Owner: luminova_user
--

CREATE INDEX "App_LUMINOVA_auditoriaacceso_usuario_id_e934bf8c" ON public."App_LUMINOVA_auditoriaacceso" USING btree (usuario_id);


--
-- Name: App_LUMINOVA_categoriainsumo_deposito_id_48349194; Type: INDEX; Schema: public; Owner: luminova_user
--

CREATE INDEX "App_LUMINOVA_categoriainsumo_deposito_id_48349194" ON public."App_LUMINOVA_categoriainsumo" USING btree (deposito_id);


--
-- Name: App_LUMINOVA_categoriaproductoterminado_deposito_id_d5265de2; Type: INDEX; Schema: public; Owner: luminova_user
--

CREATE INDEX "App_LUMINOVA_categoriaproductoterminado_deposito_id_d5265de2" ON public."App_LUMINOVA_categoriaproductoterminado" USING btree (deposito_id);


--
-- Name: App_LUMINOVA_cliente_email_dc39d425_like; Type: INDEX; Schema: public; Owner: luminova_user
--

CREATE INDEX "App_LUMINOVA_cliente_email_dc39d425_like" ON public."App_LUMINOVA_cliente" USING btree (email varchar_pattern_ops);


--
-- Name: App_LUMINOVA_cliente_nombre_eace7c8c_like; Type: INDEX; Schema: public; Owner: luminova_user
--

CREATE INDEX "App_LUMINOVA_cliente_nombre_eace7c8c_like" ON public."App_LUMINOVA_cliente" USING btree (nombre varchar_pattern_ops);


--
-- Name: App_LUMINOVA_componenteproducto_insumo_id_17581d19; Type: INDEX; Schema: public; Owner: luminova_user
--

CREATE INDEX "App_LUMINOVA_componenteproducto_insumo_id_17581d19" ON public."App_LUMINOVA_componenteproducto" USING btree (insumo_id);


--
-- Name: App_LUMINOVA_componenteproducto_producto_terminado_id_813edbd6; Type: INDEX; Schema: public; Owner: luminova_user
--

CREATE INDEX "App_LUMINOVA_componenteproducto_producto_terminado_id_813edbd6" ON public."App_LUMINOVA_componenteproducto" USING btree (producto_terminado_id);


--
-- Name: App_LUMINOVA_deposito_nombre_1dc60ad9_like; Type: INDEX; Schema: public; Owner: luminova_user
--

CREATE INDEX "App_LUMINOVA_deposito_nombre_1dc60ad9_like" ON public."App_LUMINOVA_deposito" USING btree (nombre varchar_pattern_ops);


--
-- Name: App_LUMINOVA_estadoorden_nombre_ded4186b_like; Type: INDEX; Schema: public; Owner: luminova_user
--

CREATE INDEX "App_LUMINOVA_estadoorden_nombre_ded4186b_like" ON public."App_LUMINOVA_estadoorden" USING btree (nombre varchar_pattern_ops);


--
-- Name: App_LUMINOVA_fabricante_nombre_e4fd3b14_like; Type: INDEX; Schema: public; Owner: luminova_user
--

CREATE INDEX "App_LUMINOVA_fabricante_nombre_e4fd3b14_like" ON public."App_LUMINOVA_fabricante" USING btree (nombre varchar_pattern_ops);


--
-- Name: App_LUMINOVA_factura_numero_factura_5e645ade_like; Type: INDEX; Schema: public; Owner: luminova_user
--

CREATE INDEX "App_LUMINOVA_factura_numero_factura_5e645ade_like" ON public."App_LUMINOVA_factura" USING btree (numero_factura varchar_pattern_ops);


--
-- Name: App_LUMINOVA_historialov_orden_venta_id_de493e2e; Type: INDEX; Schema: public; Owner: luminova_user
--

CREATE INDEX "App_LUMINOVA_historialov_orden_venta_id_de493e2e" ON public."App_LUMINOVA_historialov" USING btree (orden_venta_id);


--
-- Name: App_LUMINOVA_historialov_realizado_por_id_4b7d526b; Type: INDEX; Schema: public; Owner: luminova_user
--

CREATE INDEX "App_LUMINOVA_historialov_realizado_por_id_4b7d526b" ON public."App_LUMINOVA_historialov" USING btree (realizado_por_id);


--
-- Name: App_LUMINOVA_insumo_categoria_id_db58cca1; Type: INDEX; Schema: public; Owner: luminova_user
--

CREATE INDEX "App_LUMINOVA_insumo_categoria_id_db58cca1" ON public."App_LUMINOVA_insumo" USING btree (categoria_id);


--
-- Name: App_LUMINOVA_insumo_deposito_id_fb008e77; Type: INDEX; Schema: public; Owner: luminova_user
--

CREATE INDEX "App_LUMINOVA_insumo_deposito_id_fb008e77" ON public."App_LUMINOVA_insumo" USING btree (deposito_id);


--
-- Name: App_LUMINOVA_insumo_fabricante_id_cf1d02b0; Type: INDEX; Schema: public; Owner: luminova_user
--

CREATE INDEX "App_LUMINOVA_insumo_fabricante_id_cf1d02b0" ON public."App_LUMINOVA_insumo" USING btree (fabricante_id);


--
-- Name: App_LUMINOVA_itemordenventa_orden_venta_id_e54fad2e; Type: INDEX; Schema: public; Owner: luminova_user
--

CREATE INDEX "App_LUMINOVA_itemordenventa_orden_venta_id_e54fad2e" ON public."App_LUMINOVA_itemordenventa" USING btree (orden_venta_id);


--
-- Name: App_LUMINOVA_itemordenventa_producto_terminado_id_d4de7d9e; Type: INDEX; Schema: public; Owner: luminova_user
--

CREATE INDEX "App_LUMINOVA_itemordenventa_producto_terminado_id_d4de7d9e" ON public."App_LUMINOVA_itemordenventa" USING btree (producto_terminado_id);


--
-- Name: App_LUMINOVA_loteproductoterminado_deposito_id_300d6f41; Type: INDEX; Schema: public; Owner: luminova_user
--

CREATE INDEX "App_LUMINOVA_loteproductoterminado_deposito_id_300d6f41" ON public."App_LUMINOVA_loteproductoterminado" USING btree (deposito_id);


--
-- Name: App_LUMINOVA_loteproductoterminado_op_asociada_id_c945755c; Type: INDEX; Schema: public; Owner: luminova_user
--

CREATE INDEX "App_LUMINOVA_loteproductoterminado_op_asociada_id_c945755c" ON public."App_LUMINOVA_loteproductoterminado" USING btree (op_asociada_id);


--
-- Name: App_LUMINOVA_loteproductoterminado_producto_id_935112ad; Type: INDEX; Schema: public; Owner: luminova_user
--

CREATE INDEX "App_LUMINOVA_loteproductoterminado_producto_id_935112ad" ON public."App_LUMINOVA_loteproductoterminado" USING btree (producto_id);


--
-- Name: App_LUMINOVA_movimientostock_deposito_destino_id_ecc15c2c; Type: INDEX; Schema: public; Owner: luminova_user
--

CREATE INDEX "App_LUMINOVA_movimientostock_deposito_destino_id_ecc15c2c" ON public."App_LUMINOVA_movimientostock" USING btree (deposito_destino_id);


--
-- Name: App_LUMINOVA_movimientostock_deposito_origen_id_6f036768; Type: INDEX; Schema: public; Owner: luminova_user
--

CREATE INDEX "App_LUMINOVA_movimientostock_deposito_origen_id_6f036768" ON public."App_LUMINOVA_movimientostock" USING btree (deposito_origen_id);


--
-- Name: App_LUMINOVA_movimientostock_insumo_id_ac5712c5; Type: INDEX; Schema: public; Owner: luminova_user
--

CREATE INDEX "App_LUMINOVA_movimientostock_insumo_id_ac5712c5" ON public."App_LUMINOVA_movimientostock" USING btree (insumo_id);


--
-- Name: App_LUMINOVA_movimientostock_producto_id_532348f8; Type: INDEX; Schema: public; Owner: luminova_user
--

CREATE INDEX "App_LUMINOVA_movimientostock_producto_id_532348f8" ON public."App_LUMINOVA_movimientostock" USING btree (producto_id);


--
-- Name: App_LUMINOVA_movimientostock_usuario_id_e26c2727; Type: INDEX; Schema: public; Owner: luminova_user
--

CREATE INDEX "App_LUMINOVA_movimientostock_usuario_id_e26c2727" ON public."App_LUMINOVA_movimientostock" USING btree (usuario_id);


--
-- Name: App_LUMINOVA_notificacionsistema_remitente_id_9819e10a; Type: INDEX; Schema: public; Owner: luminova_user
--

CREATE INDEX "App_LUMINOVA_notificacionsistema_remitente_id_9819e10a" ON public."App_LUMINOVA_notificacionsistema" USING btree (remitente_id);


--
-- Name: App_LUMINOVA_ofertaproveedor_insumo_id_dfc44c5b; Type: INDEX; Schema: public; Owner: luminova_user
--

CREATE INDEX "App_LUMINOVA_ofertaproveedor_insumo_id_dfc44c5b" ON public."App_LUMINOVA_ofertaproveedor" USING btree (insumo_id);


--
-- Name: App_LUMINOVA_ofertaproveedor_proveedor_id_132be67a; Type: INDEX; Schema: public; Owner: luminova_user
--

CREATE INDEX "App_LUMINOVA_ofertaproveedor_proveedor_id_132be67a" ON public."App_LUMINOVA_ofertaproveedor" USING btree (proveedor_id);


--
-- Name: App_LUMINOVA_orden_deposito_id_65babaed; Type: INDEX; Schema: public; Owner: luminova_user
--

CREATE INDEX "App_LUMINOVA_orden_deposito_id_65babaed" ON public."App_LUMINOVA_orden" USING btree (deposito_id);


--
-- Name: App_LUMINOVA_orden_insumo_principal_id_4ca676ac; Type: INDEX; Schema: public; Owner: luminova_user
--

CREATE INDEX "App_LUMINOVA_orden_insumo_principal_id_4ca676ac" ON public."App_LUMINOVA_orden" USING btree (insumo_principal_id);


--
-- Name: App_LUMINOVA_orden_numero_orden_5ffbe264_like; Type: INDEX; Schema: public; Owner: luminova_user
--

CREATE INDEX "App_LUMINOVA_orden_numero_orden_5ffbe264_like" ON public."App_LUMINOVA_orden" USING btree (numero_orden varchar_pattern_ops);


--
-- Name: App_LUMINOVA_orden_proveedor_id_8ed862a2; Type: INDEX; Schema: public; Owner: luminova_user
--

CREATE INDEX "App_LUMINOVA_orden_proveedor_id_8ed862a2" ON public."App_LUMINOVA_orden" USING btree (proveedor_id);


--
-- Name: App_LUMINOVA_ordenproduccion_estado_op_id_0092bde4; Type: INDEX; Schema: public; Owner: luminova_user
--

CREATE INDEX "App_LUMINOVA_ordenproduccion_estado_op_id_0092bde4" ON public."App_LUMINOVA_ordenproduccion" USING btree (estado_op_id);


--
-- Name: App_LUMINOVA_ordenproduccion_numero_op_0b28684c_like; Type: INDEX; Schema: public; Owner: luminova_user
--

CREATE INDEX "App_LUMINOVA_ordenproduccion_numero_op_0b28684c_like" ON public."App_LUMINOVA_ordenproduccion" USING btree (numero_op varchar_pattern_ops);


--
-- Name: App_LUMINOVA_ordenproduccion_orden_venta_origen_id_20ca32e2; Type: INDEX; Schema: public; Owner: luminova_user
--

CREATE INDEX "App_LUMINOVA_ordenproduccion_orden_venta_origen_id_20ca32e2" ON public."App_LUMINOVA_ordenproduccion" USING btree (orden_venta_origen_id);


--
-- Name: App_LUMINOVA_ordenproduccion_producto_a_producir_id_90b69b1d; Type: INDEX; Schema: public; Owner: luminova_user
--

CREATE INDEX "App_LUMINOVA_ordenproduccion_producto_a_producir_id_90b69b1d" ON public."App_LUMINOVA_ordenproduccion" USING btree (producto_a_producir_id);


--
-- Name: App_LUMINOVA_ordenproduccion_sector_asignado_op_id_6f11e85e; Type: INDEX; Schema: public; Owner: luminova_user
--

CREATE INDEX "App_LUMINOVA_ordenproduccion_sector_asignado_op_id_6f11e85e" ON public."App_LUMINOVA_ordenproduccion" USING btree (sector_asignado_op_id);


--
-- Name: App_LUMINOVA_ordenventa_cliente_id_d87a0c98; Type: INDEX; Schema: public; Owner: luminova_user
--

CREATE INDEX "App_LUMINOVA_ordenventa_cliente_id_d87a0c98" ON public."App_LUMINOVA_ordenventa" USING btree (cliente_id);


--
-- Name: App_LUMINOVA_ordenventa_numero_ov_47a60e95_like; Type: INDEX; Schema: public; Owner: luminova_user
--

CREATE INDEX "App_LUMINOVA_ordenventa_numero_ov_47a60e95_like" ON public."App_LUMINOVA_ordenventa" USING btree (numero_ov varchar_pattern_ops);


--
-- Name: App_LUMINOVA_productoterminado_categoria_id_015fba2d; Type: INDEX; Schema: public; Owner: luminova_user
--

CREATE INDEX "App_LUMINOVA_productoterminado_categoria_id_015fba2d" ON public."App_LUMINOVA_productoterminado" USING btree (categoria_id);


--
-- Name: App_LUMINOVA_productoterminado_deposito_id_85523549; Type: INDEX; Schema: public; Owner: luminova_user
--

CREATE INDEX "App_LUMINOVA_productoterminado_deposito_id_85523549" ON public."App_LUMINOVA_productoterminado" USING btree (deposito_id);


--
-- Name: App_LUMINOVA_proveedor_nombre_11d99fce_like; Type: INDEX; Schema: public; Owner: luminova_user
--

CREATE INDEX "App_LUMINOVA_proveedor_nombre_11d99fce_like" ON public."App_LUMINOVA_proveedor" USING btree (nombre varchar_pattern_ops);


--
-- Name: App_LUMINOVA_reportes_n_reporte_8398ff2b_like; Type: INDEX; Schema: public; Owner: luminova_user
--

CREATE INDEX "App_LUMINOVA_reportes_n_reporte_8398ff2b_like" ON public."App_LUMINOVA_reportes" USING btree (n_reporte varchar_pattern_ops);


--
-- Name: App_LUMINOVA_reportes_orden_produccion_asociada_id_5d307867; Type: INDEX; Schema: public; Owner: luminova_user
--

CREATE INDEX "App_LUMINOVA_reportes_orden_produccion_asociada_id_5d307867" ON public."App_LUMINOVA_reportes" USING btree (orden_produccion_asociada_id);


--
-- Name: App_LUMINOVA_reportes_reportado_por_id_fea85f5e; Type: INDEX; Schema: public; Owner: luminova_user
--

CREATE INDEX "App_LUMINOVA_reportes_reportado_por_id_fea85f5e" ON public."App_LUMINOVA_reportes" USING btree (reportado_por_id);


--
-- Name: App_LUMINOVA_reportes_sector_reporta_id_ff171522; Type: INDEX; Schema: public; Owner: luminova_user
--

CREATE INDEX "App_LUMINOVA_reportes_sector_reporta_id_ff171522" ON public."App_LUMINOVA_reportes" USING btree (sector_reporta_id);


--
-- Name: App_LUMINOVA_sectorasignado_nombre_5f9ef850_like; Type: INDEX; Schema: public; Owner: luminova_user
--

CREATE INDEX "App_LUMINOVA_sectorasignado_nombre_5f9ef850_like" ON public."App_LUMINOVA_sectorasignado" USING btree (nombre varchar_pattern_ops);


--
-- Name: App_LUMINOVA_stockinsumo_deposito_id_3ab90320; Type: INDEX; Schema: public; Owner: luminova_user
--

CREATE INDEX "App_LUMINOVA_stockinsumo_deposito_id_3ab90320" ON public."App_LUMINOVA_stockinsumo" USING btree (deposito_id);


--
-- Name: App_LUMINOVA_stockinsumo_insumo_id_7460dcfb; Type: INDEX; Schema: public; Owner: luminova_user
--

CREATE INDEX "App_LUMINOVA_stockinsumo_insumo_id_7460dcfb" ON public."App_LUMINOVA_stockinsumo" USING btree (insumo_id);


--
-- Name: App_LUMINOVA_stockproductoterminado_deposito_id_1ba70bbb; Type: INDEX; Schema: public; Owner: luminova_user
--

CREATE INDEX "App_LUMINOVA_stockproductoterminado_deposito_id_1ba70bbb" ON public."App_LUMINOVA_stockproductoterminado" USING btree (deposito_id);


--
-- Name: App_LUMINOVA_stockproductoterminado_producto_id_d995fd51; Type: INDEX; Schema: public; Owner: luminova_user
--

CREATE INDEX "App_LUMINOVA_stockproductoterminado_producto_id_d995fd51" ON public."App_LUMINOVA_stockproductoterminado" USING btree (producto_id);


--
-- Name: App_LUMINOVA_usuariodeposito_deposito_id_8dc5736e; Type: INDEX; Schema: public; Owner: luminova_user
--

CREATE INDEX "App_LUMINOVA_usuariodeposito_deposito_id_8dc5736e" ON public."App_LUMINOVA_usuariodeposito" USING btree (deposito_id);


--
-- Name: App_LUMINOVA_usuariodeposito_usuario_id_0376beed; Type: INDEX; Schema: public; Owner: luminova_user
--

CREATE INDEX "App_LUMINOVA_usuariodeposito_usuario_id_0376beed" ON public."App_LUMINOVA_usuariodeposito" USING btree (usuario_id);


--
-- Name: App_LUMINOV_destina_007615_idx; Type: INDEX; Schema: public; Owner: luminova_user
--

CREATE INDEX "App_LUMINOV_destina_007615_idx" ON public."App_LUMINOVA_notificacionsistema" USING btree (destinatario_grupo, leida);


--
-- Name: App_LUMINOV_priorid_19dc65_idx; Type: INDEX; Schema: public; Owner: luminova_user
--

CREATE INDEX "App_LUMINOV_priorid_19dc65_idx" ON public."App_LUMINOVA_notificacionsistema" USING btree (prioridad, fecha_creacion);


--
-- Name: App_LUMINOV_tipo_6c0bf9_idx; Type: INDEX; Schema: public; Owner: luminova_user
--

CREATE INDEX "App_LUMINOV_tipo_6c0bf9_idx" ON public."App_LUMINOVA_notificacionsistema" USING btree (tipo, fecha_creacion);


--
-- Name: auth_group_name_a6ea08ec_like; Type: INDEX; Schema: public; Owner: luminova_user
--

CREATE INDEX auth_group_name_a6ea08ec_like ON public.auth_group USING btree (name varchar_pattern_ops);


--
-- Name: auth_group_permissions_group_id_b120cbf9; Type: INDEX; Schema: public; Owner: luminova_user
--

CREATE INDEX auth_group_permissions_group_id_b120cbf9 ON public.auth_group_permissions USING btree (group_id);


--
-- Name: auth_group_permissions_permission_id_84c5c92e; Type: INDEX; Schema: public; Owner: luminova_user
--

CREATE INDEX auth_group_permissions_permission_id_84c5c92e ON public.auth_group_permissions USING btree (permission_id);


--
-- Name: auth_permission_content_type_id_2f476e4b; Type: INDEX; Schema: public; Owner: luminova_user
--

CREATE INDEX auth_permission_content_type_id_2f476e4b ON public.auth_permission USING btree (content_type_id);


--
-- Name: auth_user_groups_group_id_97559544; Type: INDEX; Schema: public; Owner: luminova_user
--

CREATE INDEX auth_user_groups_group_id_97559544 ON public.auth_user_groups USING btree (group_id);


--
-- Name: auth_user_groups_user_id_6a12ed8b; Type: INDEX; Schema: public; Owner: luminova_user
--

CREATE INDEX auth_user_groups_user_id_6a12ed8b ON public.auth_user_groups USING btree (user_id);


--
-- Name: auth_user_user_permissions_permission_id_1fbb5f2c; Type: INDEX; Schema: public; Owner: luminova_user
--

CREATE INDEX auth_user_user_permissions_permission_id_1fbb5f2c ON public.auth_user_user_permissions USING btree (permission_id);


--
-- Name: auth_user_user_permissions_user_id_a95ead1b; Type: INDEX; Schema: public; Owner: luminova_user
--

CREATE INDEX auth_user_user_permissions_user_id_a95ead1b ON public.auth_user_user_permissions USING btree (user_id);


--
-- Name: auth_user_username_6821ab7c_like; Type: INDEX; Schema: public; Owner: luminova_user
--

CREATE INDEX auth_user_username_6821ab7c_like ON public.auth_user USING btree (username varchar_pattern_ops);


--
-- Name: django_admin_log_content_type_id_c4bce8eb; Type: INDEX; Schema: public; Owner: luminova_user
--

CREATE INDEX django_admin_log_content_type_id_c4bce8eb ON public.django_admin_log USING btree (content_type_id);


--
-- Name: django_admin_log_user_id_c564eba6; Type: INDEX; Schema: public; Owner: luminova_user
--

CREATE INDEX django_admin_log_user_id_c564eba6 ON public.django_admin_log USING btree (user_id);


--
-- Name: django_session_expire_date_a5c62663; Type: INDEX; Schema: public; Owner: luminova_user
--

CREATE INDEX django_session_expire_date_a5c62663 ON public.django_session USING btree (expire_date);


--
-- Name: django_session_session_key_c0390e0f_like; Type: INDEX; Schema: public; Owner: luminova_user
--

CREATE INDEX django_session_session_key_c0390e0f_like ON public.django_session USING btree (session_key varchar_pattern_ops);


--
-- Name: App_LUMINOVA_auditoriaacceso App_LUMINOVA_auditor_usuario_id_e934bf8c_fk_auth_user; Type: FK CONSTRAINT; Schema: public; Owner: luminova_user
--

ALTER TABLE ONLY public."App_LUMINOVA_auditoriaacceso"
    ADD CONSTRAINT "App_LUMINOVA_auditor_usuario_id_e934bf8c_fk_auth_user" FOREIGN KEY (usuario_id) REFERENCES public.auth_user(id) DEFERRABLE INITIALLY DEFERRED;


--
-- Name: App_LUMINOVA_categoriainsumo App_LUMINOVA_categor_deposito_id_48349194_fk_App_LUMIN; Type: FK CONSTRAINT; Schema: public; Owner: luminova_user
--

ALTER TABLE ONLY public."App_LUMINOVA_categoriainsumo"
    ADD CONSTRAINT "App_LUMINOVA_categor_deposito_id_48349194_fk_App_LUMIN" FOREIGN KEY (deposito_id) REFERENCES public."App_LUMINOVA_deposito"(id) DEFERRABLE INITIALLY DEFERRED;


--
-- Name: App_LUMINOVA_categoriaproductoterminado App_LUMINOVA_categor_deposito_id_d5265de2_fk_App_LUMIN; Type: FK CONSTRAINT; Schema: public; Owner: luminova_user
--

ALTER TABLE ONLY public."App_LUMINOVA_categoriaproductoterminado"
    ADD CONSTRAINT "App_LUMINOVA_categor_deposito_id_d5265de2_fk_App_LUMIN" FOREIGN KEY (deposito_id) REFERENCES public."App_LUMINOVA_deposito"(id) DEFERRABLE INITIALLY DEFERRED;


--
-- Name: App_LUMINOVA_componenteproducto App_LUMINOVA_compone_insumo_id_17581d19_fk_App_LUMIN; Type: FK CONSTRAINT; Schema: public; Owner: luminova_user
--

ALTER TABLE ONLY public."App_LUMINOVA_componenteproducto"
    ADD CONSTRAINT "App_LUMINOVA_compone_insumo_id_17581d19_fk_App_LUMIN" FOREIGN KEY (insumo_id) REFERENCES public."App_LUMINOVA_insumo"(id) DEFERRABLE INITIALLY DEFERRED;


--
-- Name: App_LUMINOVA_componenteproducto App_LUMINOVA_compone_producto_terminado_i_813edbd6_fk_App_LUMIN; Type: FK CONSTRAINT; Schema: public; Owner: luminova_user
--

ALTER TABLE ONLY public."App_LUMINOVA_componenteproducto"
    ADD CONSTRAINT "App_LUMINOVA_compone_producto_terminado_i_813edbd6_fk_App_LUMIN" FOREIGN KEY (producto_terminado_id) REFERENCES public."App_LUMINOVA_productoterminado"(id) DEFERRABLE INITIALLY DEFERRED;


--
-- Name: App_LUMINOVA_factura App_LUMINOVA_factura_orden_venta_id_ce3d9a3f_fk_App_LUMIN; Type: FK CONSTRAINT; Schema: public; Owner: luminova_user
--

ALTER TABLE ONLY public."App_LUMINOVA_factura"
    ADD CONSTRAINT "App_LUMINOVA_factura_orden_venta_id_ce3d9a3f_fk_App_LUMIN" FOREIGN KEY (orden_venta_id) REFERENCES public."App_LUMINOVA_ordenventa"(id) DEFERRABLE INITIALLY DEFERRED;


--
-- Name: App_LUMINOVA_historialov App_LUMINOVA_histori_orden_venta_id_de493e2e_fk_App_LUMIN; Type: FK CONSTRAINT; Schema: public; Owner: luminova_user
--

ALTER TABLE ONLY public."App_LUMINOVA_historialov"
    ADD CONSTRAINT "App_LUMINOVA_histori_orden_venta_id_de493e2e_fk_App_LUMIN" FOREIGN KEY (orden_venta_id) REFERENCES public."App_LUMINOVA_ordenventa"(id) DEFERRABLE INITIALLY DEFERRED;


--
-- Name: App_LUMINOVA_historialov App_LUMINOVA_histori_realizado_por_id_4b7d526b_fk_auth_user; Type: FK CONSTRAINT; Schema: public; Owner: luminova_user
--

ALTER TABLE ONLY public."App_LUMINOVA_historialov"
    ADD CONSTRAINT "App_LUMINOVA_histori_realizado_por_id_4b7d526b_fk_auth_user" FOREIGN KEY (realizado_por_id) REFERENCES public.auth_user(id) DEFERRABLE INITIALLY DEFERRED;


--
-- Name: App_LUMINOVA_insumo App_LUMINOVA_insumo_categoria_id_db58cca1_fk_App_LUMIN; Type: FK CONSTRAINT; Schema: public; Owner: luminova_user
--

ALTER TABLE ONLY public."App_LUMINOVA_insumo"
    ADD CONSTRAINT "App_LUMINOVA_insumo_categoria_id_db58cca1_fk_App_LUMIN" FOREIGN KEY (categoria_id) REFERENCES public."App_LUMINOVA_categoriainsumo"(id) DEFERRABLE INITIALLY DEFERRED;


--
-- Name: App_LUMINOVA_insumo App_LUMINOVA_insumo_deposito_id_fb008e77_fk_App_LUMIN; Type: FK CONSTRAINT; Schema: public; Owner: luminova_user
--

ALTER TABLE ONLY public."App_LUMINOVA_insumo"
    ADD CONSTRAINT "App_LUMINOVA_insumo_deposito_id_fb008e77_fk_App_LUMIN" FOREIGN KEY (deposito_id) REFERENCES public."App_LUMINOVA_deposito"(id) DEFERRABLE INITIALLY DEFERRED;


--
-- Name: App_LUMINOVA_insumo App_LUMINOVA_insumo_fabricante_id_cf1d02b0_fk_App_LUMIN; Type: FK CONSTRAINT; Schema: public; Owner: luminova_user
--

ALTER TABLE ONLY public."App_LUMINOVA_insumo"
    ADD CONSTRAINT "App_LUMINOVA_insumo_fabricante_id_cf1d02b0_fk_App_LUMIN" FOREIGN KEY (fabricante_id) REFERENCES public."App_LUMINOVA_fabricante"(id) DEFERRABLE INITIALLY DEFERRED;


--
-- Name: App_LUMINOVA_itemordenventa App_LUMINOVA_itemord_orden_venta_id_e54fad2e_fk_App_LUMIN; Type: FK CONSTRAINT; Schema: public; Owner: luminova_user
--

ALTER TABLE ONLY public."App_LUMINOVA_itemordenventa"
    ADD CONSTRAINT "App_LUMINOVA_itemord_orden_venta_id_e54fad2e_fk_App_LUMIN" FOREIGN KEY (orden_venta_id) REFERENCES public."App_LUMINOVA_ordenventa"(id) DEFERRABLE INITIALLY DEFERRED;


--
-- Name: App_LUMINOVA_itemordenventa App_LUMINOVA_itemord_producto_terminado_i_d4de7d9e_fk_App_LUMIN; Type: FK CONSTRAINT; Schema: public; Owner: luminova_user
--

ALTER TABLE ONLY public."App_LUMINOVA_itemordenventa"
    ADD CONSTRAINT "App_LUMINOVA_itemord_producto_terminado_i_d4de7d9e_fk_App_LUMIN" FOREIGN KEY (producto_terminado_id) REFERENCES public."App_LUMINOVA_productoterminado"(id) DEFERRABLE INITIALLY DEFERRED;


--
-- Name: App_LUMINOVA_loteproductoterminado App_LUMINOVA_lotepro_deposito_id_300d6f41_fk_App_LUMIN; Type: FK CONSTRAINT; Schema: public; Owner: luminova_user
--

ALTER TABLE ONLY public."App_LUMINOVA_loteproductoterminado"
    ADD CONSTRAINT "App_LUMINOVA_lotepro_deposito_id_300d6f41_fk_App_LUMIN" FOREIGN KEY (deposito_id) REFERENCES public."App_LUMINOVA_deposito"(id) DEFERRABLE INITIALLY DEFERRED;


--
-- Name: App_LUMINOVA_loteproductoterminado App_LUMINOVA_lotepro_op_asociada_id_c945755c_fk_App_LUMIN; Type: FK CONSTRAINT; Schema: public; Owner: luminova_user
--

ALTER TABLE ONLY public."App_LUMINOVA_loteproductoterminado"
    ADD CONSTRAINT "App_LUMINOVA_lotepro_op_asociada_id_c945755c_fk_App_LUMIN" FOREIGN KEY (op_asociada_id) REFERENCES public."App_LUMINOVA_ordenproduccion"(id) DEFERRABLE INITIALLY DEFERRED;


--
-- Name: App_LUMINOVA_loteproductoterminado App_LUMINOVA_lotepro_producto_id_935112ad_fk_App_LUMIN; Type: FK CONSTRAINT; Schema: public; Owner: luminova_user
--

ALTER TABLE ONLY public."App_LUMINOVA_loteproductoterminado"
    ADD CONSTRAINT "App_LUMINOVA_lotepro_producto_id_935112ad_fk_App_LUMIN" FOREIGN KEY (producto_id) REFERENCES public."App_LUMINOVA_productoterminado"(id) DEFERRABLE INITIALLY DEFERRED;


--
-- Name: App_LUMINOVA_movimientostock App_LUMINOVA_movimie_deposito_destino_id_ecc15c2c_fk_App_LUMIN; Type: FK CONSTRAINT; Schema: public; Owner: luminova_user
--

ALTER TABLE ONLY public."App_LUMINOVA_movimientostock"
    ADD CONSTRAINT "App_LUMINOVA_movimie_deposito_destino_id_ecc15c2c_fk_App_LUMIN" FOREIGN KEY (deposito_destino_id) REFERENCES public."App_LUMINOVA_deposito"(id) DEFERRABLE INITIALLY DEFERRED;


--
-- Name: App_LUMINOVA_movimientostock App_LUMINOVA_movimie_deposito_origen_id_6f036768_fk_App_LUMIN; Type: FK CONSTRAINT; Schema: public; Owner: luminova_user
--

ALTER TABLE ONLY public."App_LUMINOVA_movimientostock"
    ADD CONSTRAINT "App_LUMINOVA_movimie_deposito_origen_id_6f036768_fk_App_LUMIN" FOREIGN KEY (deposito_origen_id) REFERENCES public."App_LUMINOVA_deposito"(id) DEFERRABLE INITIALLY DEFERRED;


--
-- Name: App_LUMINOVA_movimientostock App_LUMINOVA_movimie_insumo_id_ac5712c5_fk_App_LUMIN; Type: FK CONSTRAINT; Schema: public; Owner: luminova_user
--

ALTER TABLE ONLY public."App_LUMINOVA_movimientostock"
    ADD CONSTRAINT "App_LUMINOVA_movimie_insumo_id_ac5712c5_fk_App_LUMIN" FOREIGN KEY (insumo_id) REFERENCES public."App_LUMINOVA_insumo"(id) DEFERRABLE INITIALLY DEFERRED;


--
-- Name: App_LUMINOVA_movimientostock App_LUMINOVA_movimie_producto_id_532348f8_fk_App_LUMIN; Type: FK CONSTRAINT; Schema: public; Owner: luminova_user
--

ALTER TABLE ONLY public."App_LUMINOVA_movimientostock"
    ADD CONSTRAINT "App_LUMINOVA_movimie_producto_id_532348f8_fk_App_LUMIN" FOREIGN KEY (producto_id) REFERENCES public."App_LUMINOVA_productoterminado"(id) DEFERRABLE INITIALLY DEFERRED;


--
-- Name: App_LUMINOVA_movimientostock App_LUMINOVA_movimie_usuario_id_e26c2727_fk_auth_user; Type: FK CONSTRAINT; Schema: public; Owner: luminova_user
--

ALTER TABLE ONLY public."App_LUMINOVA_movimientostock"
    ADD CONSTRAINT "App_LUMINOVA_movimie_usuario_id_e26c2727_fk_auth_user" FOREIGN KEY (usuario_id) REFERENCES public.auth_user(id) DEFERRABLE INITIALLY DEFERRED;


--
-- Name: App_LUMINOVA_notificacionsistema App_LUMINOVA_notific_remitente_id_9819e10a_fk_auth_user; Type: FK CONSTRAINT; Schema: public; Owner: luminova_user
--

ALTER TABLE ONLY public."App_LUMINOVA_notificacionsistema"
    ADD CONSTRAINT "App_LUMINOVA_notific_remitente_id_9819e10a_fk_auth_user" FOREIGN KEY (remitente_id) REFERENCES public.auth_user(id) DEFERRABLE INITIALLY DEFERRED;


--
-- Name: App_LUMINOVA_ofertaproveedor App_LUMINOVA_ofertap_insumo_id_dfc44c5b_fk_App_LUMIN; Type: FK CONSTRAINT; Schema: public; Owner: luminova_user
--

ALTER TABLE ONLY public."App_LUMINOVA_ofertaproveedor"
    ADD CONSTRAINT "App_LUMINOVA_ofertap_insumo_id_dfc44c5b_fk_App_LUMIN" FOREIGN KEY (insumo_id) REFERENCES public."App_LUMINOVA_insumo"(id) DEFERRABLE INITIALLY DEFERRED;


--
-- Name: App_LUMINOVA_ofertaproveedor App_LUMINOVA_ofertap_proveedor_id_132be67a_fk_App_LUMIN; Type: FK CONSTRAINT; Schema: public; Owner: luminova_user
--

ALTER TABLE ONLY public."App_LUMINOVA_ofertaproveedor"
    ADD CONSTRAINT "App_LUMINOVA_ofertap_proveedor_id_132be67a_fk_App_LUMIN" FOREIGN KEY (proveedor_id) REFERENCES public."App_LUMINOVA_proveedor"(id) DEFERRABLE INITIALLY DEFERRED;


--
-- Name: App_LUMINOVA_orden App_LUMINOVA_orden_deposito_id_65babaed_fk_App_LUMIN; Type: FK CONSTRAINT; Schema: public; Owner: luminova_user
--

ALTER TABLE ONLY public."App_LUMINOVA_orden"
    ADD CONSTRAINT "App_LUMINOVA_orden_deposito_id_65babaed_fk_App_LUMIN" FOREIGN KEY (deposito_id) REFERENCES public."App_LUMINOVA_deposito"(id) DEFERRABLE INITIALLY DEFERRED;


--
-- Name: App_LUMINOVA_orden App_LUMINOVA_orden_insumo_principal_id_4ca676ac_fk_App_LUMIN; Type: FK CONSTRAINT; Schema: public; Owner: luminova_user
--

ALTER TABLE ONLY public."App_LUMINOVA_orden"
    ADD CONSTRAINT "App_LUMINOVA_orden_insumo_principal_id_4ca676ac_fk_App_LUMIN" FOREIGN KEY (insumo_principal_id) REFERENCES public."App_LUMINOVA_insumo"(id) DEFERRABLE INITIALLY DEFERRED;


--
-- Name: App_LUMINOVA_orden App_LUMINOVA_orden_proveedor_id_8ed862a2_fk_App_LUMIN; Type: FK CONSTRAINT; Schema: public; Owner: luminova_user
--

ALTER TABLE ONLY public."App_LUMINOVA_orden"
    ADD CONSTRAINT "App_LUMINOVA_orden_proveedor_id_8ed862a2_fk_App_LUMIN" FOREIGN KEY (proveedor_id) REFERENCES public."App_LUMINOVA_proveedor"(id) DEFERRABLE INITIALLY DEFERRED;


--
-- Name: App_LUMINOVA_ordenproduccion App_LUMINOVA_ordenpr_estado_op_id_0092bde4_fk_App_LUMIN; Type: FK CONSTRAINT; Schema: public; Owner: luminova_user
--

ALTER TABLE ONLY public."App_LUMINOVA_ordenproduccion"
    ADD CONSTRAINT "App_LUMINOVA_ordenpr_estado_op_id_0092bde4_fk_App_LUMIN" FOREIGN KEY (estado_op_id) REFERENCES public."App_LUMINOVA_estadoorden"(id) DEFERRABLE INITIALLY DEFERRED;


--
-- Name: App_LUMINOVA_ordenproduccion App_LUMINOVA_ordenpr_orden_venta_origen_i_20ca32e2_fk_App_LUMIN; Type: FK CONSTRAINT; Schema: public; Owner: luminova_user
--

ALTER TABLE ONLY public."App_LUMINOVA_ordenproduccion"
    ADD CONSTRAINT "App_LUMINOVA_ordenpr_orden_venta_origen_i_20ca32e2_fk_App_LUMIN" FOREIGN KEY (orden_venta_origen_id) REFERENCES public."App_LUMINOVA_ordenventa"(id) DEFERRABLE INITIALLY DEFERRED;


--
-- Name: App_LUMINOVA_ordenproduccion App_LUMINOVA_ordenpr_producto_a_producir__90b69b1d_fk_App_LUMIN; Type: FK CONSTRAINT; Schema: public; Owner: luminova_user
--

ALTER TABLE ONLY public."App_LUMINOVA_ordenproduccion"
    ADD CONSTRAINT "App_LUMINOVA_ordenpr_producto_a_producir__90b69b1d_fk_App_LUMIN" FOREIGN KEY (producto_a_producir_id) REFERENCES public."App_LUMINOVA_productoterminado"(id) DEFERRABLE INITIALLY DEFERRED;


--
-- Name: App_LUMINOVA_ordenproduccion App_LUMINOVA_ordenpr_sector_asignado_op_i_6f11e85e_fk_App_LUMIN; Type: FK CONSTRAINT; Schema: public; Owner: luminova_user
--

ALTER TABLE ONLY public."App_LUMINOVA_ordenproduccion"
    ADD CONSTRAINT "App_LUMINOVA_ordenpr_sector_asignado_op_i_6f11e85e_fk_App_LUMIN" FOREIGN KEY (sector_asignado_op_id) REFERENCES public."App_LUMINOVA_sectorasignado"(id) DEFERRABLE INITIALLY DEFERRED;


--
-- Name: App_LUMINOVA_ordenventa App_LUMINOVA_ordenve_cliente_id_d87a0c98_fk_App_LUMIN; Type: FK CONSTRAINT; Schema: public; Owner: luminova_user
--

ALTER TABLE ONLY public."App_LUMINOVA_ordenventa"
    ADD CONSTRAINT "App_LUMINOVA_ordenve_cliente_id_d87a0c98_fk_App_LUMIN" FOREIGN KEY (cliente_id) REFERENCES public."App_LUMINOVA_cliente"(id) DEFERRABLE INITIALLY DEFERRED;


--
-- Name: App_LUMINOVA_passwordchangerequired App_LUMINOVA_passwor_user_id_444a37e6_fk_auth_user; Type: FK CONSTRAINT; Schema: public; Owner: luminova_user
--

ALTER TABLE ONLY public."App_LUMINOVA_passwordchangerequired"
    ADD CONSTRAINT "App_LUMINOVA_passwor_user_id_444a37e6_fk_auth_user" FOREIGN KEY (user_id) REFERENCES public.auth_user(id) DEFERRABLE INITIALLY DEFERRED;


--
-- Name: App_LUMINOVA_productoterminado App_LUMINOVA_product_categoria_id_015fba2d_fk_App_LUMIN; Type: FK CONSTRAINT; Schema: public; Owner: luminova_user
--

ALTER TABLE ONLY public."App_LUMINOVA_productoterminado"
    ADD CONSTRAINT "App_LUMINOVA_product_categoria_id_015fba2d_fk_App_LUMIN" FOREIGN KEY (categoria_id) REFERENCES public."App_LUMINOVA_categoriaproductoterminado"(id) DEFERRABLE INITIALLY DEFERRED;


--
-- Name: App_LUMINOVA_productoterminado App_LUMINOVA_product_deposito_id_85523549_fk_App_LUMIN; Type: FK CONSTRAINT; Schema: public; Owner: luminova_user
--

ALTER TABLE ONLY public."App_LUMINOVA_productoterminado"
    ADD CONSTRAINT "App_LUMINOVA_product_deposito_id_85523549_fk_App_LUMIN" FOREIGN KEY (deposito_id) REFERENCES public."App_LUMINOVA_deposito"(id) DEFERRABLE INITIALLY DEFERRED;


--
-- Name: App_LUMINOVA_reportes App_LUMINOVA_reporte_orden_produccion_aso_5d307867_fk_App_LUMIN; Type: FK CONSTRAINT; Schema: public; Owner: luminova_user
--

ALTER TABLE ONLY public."App_LUMINOVA_reportes"
    ADD CONSTRAINT "App_LUMINOVA_reporte_orden_produccion_aso_5d307867_fk_App_LUMIN" FOREIGN KEY (orden_produccion_asociada_id) REFERENCES public."App_LUMINOVA_ordenproduccion"(id) DEFERRABLE INITIALLY DEFERRED;


--
-- Name: App_LUMINOVA_reportes App_LUMINOVA_reporte_sector_reporta_id_ff171522_fk_App_LUMIN; Type: FK CONSTRAINT; Schema: public; Owner: luminova_user
--

ALTER TABLE ONLY public."App_LUMINOVA_reportes"
    ADD CONSTRAINT "App_LUMINOVA_reporte_sector_reporta_id_ff171522_fk_App_LUMIN" FOREIGN KEY (sector_reporta_id) REFERENCES public."App_LUMINOVA_sectorasignado"(id) DEFERRABLE INITIALLY DEFERRED;


--
-- Name: App_LUMINOVA_reportes App_LUMINOVA_reportes_reportado_por_id_fea85f5e_fk_auth_user_id; Type: FK CONSTRAINT; Schema: public; Owner: luminova_user
--

ALTER TABLE ONLY public."App_LUMINOVA_reportes"
    ADD CONSTRAINT "App_LUMINOVA_reportes_reportado_por_id_fea85f5e_fk_auth_user_id" FOREIGN KEY (reportado_por_id) REFERENCES public.auth_user(id) DEFERRABLE INITIALLY DEFERRED;


--
-- Name: App_LUMINOVA_roldescripcion App_LUMINOVA_roldescripcion_group_id_e8e00ae2_fk_auth_group_id; Type: FK CONSTRAINT; Schema: public; Owner: luminova_user
--

ALTER TABLE ONLY public."App_LUMINOVA_roldescripcion"
    ADD CONSTRAINT "App_LUMINOVA_roldescripcion_group_id_e8e00ae2_fk_auth_group_id" FOREIGN KEY (group_id) REFERENCES public.auth_group(id) DEFERRABLE INITIALLY DEFERRED;


--
-- Name: App_LUMINOVA_stockinsumo App_LUMINOVA_stockin_deposito_id_3ab90320_fk_App_LUMIN; Type: FK CONSTRAINT; Schema: public; Owner: luminova_user
--

ALTER TABLE ONLY public."App_LUMINOVA_stockinsumo"
    ADD CONSTRAINT "App_LUMINOVA_stockin_deposito_id_3ab90320_fk_App_LUMIN" FOREIGN KEY (deposito_id) REFERENCES public."App_LUMINOVA_deposito"(id) DEFERRABLE INITIALLY DEFERRED;


--
-- Name: App_LUMINOVA_stockinsumo App_LUMINOVA_stockin_insumo_id_7460dcfb_fk_App_LUMIN; Type: FK CONSTRAINT; Schema: public; Owner: luminova_user
--

ALTER TABLE ONLY public."App_LUMINOVA_stockinsumo"
    ADD CONSTRAINT "App_LUMINOVA_stockin_insumo_id_7460dcfb_fk_App_LUMIN" FOREIGN KEY (insumo_id) REFERENCES public."App_LUMINOVA_insumo"(id) DEFERRABLE INITIALLY DEFERRED;


--
-- Name: App_LUMINOVA_stockproductoterminado App_LUMINOVA_stockpr_deposito_id_1ba70bbb_fk_App_LUMIN; Type: FK CONSTRAINT; Schema: public; Owner: luminova_user
--

ALTER TABLE ONLY public."App_LUMINOVA_stockproductoterminado"
    ADD CONSTRAINT "App_LUMINOVA_stockpr_deposito_id_1ba70bbb_fk_App_LUMIN" FOREIGN KEY (deposito_id) REFERENCES public."App_LUMINOVA_deposito"(id) DEFERRABLE INITIALLY DEFERRED;


--
-- Name: App_LUMINOVA_stockproductoterminado App_LUMINOVA_stockpr_producto_id_d995fd51_fk_App_LUMIN; Type: FK CONSTRAINT; Schema: public; Owner: luminova_user
--

ALTER TABLE ONLY public."App_LUMINOVA_stockproductoterminado"
    ADD CONSTRAINT "App_LUMINOVA_stockpr_producto_id_d995fd51_fk_App_LUMIN" FOREIGN KEY (producto_id) REFERENCES public."App_LUMINOVA_productoterminado"(id) DEFERRABLE INITIALLY DEFERRED;


--
-- Name: App_LUMINOVA_usuariodeposito App_LUMINOVA_usuario_deposito_id_8dc5736e_fk_App_LUMIN; Type: FK CONSTRAINT; Schema: public; Owner: luminova_user
--

ALTER TABLE ONLY public."App_LUMINOVA_usuariodeposito"
    ADD CONSTRAINT "App_LUMINOVA_usuario_deposito_id_8dc5736e_fk_App_LUMIN" FOREIGN KEY (deposito_id) REFERENCES public."App_LUMINOVA_deposito"(id) DEFERRABLE INITIALLY DEFERRED;


--
-- Name: App_LUMINOVA_usuariodeposito App_LUMINOVA_usuario_usuario_id_0376beed_fk_auth_user; Type: FK CONSTRAINT; Schema: public; Owner: luminova_user
--

ALTER TABLE ONLY public."App_LUMINOVA_usuariodeposito"
    ADD CONSTRAINT "App_LUMINOVA_usuario_usuario_id_0376beed_fk_auth_user" FOREIGN KEY (usuario_id) REFERENCES public.auth_user(id) DEFERRABLE INITIALLY DEFERRED;


--
-- Name: auth_group_permissions auth_group_permissio_permission_id_84c5c92e_fk_auth_perm; Type: FK CONSTRAINT; Schema: public; Owner: luminova_user
--

ALTER TABLE ONLY public.auth_group_permissions
    ADD CONSTRAINT auth_group_permissio_permission_id_84c5c92e_fk_auth_perm FOREIGN KEY (permission_id) REFERENCES public.auth_permission(id) DEFERRABLE INITIALLY DEFERRED;


--
-- Name: auth_group_permissions auth_group_permissions_group_id_b120cbf9_fk_auth_group_id; Type: FK CONSTRAINT; Schema: public; Owner: luminova_user
--

ALTER TABLE ONLY public.auth_group_permissions
    ADD CONSTRAINT auth_group_permissions_group_id_b120cbf9_fk_auth_group_id FOREIGN KEY (group_id) REFERENCES public.auth_group(id) DEFERRABLE INITIALLY DEFERRED;


--
-- Name: auth_permission auth_permission_content_type_id_2f476e4b_fk_django_co; Type: FK CONSTRAINT; Schema: public; Owner: luminova_user
--

ALTER TABLE ONLY public.auth_permission
    ADD CONSTRAINT auth_permission_content_type_id_2f476e4b_fk_django_co FOREIGN KEY (content_type_id) REFERENCES public.django_content_type(id) DEFERRABLE INITIALLY DEFERRED;


--
-- Name: auth_user_groups auth_user_groups_group_id_97559544_fk_auth_group_id; Type: FK CONSTRAINT; Schema: public; Owner: luminova_user
--

ALTER TABLE ONLY public.auth_user_groups
    ADD CONSTRAINT auth_user_groups_group_id_97559544_fk_auth_group_id FOREIGN KEY (group_id) REFERENCES public.auth_group(id) DEFERRABLE INITIALLY DEFERRED;


--
-- Name: auth_user_groups auth_user_groups_user_id_6a12ed8b_fk_auth_user_id; Type: FK CONSTRAINT; Schema: public; Owner: luminova_user
--

ALTER TABLE ONLY public.auth_user_groups
    ADD CONSTRAINT auth_user_groups_user_id_6a12ed8b_fk_auth_user_id FOREIGN KEY (user_id) REFERENCES public.auth_user(id) DEFERRABLE INITIALLY DEFERRED;


--
-- Name: auth_user_user_permissions auth_user_user_permi_permission_id_1fbb5f2c_fk_auth_perm; Type: FK CONSTRAINT; Schema: public; Owner: luminova_user
--

ALTER TABLE ONLY public.auth_user_user_permissions
    ADD CONSTRAINT auth_user_user_permi_permission_id_1fbb5f2c_fk_auth_perm FOREIGN KEY (permission_id) REFERENCES public.auth_permission(id) DEFERRABLE INITIALLY DEFERRED;


--
-- Name: auth_user_user_permissions auth_user_user_permissions_user_id_a95ead1b_fk_auth_user_id; Type: FK CONSTRAINT; Schema: public; Owner: luminova_user
--

ALTER TABLE ONLY public.auth_user_user_permissions
    ADD CONSTRAINT auth_user_user_permissions_user_id_a95ead1b_fk_auth_user_id FOREIGN KEY (user_id) REFERENCES public.auth_user(id) DEFERRABLE INITIALLY DEFERRED;


--
-- Name: django_admin_log django_admin_log_content_type_id_c4bce8eb_fk_django_co; Type: FK CONSTRAINT; Schema: public; Owner: luminova_user
--

ALTER TABLE ONLY public.django_admin_log
    ADD CONSTRAINT django_admin_log_content_type_id_c4bce8eb_fk_django_co FOREIGN KEY (content_type_id) REFERENCES public.django_content_type(id) DEFERRABLE INITIALLY DEFERRED;


--
-- Name: django_admin_log django_admin_log_user_id_c564eba6_fk_auth_user_id; Type: FK CONSTRAINT; Schema: public; Owner: luminova_user
--

ALTER TABLE ONLY public.django_admin_log
    ADD CONSTRAINT django_admin_log_user_id_c564eba6_fk_auth_user_id FOREIGN KEY (user_id) REFERENCES public.auth_user(id) DEFERRABLE INITIALLY DEFERRED;


--
-- PostgreSQL database dump complete
--

\unrestrict WqhreswEKJHz6gOHG6DVvMJP7pBuvzZJEnuN55IApG8YTkAHE1Qv3CllXDCUZX0

